0.245,54352.0,0.09049165602895541,0.245,54352.0,0.25,50618.0,0.09073697288248193,0.25,50618.0,0.0050000000000000044,3.439999999999997
0.258,54351.0,0.09049165602895541,,,0.264,50626.0,0.09073697288248193,,,,
0.269,54368.0,0.09049165602895541,,,0.275,50630.0,0.09073697288248193,,,,
0.28,54243.0,0.09049165602895541,,,0.286,50628.0,0.09073697288248193,,,,
0.292,54459.0,0.09049165602895541,,,0.299,50594.0,0.09073697288248193,,,,
0.306,54350.0,0.09049165602895541,,,0.31,50654.0,0.09073697288248193,,,,
0.315,54351.0,0.09049165602895541,,,0.321,50607.0,0.09073697288248193,,,,
0.325,54362.0,0.09049165602895541,,,0.33,50642.0,0.09073697288248193,,,,
0.335,54351.0,0.09049165602895541,,,0.339,50626.0,0.09073697288248193,,,,
0.346,54084.0,0.09049165602895541,,,0.351,50931.0,0.09073697288248193,,,,
0.355,54706.0,0.09049165602895541,,,0.361,50411.0,0.09073697288248193,,,,
0.366,54343.0,0.09049523440901253,,,0.37,50629.0,0.09074413862829105,,,,
0.375,54355.0,0.09049773095323842,,,0.381,50664.0,0.09075273752326198,,,,
0.386,54391.0,0.09050022749746431,,,0.391,50652.0,0.09075766397350574,,,,
0.396,54381.0,0.0905128766548755,,,0.403,50677.0,0.09076438186020179,,,,
0.409,54402.0,0.09050896540225493,,,0.416,50762.0,0.09077736977448081,,,,
0.421,54384.0,0.09051362561814326,,,0.429,50624.0,0.09078381894570901,,,,
0.434,54386.0,0.09051745365262297,,,0.441,50681.0,0.09079680685998803,,,,
0.447,54401.0,0.09052153134152525,,,0.452,50697.0,0.09080701804776602,,,,
0.458,54383.0,0.09052743982952653,,,0.463,50655.0,0.09081848324106061,,,,
0.47,54395.0,0.0905552346885748,,,0.476,50698.0,0.09080388303397453,,,,
0.482,54381.0,0.09053218326355573,,,0.489,50722.0,0.09083666632105124,,,,
0.494,54398.0,0.09053800853341615,,,0.5,50685.0,0.090849475091685,,,,
0.507,54395.0,0.09054433311212175,,,0.513,50703.0,0.09085923842034993,,,,
0.52,54412.0,0.09054774505589713,,,0.526,50739.0,0.09087177847551589,,,,
0.532,54406.0,0.09055182274479943,,,0.538,50726.0,0.0908809148014225,,,,
0.545,54397.0,0.09054591425679814,,,0.55,50752.0,0.09088521424890797,,,,
0.558,54411.0,0.09055498503415221,,,0.564,50756.0,0.0908976647322513,,,,
0.569,54422.0,0.09055631652440603,,,0.576,50754.0,0.09090653234269008,,,,
0.582,54418.0,0.09055739836023725,,,0.588,50768.0,0.09091620609953238,,,,
0.594,54429.0,0.09056022777702659,,,0.602,50777.0,0.09093152288119936,,,,
0.607,54413.0,0.09054225265860018,,,0.613,50772.0,0.09094146535350951,,,,
0.618,54431.0,0.09055798088722329,,,0.623,50773.0,0.09097478607152189,,,,
0.63,54432.0,0.09056663557387305,,,0.636,50792.0,0.0909600962926132,,,,
0.644,54430.0,0.09056805028226773,,,0.649,50779.0,0.09096744118206755,,,,
0.656,54331.0,0.0905653873017601,,,0.66,50810.0,0.09097120319861733,,,,
0.666,54493.0,0.09056447190221062,,,0.671,50763.0,0.0909761296488611,,,,
0.678,54402.0,0.09056555373804184,,,0.684,50780.0,0.09097720451073246,,,,
0.691,54414.0,0.09056630270130961,,,0.695,50805.0,0.09098463897200942,,,,
0.701,54417.0,0.09056505442919666,,,0.706,50826.0,0.09098105609910487,,,,
0.71,54179.0,0.09056289075753421,,,0.715,50809.0,0.0909825788200893,,,,
0.721,54570.0,0.09056139283099869,,,0.726,51094.0,0.0909825788200893,,,,
0.731,54502.0,0.09056139283099869,,,0.737,50521.0,0.09098275796373453,,,,
0.741,54412.0,0.09055872985049106,,,0.746,50785.0,0.09098365368196067,,,,
0.751,54380.0,0.09055556756113826,,,0.755,50781.0,0.09098105609910487,,,,
0.761,54395.0,0.09055298779877151,,,0.766,50781.0,0.09097962294994304,,,,
0.771,54410.0,0.09055922915933624,,,0.776,50764.0,0.09097693579526463,,,,
0.782,54420.0,0.09055049125454562,,,0.789,50839.0,0.09097595050521588,,,,
0.794,54407.0,0.09055024160012302,,,0.801,50714.0,0.09097550264610281,,,,
0.806,54392.0,0.09054932620057353,,,0.814,50785.0,0.09097183020137563,,,,
0.82,54411.0,0.09054841080102403,,,0.827,50777.0,0.090967799469358,,,,
0.832,54413.0,0.09056963142694413,,,0.838,50774.0,0.09096475402738914,,,,
0.845,54399.0,0.09055714870581466,,,0.85,50783.0,0.09093618061597529,,,,
0.858,54394.0,0.09054882689172836,,,0.863,50763.0,0.09095902143074183,,,,
0.869,54399.0,0.0905469128744885,,,0.873,50763.0,0.09095830485616092,,,,
0.88,54406.0,0.09054841080102403,,,0.885,50780.0,0.0909567821351765,,,,
0.892,54388.0,0.0905469128744885,,,0.899,50752.0,0.0909561551324182,,,,
0.905,54399.0,0.0905453317298121,,,0.911,50775.0,0.09095606556059557,,,,
0.918,54403.0,0.0905376756608527,,,0.923,50764.0,0.0909490789584317,,,,
0.93,54406.0,0.09054449954840348,,,0.936,50781.0,0.0909541845523207,,,,
0.943,54434.0,0.0905469128744885,,,0.949,50775.0,0.09095373669320762,,,,
0.956,54420.0,0.09054674643820677,,,0.961,50775.0,0.0909567821351765,,,,
0.967,54402.0,0.09054674643820677,,,0.974,50776.0,0.09095893185891923,,,,
0.979,54389.0,0.09053318188124608,,,0.987,50777.0,0.09096251473182379,,,,
0.993,54398.0,0.0905534871076167,,,0.998,50764.0,0.09098723655486522,,,,
1.004,54377.0,0.0905574815783781,,,1.009,50774.0,0.09096018586443583,,,,
1.016,54391.0,0.09055473537972963,,,1.021,50763.0,0.0909600962926132,,,,
1.028,54328.0,0.0905552346885748,,,1.034,50761.0,0.09096090243901674,,,,
1.039,54489.0,0.09055448572530704,,,1.044,50771.0,0.0909600962926132,,,,
1.051,54421.0,0.09055373676203927,,,1.055,50780.0,0.09096959090581028,,,,
1.061,54409.0,0.09055315423505324,,,1.067,50811.0,0.09095929014620968,,,,
1.074,54413.0,0.09055082412710906,,,1.078,50798.0,0.0909574987097574,,,,
1.084,54236.0,0.09055024160012302,,,1.089,50823.0,0.09095776742522525,,,,
1.096,54638.0,0.09054899332801007,,,1.1,51039.0,0.09095588641695035,,,,
1.106,54447.0,0.0905494094187144,,,1.112,50461.0,0.0909549011269016,,,,
1.116,54373.0,0.09054932620057353,,,1.122,50779.0,0.09095570727330513,,,,
1.127,54394.0,0.09055198918108115,,,1.134,50761.0,0.09095445326778853,,,,
1.138,54390.0,0.09055115699967252,,,1.144,50766.0,0.0909535575495624,,,,
1.149,54394.0,0.09055764801465985,,,1.157,50870.0,0.09095463241143376,,,,
1.163,54399.0,0.09054957585499611,,,1.169,50666.0,0.09095373669320762,,,,
1.174,54406.0,0.09054707931077022,,,1.179,50755.0,0.0909549011269016,,,,
1.185,54413.0,0.0905475786196154,,,1.191,50778.0,0.09095302011862672,,,,
1.198,54387.0,0.09054749540147454,,,1.204,50755.0,0.09095176611311012,,,,
1.209,54394.0,0.0905615592672804,,,1.213,50766.0,0.09094773538109249,,,,
1.22,54397.0,0.09054275196744534,,,1.226,50773.0,0.09092480499450332,,,,
1.232,54409.0,0.09054025542321945,,,1.239,50760.0,0.0909542741241433,,,,
1.245,54381.0,0.09054474920282607,,,1.249,50753.0,0.09095463241143376,,,,
1.255,54406.0,0.09054674643820677,,,1.261,50773.0,0.09095588641695035,,,,
1.268,54392.0,0.090547828274038,,,1.274,50761.0,0.09095705085064433,,,,
1.28,54391.0,0.09054816114660144,,,1.287,50793.0,0.09094881024296386,,,,
1.293,54415.0,0.09054158691347326,,,1.299,50790.0,0.0909568717069991,,,,
1.305,54412.0,0.09054474920282607,,,1.311,50784.0,0.09095911100256446,,,,
1.315,54405.0,0.0905453317298121,,,1.321,50778.0,0.09095714042246696,,,,
1.328,54412.0,0.09054491563910778,,,1.334,50783.0,0.09095508027054683,,,,
1.338,54417.0,0.09054449954840348,,,1.344,50790.0,0.09095239311586842,,,,
1.35,54427.0,0.0905358448617537,,,1.356,50783.0,0.09094818324020557,,,,
1.36,54418.0,0.0905236950131877,,,1.367,50775.0,0.0909696804776329,,,,
1.373,54403.0,0.09052952028304811,,,1.379,50779.0,0.09094209235626781,,,,
1.384,54398.0,0.0905281887927943,,,1.389,50778.0,0.09093680761873359,,,,
1.396,54320.0,0.09052585868485014,,,1.401,50756.0,0.09093412046405516,,,,
1.406,54444.0,0.09052560903042756,,,1.412,50780.0,0.09092614857184253,,,,
1.419,54420.0,0.09052302926806079,,,1.425,50756.0,0.09092113254977614,,,,
1.432,54382.0,0.0905196173242854,,,1.436,50732.0,0.09091280237027306,,,,
1.441,54389.0,0.09051878514287677,,,1.447,50736.0,0.09090223289520462,,,,
1.455,54293.0,0.0905157892898057,,,1.459,50726.0,0.09089390271570152,,,,
1.464,54263.0,0.09051312630929809,,,1.47,51000.0,0.09088503510526275,,,,
1.477,54451.0,0.09050863252969148,,,1.481,50445.0,0.0908757196357109,,,,
1.486,54390.0,0.09050555345847953,,,1.491,50714.0,0.09086980789541838,,,,
1.497,54364.0,0.09050363944123968,,,1.502,50731.0,0.09086317958054495,,,,
1.506,54388.0,0.09050280725983105,,,1.512,50704.0,0.09085305796458956,,,,
1.517,54384.0,0.09050796678456456,,,1.524,50734.0,0.0908467879370066,,,,
1.53,54371.0,0.09050130933329552,,,1.538,50691.0,0.09092113254977614,,,,
1.542,54395.0,0.0905196173242854,,,1.547,50660.0,0.09092113254977614,,,,
1.553,54376.0,0.0905196173242854,,,1.56,50690.0,0.09092113254977614,,,,
1.565,54385.0,0.0905196173242854,,,1.571,50691.0,0.09092113254977614,,,,
1.576,54373.0,0.0905196173242854,,,1.583,50679.0,0.09092113254977614,,,,
1.588,54381.0,0.0905196173242854,,,1.594,50709.0,0.09092113254977614,,,,
1.601,54380.0,0.0905196173242854,,,1.606,50705.0,0.09092113254977614,,,,
1.612,54388.0,0.0905196173242854,,,1.616,50665.0,0.09092113254977614,,,,
1.624,54382.0,0.0905196173242854,,,1.629,50686.0,0.09092113254977614,,,,
1.636,54364.0,0.0905196173242854,,,1.642,50679.0,0.09092113254977614,,,,
1.647,54373.0,0.0905196173242854,,,,,,,,,
0.245,52778.0,0.09051911921435658,0.245,52778.0,0.25,47997.0,0.09090543937883601,0.25,47997.0,0.008000000000000007,2.149999999999998
0.258,52804.0,0.09051911921435658,0.258,52804.0,0.264,47997.0,0.09090543937883601,0.264,47997.0,,
0.269,52792.0,0.09051911921435658,,,0.275,47981.0,0.09090543937883601,,,,
0.28,52757.0,0.09051911921435658,,,0.285,48011.0,0.09090543937883601,,,,
0.292,52847.0,0.09051911921435658,,,0.299,48035.0,0.09090543937883601,,,,
0.306,52808.0,0.09051911921435658,,,0.311,47950.0,0.09090543937883601,,,,
0.318,52788.0,0.09051911921435658,,,0.322,47994.0,0.09090543937883601,,,,
0.328,52785.0,0.09051911921435658,,,0.333,47965.0,0.09090543937883601,,,,
0.337,52618.0,0.09051911921435658,,,0.343,48023.0,0.09090543937883601,,,,
0.349,53014.0,0.09051911921435658,,,0.353,48205.0,0.09090543937883601,,,,
0.358,52835.0,0.09051911921435658,,,0.363,47797.0,0.09090543937883601,,,,
0.367,52819.0,0.0905249471257147,,,0.373,47990.0,0.09090591281113132,,,,
0.378,52774.0,0.09052991799128486,,,0.382,47995.0,0.09090903746428038,,,,
0.388,52820.0,0.09053317476527911,,,0.394,48008.0,0.09091424521952879,,,,
0.398,52799.0,0.09054063106363436,,,0.403,48049.0,0.0909159495757919,,,,
0.409,52822.0,0.09053985972242519,,,0.415,47979.0,0.09090865871844411,,,,
0.421,52817.0,0.09054328790557703,,,0.429,48012.0,0.09091576020287377,,,,
0.434,52824.0,0.0905481730665684,,,0.441,48006.0,0.09092125201749938,,,,
0.447,52830.0,0.09055288681840218,,,0.453,48050.0,0.09092664914566592,,,,
0.459,52845.0,0.09057174182573728,,,0.465,48024.0,0.09092541822169811,,,,
0.472,52846.0,0.09055768627481475,,,0.478,48002.0,0.09090875340490319,,,,
0.485,52862.0,0.09055742916107835,,,0.49,48030.0,0.09092788006963373,,,,
0.496,52830.0,0.09055820050228752,,,0.5,48036.0,0.09092863756130623,,,,
0.506,52844.0,0.09056214291291213,,,0.513,48029.0,0.09092930036651967,,,,
0.52,52838.0,0.09056171439001816,,,0.525,47958.0,0.09092778538317466,,,,
0.532,52848.0,0.09055820050228752,,,0.538,48025.0,0.09092286168730343,,,,
0.545,52845.0,0.09056137157170296,,,0.55,48052.0,0.09092210419563093,,,,
0.558,52840.0,0.09056214291291213,,,0.563,48022.0,0.09092144139041751,,,,
0.57,52838.0,0.09055982888928464,,,0.576,48010.0,0.09092144139041751,,,,
0.583,52850.0,0.0905565721152904,,,0.588,48029.0,0.09091149931221598,,,,
0.594,52832.0,0.09053754569879771,,,0.602,47999.0,0.09090761716739444,,,,
0.607,52828.0,0.09054268797352547,,,0.614,47998.0,0.09092892162068342,,,,
0.619,52820.0,0.09054260226894666,,,0.625,48002.0,0.09090600749759038,,,,
0.63,52815.0,0.09053917408579483,,,0.636,47992.0,0.09090013693712853,,,,
0.644,52758.0,0.0905333461744367,,,0.649,47997.0,0.09089502386833918,,,,
0.656,52859.0,0.09052751826307857,,,0.66,47971.0,0.09089767508919293,,,,
0.665,52826.0,0.09052151894256286,,,0.671,48005.0,0.09089464512250292,,,,
0.678,52797.0,0.09051594814494113,,,0.684,48006.0,0.09089227796102638,,,,
0.691,52792.0,0.09051012023358301,,,0.697,47945.0,0.09088290400157922,,,,
0.703,52623.0,0.0905060921183796,,,0.708,47983.0,0.09087816967862612,,,,
0.713,52906.0,0.09049880722918194,,,0.718,48227.0,0.09087192037232802,,,,
0.722,52861.0,0.09049229368119346,,,0.729,47788.0,0.09086889040563803,,,,
0.734,52790.0,0.09048749422478089,,,0.738,47974.0,0.0908654816931118,,,,
0.743,52776.0,0.09048432315536543,,,0.749,47975.0,0.09086178892120837,,,,
0.753,52770.0,0.09048020933558323,,,0.758,47986.0,0.09085828552222308,,,,
0.763,52778.0,0.09048226624547434,,,0.769,47993.0,0.09085705459825527,,,,
0.774,52780.0,0.09047626692495862,,,0.779,48027.0,0.09085856958160027,,,,
0.785,52772.0,0.09047206740059761,,,0.791,47923.0,0.09085714928471433,,,,
0.796,52791.0,0.09047112465023087,,,0.801,47960.0,0.09085591836074652,,,,
0.806,52765.0,0.0904706104227581,,,0.814,47963.0,0.09085951644619089,,,,
0.82,52756.0,0.0904829518821047,,,0.826,47967.0,0.09085932707327277,,,,
0.832,52772.0,0.09047172458228245,,,0.839,47962.0,0.09083603420434348,,,,
0.844,52783.0,0.09046555385260914,,,0.85,47963.0,0.09085383525864717,,,,
0.858,52767.0,0.0904640968747696,,,0.863,47955.0,0.09085421400448342,,,,
0.87,52782.0,0.09046512532971517,,,0.876,47984.0,0.09085288839405654,,,,
0.882,52789.0,0.09046675371671227,,,0.888,47987.0,0.09085137341071155,,,,
0.896,52777.0,0.09046649660297588,,,0.901,47990.0,0.0908509946648753,,,,
0.907,52786.0,0.0904642682839272,,,0.914,47993.0,0.09084540816379064,,,,
0.919,52786.0,0.09046941055865496,,,0.926,47983.0,0.09084824875756249,,,,
0.932,52767.0,0.09046975337697014,,,0.939,47981.0,0.09085033185966188,,,,
0.945,52775.0,0.0904725816280704,,,0.952,47981.0,0.09084966905444843,,,,
0.957,52789.0,0.09047429571964632,,,0.963,47976.0,0.09085165747008873,,,,
0.967,52773.0,0.09045724050846593,,,0.974,47978.0,0.09086889040563803,,,,
0.98,52788.0,0.09047986651726805,,,0.987,47961.0,0.09086784885458836,,,,
0.994,52789.0,0.0904810663813712,,,0.999,47970.0,0.09086169423474932,,,,
1.005,52775.0,0.09048415174620784,,,1.01,47989.0,0.09086576575248899,,,,
1.016,52754.0,0.09048269476836832,,,1.021,47968.0,0.09086832228688367,,,,
1.029,52832.0,0.09048338040499868,,,1.033,47953.0,0.09087050007544209,,,,
1.039,52795.0,0.09048535161031099,,,1.044,47982.0,0.09087504502547707,,,,
1.051,52798.0,0.09048672288357172,,,1.055,47956.0,0.09087040538898304,,,,
1.061,52776.0,0.0904910938170903,,,1.067,47988.0,0.09087409816088646,,,,
1.074,52573.0,0.09049503622771493,,,1.078,48144.0,0.09087712812757644,,,,
1.084,53047.0,0.09049743595592122,,,1.089,47952.0,0.09088129433177518,,,,
1.093,52781.0,0.09050034991160028,,,1.099,47890.0,0.09088441898492423,,,,
1.104,52818.0,0.09050317816270054,,,1.112,48027.0,0.09089085766414044,,,,
1.116,52772.0,0.0905062635275372,,,1.122,48014.0,0.09089502386833918,,,,
1.127,52785.0,0.09051166291600134,,,1.134,48013.0,0.09089833789440635,,,,
1.14,52809.0,0.09051911921435658,,,1.146,48041.0,0.09090288284444134,,,,
1.152,52802.0,0.09052143323798408,,,1.157,47934.0,0.09090951089657569,,,,
1.162,52818.0,0.09052409007992673,,,1.169,48020.0,0.09091500271120127,,,,
1.175,52821.0,0.09052871812718173,,,1.181,48013.0,0.09091907422894095,,,,
1.186,52817.0,0.09053214631033356,,,1.19,48020.0,0.09092380855189405,,,,
1.198,52807.0,0.090556315001554,,,1.204,48011.0,0.09091405584661065,,,,
1.21,52821.0,0.09053985972242519,,,1.216,48029.0,0.09091765393205502,,,,
1.222,52825.0,0.09054654467957128,,,1.226,48014.0,0.09093176221445529,,,,
1.232,52838.0,0.09054851588488358,,,1.239,48024.0,0.09093375063009558,,,,
1.246,52841.0,0.09055640070613281,,,1.251,48016.0,0.09093517092698152,,,,
1.257,52859.0,0.0905626571403849,,,1.264,48023.0,0.09093706465616275,,,,
1.269,52826.0,0.09056514257316998,,,1.276,48040.0,0.09093554967281776,,,,
1.283,52852.0,0.0905734559173132,,,1.289,47999.0,0.09094501831872398,,,,
1.293,52816.0,0.0905796266469865,,,1.299,48038.0,0.09094473425934678,,,,
1.305,52855.0,0.0905838261713475,,,1.312,48041.0,0.0909471961072824,,,,
1.317,52855.0,0.09058931126439043,,,1.324,47990.0,0.09094927920938177,,,,
1.328,52859.0,0.09059479635743337,,,1.335,48039.0,0.09095335072712143,,,,
1.34,52841.0,0.09057979805614409,,,1.346,48048.0,0.09096783775535794,,,,
1.35,52864.0,0.09060310970157659,,,1.357,48029.0,0.09095903191466516,,,,
1.362,52858.0,0.09060585224809806,,,1.369,48033.0,0.09095609663443424,,,,
1.374,52838.0,0.09060550942978286,,,1.38,48025.0,0.09095675943964768,,,,
1.387,52899.0,0.09060456667941612,,,1.391,48034.0,0.0909601681521739,,,,
1.396,52890.0,0.09060730922593759,,,1.402,48017.0,0.0909581797365336,,,,
1.41,52870.0,0.0906049094977313,,,1.414,48039.0,0.09096745900952169,,,,
1.419,52881.0,0.09060653788472842,,,1.425,48042.0,0.09095884254174703,,,,
1.432,52871.0,0.09060225265578863,,,1.436,48054.0,0.0909554338292208,,,,
1.441,52646.0,0.09059916729095197,,,1.447,48182.0,0.09095799036361549,,,,
1.452,53097.0,0.09059479635743337,,,1.457,47921.0,0.09095486571046643,,,,
1.461,52870.0,0.09059385360706662,,,1.467,47993.0,0.09094937389584082,,,,
1.472,52837.0,0.09058871133233887,,,1.476,48023.0,0.09094710142082334,,,,
1.481,52848.0,0.09058476892171426,,,1.487,48059.0,0.0909464386156099,,,,
1.491,52858.0,0.0905818549660352,,,1.497,48019.0,0.09094435551351053,,,,
1.503,52824.0,0.09057251316694644,,,1.51,48097.0,0.09094056805514805,,,,
1.514,52835.0,0.0905629999587001,,,1.519,47947.0,0.09093933713118024,,,,
1.525,52805.0,0.09055588647866003,,,1.532,48005.0,0.09095884254174703,,,,
1.538,52819.0,0.09060225265578863,,,1.545,48017.0,0.09095884254174703,,,,
1.549,52808.0,0.09060225265578863,,,1.555,48006.0,0.09095884254174703,,,,
1.56,52830.0,0.09060225265578863,,,1.567,47990.0,0.09095884254174703,,,,
1.573,52804.0,0.09060225265578863,,,1.579,48005.0,0.09095884254174703,,,,
1.585,52812.0,0.09060225265578863,,,1.589,48026.0,0.09095884254174703,,,,
1.596,52804.0,0.09060225265578863,,,1.601,48003.0,0.09095884254174703,,,,
1.608,52790.0,0.09060225265578863,,,1.614,47994.0,0.09095884254174703,,,,
1.619,52779.0,0.09060225265578863,,,1.624,48004.0,0.09095884254174703,,,,
1.631,52787.0,0.09060225265578863,,,1.637,47996.0,0.09095884254174703,,,,
1.644,52789.0,0.09060225265578863,,,,,,,,,
0.245,48852.0,0.09073800352928686,0.245,48852.0,0.25,50405.0,0.09060129908899955,0.25,50405.0,0.008000000000000007,2.149999999999998
0.258,48860.0,0.09073800352928686,0.258,48860.0,0.264,50393.0,0.09060129908899955,0.264,50393.0,,
0.269,48844.0,0.09073800352928686,,,0.275,50374.0,0.09060129908899955,,,,
0.28,48805.0,0.09073800352928686,,,0.285,50376.0,0.09060129908899955,,,,
0.292,48917.0,0.09073800352928686,,,0.299,50414.0,0.09060129908899955,,,,
0.306,48846.0,0.09073800352928686,,,0.311,50351.0,0.09060129908899955,,,,
0.318,48846.0,0.09073800352928686,,,0.322,50368.0,0.09060129908899955,,,,
0.328,48817.0,0.09073800352928686,,,0.333,50349.0,0.09060129908899955,,,,
0.337,48636.0,0.09073800352928686,,,0.343,50443.0,0.09060129908899955,,,,
0.349,49094.0,0.09073800352928686,,,0.353,50464.0,0.09060129908899955,,,,
0.358,48858.0,0.09073800352928686,,,0.363,50249.0,0.09060129908899955,,,,
0.367,48847.0,0.09073410229365729,,,0.373,50355.0,0.09060534473303264,,,,
0.378,48827.0,0.090729179305839,,,0.382,50401.0,0.09061136824748191,,,,
0.388,48838.0,0.090724906523959,,,0.394,50383.0,0.09062062827715764,,,,
0.398,48836.0,0.09072704291489901,,,0.403,50438.0,0.0906281801460194,,,,
0.409,48824.0,0.09071710405269984,,,0.415,50352.0,0.0906358219180819,,,,
0.421,48833.0,0.09071292415738243,,,0.429,50370.0,0.09064750933417749,,,,
0.434,48831.0,0.09070855848893981,,,0.441,50420.0,0.09065748858945911,,,,
0.447,48834.0,0.09070716519050068,,,0.453,50429.0,0.09066926590875543,,,,
0.459,48824.0,0.0907228630195816,,,0.464,50431.0,0.0906740307783944,,,,
0.472,48810.0,0.09069527571048672,,,0.478,50450.0,0.09067978458324147,,,,
0.485,48807.0,0.09068812344516583,,,0.49,50460.0,0.09070208057702382,,,,
0.497,48798.0,0.09068329334391016,,,0.503,50477.0,0.09071637518594072,,,,
0.508,48828.0,0.0906806925201571,,,0.513,50460.0,0.09072356744199955,,,,
0.52,48810.0,0.09067660551140232,,,0.525,50499.0,0.09073291737487602,,,,
0.532,48801.0,0.09066610932982751,,,0.538,50481.0,0.09073957021173043,,,,
0.545,48799.0,0.09066787417451706,,,0.55,50479.0,0.0907517071438297,,,,
0.558,48802.0,0.09066350850607445,,,0.563,50480.0,0.09076402388233043,,,,
0.57,48805.0,0.09066127922857184,,,0.576,50496.0,0.09077193536399514,,,,
0.583,48797.0,0.09065663490044139,,,0.588,50528.0,0.09077858820084954,,,,
0.595,48781.0,0.09063935799979611,,,0.601,50497.0,0.09078694919851793,,,,
0.608,48795.0,0.09064576717261613,,,0.614,50514.0,0.09081347064273483,,,,
0.619,48799.0,0.09064929686199527,,,0.625,50481.0,0.09079899622741645,,,,
0.63,48794.0,0.09064576717261613,,,0.636,50487.0,0.09080331158105175,,,,
0.643,48723.0,0.09064102995792307,,,0.649,50512.0,0.09081122306271645,,,,
0.656,48843.0,0.0906401939788596,,,0.661,50487.0,0.09081805570597234,,,,
0.668,48786.0,0.0906392651132335,,,0.672,50507.0,0.09082524796203116,,,,
0.678,48807.0,0.09064056552511003,,,0.684,50508.0,0.09082965321886718,,,,
0.688,48784.0,0.09063861490729523,,,0.693,50503.0,0.090839902183751,,,,
0.699,48638.0,0.09063815047448219,,,0.703,50524.0,0.09084943192302895,,,,
0.708,48879.0,0.09063935799979611,,,0.714,50745.0,0.09085698379189071,,,,
0.718,48845.0,0.09064177305042395,,,0.723,50299.0,0.09086696304717233,,,,
0.729,48760.0,0.09064242325636221,,,0.733,50525.0,0.09087613317364733,,,,
0.739,48777.0,0.09064121573104829,,,0.744,50548.0,0.09088952875055689,,,,
0.748,48801.0,0.0906382433610448,,,0.753,50575.0,0.09090499210108337,,,,
0.759,48791.0,0.09064214459667438,,,0.765,50561.0,0.09091434203395983,,,,
0.772,48813.0,0.0906340634657274,,,0.779,50528.0,0.09092926596528189,,,,
0.784,48781.0,0.09063136975541175,,,0.791,50594.0,0.09094329086459658,,,,
0.797,48800.0,0.09062523924227954,,,0.804,50602.0,0.09095785518311572,,,,
0.809,48810.0,0.09062217398571344,,,0.816,50612.0,0.09097062143762012,,,,
0.822,48807.0,0.09062932625103433,,,0.828,50608.0,0.09098194924091277,,,,
0.835,48802.0,0.09061381419507863,,,0.84,50616.0,0.0909698123088135,,,,
0.846,48786.0,0.09060294646725338,,,0.85,50630.0,0.09099858133304879,,,,
0.858,48762.0,0.0905989523450612,,,0.863,50659.0,0.091008021169126,,,,
0.87,48765.0,0.09059235739911596,,,0.875,50616.0,0.09101080816834879,,,,
0.882,48756.0,0.09058585533973333,,,0.888,50653.0,0.0910144042963782,,,,
0.896,48757.0,0.09057600936409678,,,0.901,50663.0,0.09101737110200248,,,,
0.908,48741.0,0.09057182946877937,,,0.914,50670.0,0.09102195616523998,,,,
0.92,48751.0,0.09056402699752023,,,0.926,50645.0,0.09101943887561939,,,,
0.933,48715.0,0.09055622452626105,,,0.939,50650.0,0.09101377497397306,,,,
0.945,48712.0,0.09054452081937234,,,0.952,50610.0,0.09100856058833041,,,,
0.957,48728.0,0.09052863721716618,,,0.964,50619.0,0.09100262697708188,,,,
0.97,48717.0,0.09050736619432874,,,0.975,50630.0,0.09101836003721056,,,,
0.98,48706.0,0.09050086413494611,,,0.987,50579.0,0.09099228810899733,,,,
0.994,48731.0,0.09049296877712434,,,0.999,50615.0,0.0909845564337341,,,,
1.006,48685.0,0.09048061486429734,,,1.011,50594.0,0.09098176943451129,,,,
1.018,48768.0,0.090470954661786,,,1.024,50579.0,0.09097646514566791,,,,
1.029,48697.0,0.09046278064427642,,,1.034,50566.0,0.09097655504886865,,,,
1.041,48716.0,0.09045516394614248,,,1.046,50539.0,0.09096621618078408,,,,
1.051,48684.0,0.09044698992863288,,,1.056,50554.0,0.09096369889116351,,,,
1.063,48636.0,0.09043890879768589,,,1.069,50542.0,0.09096369889116351,,,,
1.074,48573.0,0.0904306418936137,,,1.079,50791.0,0.09096594647118189,,,,
1.086,48716.0,0.09042209632985368,,,1.091,50340.0,0.09096891327680615,,,,
1.096,48677.0,0.09041447963171974,,,1.101,50573.0,0.09096837385760174,,,,
1.105,48632.0,0.0904078846857745,,,1.112,50585.0,0.09097502669445615,,,,
1.117,48652.0,0.09039831736982576,,,1.124,50594.0,0.09097799350008041,,,,
1.128,48669.0,0.09038995757919095,,,1.134,50664.0,0.0909802410800988,,,,
1.139,48659.0,0.09037518861573614,,,1.146,50555.0,0.09098716362655541,,,,
1.153,48663.0,0.09036933676229177,,,1.16,50617.0,0.09099651355943189,,,,
1.164,48628.0,0.09035809748821606,,,1.169,50650.0,0.09100757165312232,,,,
1.175,48623.0,0.0903541033660239,,,1.182,50635.0,0.09101584274758998,,,,
1.187,48636.0,0.09035373181977345,,,1.193,50652.0,0.0910230350036488,,,,
1.199,48635.0,0.09035893346727955,,,1.203,50624.0,0.09101098797475027,,,,
1.21,48635.0,0.09035187408852127,,,1.216,50653.0,0.0910380488381716,,,,
1.223,48628.0,0.09034880883195517,,,1.228,50648.0,0.09104362283661718,,,,
1.234,48595.0,0.09034964481101866,,,1.239,50619.0,0.09104685935184366,,,,
1.246,48609.0,0.09034778707976648,,,1.251,50656.0,0.09104919683506277,,,,
1.258,48634.0,0.09034416450382472,,,1.264,50670.0,0.09104434206222306,,,,
1.269,48595.0,0.09033496873412643,,,1.276,50662.0,0.09104605022303702,,,,
1.283,48641.0,0.09034137790694645,,,1.29,50646.0,0.0910449713846282,,,,
1.295,48632.0,0.09033942728913166,,,1.301,50622.0,0.09104002670858777,,,,
1.305,48629.0,0.09034342141132386,,,1.312,50657.0,0.09103598106455468,,,,
1.317,48640.0,0.0903481586260169,,,1.324,50641.0,0.09103211522692306,,,,
1.328,48644.0,0.09034007749506993,,,1.335,50635.0,0.09103526183894879,,,,
1.34,48641.0,0.09036172006415782,,,1.346,50621.0,0.09105207373748629,,,,
1.351,48632.0,0.09036682882510132,,,1.357,50620.0,0.09104083583739438,,,,
1.363,48630.0,0.09037407397698483,,,1.369,50610.0,0.09104560070703335,,,,
1.374,48560.0,0.09038131912886832,,,1.38,50574.0,0.0910480280934532,,,,
1.386,48732.0,0.09038401283918399,,,1.391,50605.0,0.09104775838385101,,,,
1.396,48607.0,0.09039358015513271,,,1.402,50595.0,0.09105710831672748,,,,
1.409,48666.0,0.09039729561763707,,,1.415,50590.0,0.09105396170470174,,,,
1.422,48687.0,0.09040398345014491,,,1.426,50609.0,0.09105971550954879,,,,
1.432,48548.0,0.09041150726171623,,,1.437,50659.0,0.09106241260557085,,,,
1.444,48868.0,0.09041791643453627,,,1.448,50840.0,0.09106618854000174,,,,
1.455,48683.0,0.09042218921641627,,,1.46,50523.0,0.09106924524882673,,,,
1.467,48673.0,0.09042766952361021,,,1.471,50672.0,0.09107481924727232,,,,
1.476,48687.0,0.0904357506545572,,,1.482,50683.0,0.09107886489130541,,,,
1.486,48663.0,0.09044355312581634,,,1.491,50667.0,0.09108425908334952,,,,
1.498,48698.0,0.09045730033708248,,,1.505,50766.0,0.09109468785463483,,,,
1.51,48681.0,0.09045609281176856,,,1.517,50611.0,0.09110313875550394,,,,
1.521,48704.0,0.09046603167396773,,,1.527,50686.0,0.09111078052756644,,,,
1.532,48710.0,0.09047123332147383,,,1.54,50687.0,0.09105971550954879,,,,
1.546,48709.0,0.09041150726171623,,,1.551,50683.0,0.09105971550954879,,,,
1.557,48690.0,0.09041150726171623,,,1.561,50669.0,0.09105971550954879,,,,
1.568,48700.0,0.09041150726171623,,,1.573,50683.0,0.09105971550954879,,,,
1.581,48719.0,0.09041150726171623,,,1.587,50665.0,0.09105971550954879,,,,
1.592,48714.0,0.09041150726171623,,,1.596,50670.0,0.09105971550954879,,,,
1.603,48708.0,0.09041150726171623,,,1.609,50690.0,0.09105971550954879,,,,
1.616,48719.0,0.09041150726171623,,,1.622,50699.0,0.09105971550954879,,,,
1.628,48714.0,0.09041150726171623,,,1.635,50680.0,0.09105971550954879,,,,
1.64,48722.0,0.09041150726171623,,,1.647,50695.0,0.09105971550954879,,,,
1.653,48707.0,0.09041150726171623,,,,,,,,,
0.245,53610.0,0.0905722821880721,0.245,53610.0,0.25,44743.0,0.09102609043039424,0.25,44743.0,0.006000000000000005,2.866666666666664
0.258,53624.0,0.0905722821880721,0.258,53624.0,0.264,44757.0,0.09102609043039424,0.264,44757.0,,
0.269,53636.0,0.0905722821880721,,,0.275,44766.0,0.09102609043039424,,,,
0.28,53545.0,0.0905722821880721,,,0.286,44781.0,0.09102609043039424,,,,
0.292,53655.0,0.0905722821880721,,,0.299,44708.0,0.09102609043039424,,,,
0.306,53604.0,0.0905722821880721,,,0.31,44750.0,0.09102609043039424,,,,
0.315,53623.0,0.0905722821880721,,,0.321,44749.0,0.09102609043039424,,,,
0.325,53609.0,0.0905722821880721,,,0.33,44754.0,0.09102609043039424,,,,
0.335,53467.0,0.0905722821880721,,,0.339,44752.0,0.09102609043039424,,,,
0.346,53630.0,0.0905722821880721,,,0.351,45010.0,0.09102609043039424,,,,
0.355,53669.0,0.0905722821880721,,,0.36,44557.0,0.09102609043039424,,,,
0.366,53541.0,0.0905721132003178,,,0.37,44746.0,0.09102842907349862,,,,
0.375,53570.0,0.09057194421256348,,,0.381,44773.0,0.09103178451795271,,,,
0.386,53608.0,0.09057042332277461,,,0.391,44782.0,0.09103229291862758,,,,
0.396,53596.0,0.09057709833907018,,,0.403,44770.0,0.09103097107687293,,,,
0.409,53578.0,0.09057481700438688,,,0.415,44715.0,0.09103676684456638,,,,
0.421,53573.0,0.09057473251050974,,,0.429,44758.0,0.09103605508362157,,,,
0.434,53575.0,0.09057270465745791,,,0.441,44787.0,0.09103351308024725,,,,
0.447,53608.0,0.09057135275542337,,,0.452,44786.0,0.09103056435633303,,,,
0.459,53618.0,0.09058090056354234,,,0.465,44776.0,0.09102466690850462,,,,
0.471,53608.0,0.09057549295540417,,,0.477,44766.0,0.09099446790841767,,,,
0.482,53622.0,0.09056560717177654,,,0.489,44790.0,0.09100788968623409,,,,
0.494,53618.0,0.09056628312279381,,,0.5,44771.0,0.09100321240002535,,,,
0.507,53624.0,0.09056408628198767,,,0.513,44768.0,0.09099375614747286,,,,
0.52,53628.0,0.09055842519221802,,,0.525,44765.0,0.09098297805316576,,,,
0.532,53603.0,0.09054676503717006,,,0.538,44743.0,0.09097240331912856,,,,
0.545,53599.0,0.09054515965350404,,,0.55,44724.0,0.09096498066927554,,,,
0.558,53593.0,0.09053603431477085,,,0.564,44725.0,0.09095481265577826,,,,
0.57,53580.0,0.09052826087807221,,,0.576,44694.0,0.09093600183080829,,,,
0.581,53566.0,0.09051685420465573,,,0.588,44713.0,0.09091810612705307,,,,
0.594,53552.0,0.09049463231496288,,,0.602,44689.0,0.09090173562532243,,,,
0.607,53549.0,0.09048162025788038,,,0.613,44700.0,0.09090620955126125,,,,
0.618,53544.0,0.09047655062525084,,,0.623,44680.0,0.09086574085754205,,,,
0.63,53541.0,0.09046142622123934,,,0.636,44676.0,0.09084662499216715,,,,
0.644,53458.0,0.09044731574375377,,,0.649,44666.0,0.0908274074466573,,,,
0.656,53559.0,0.0904290650662874,,,0.66,44642.0,0.09080839326141736,,,,
0.666,53465.0,0.09041588402145058,,,0.671,44658.0,0.09079120931860694,,,,
0.678,53483.0,0.09040473082966557,,,0.684,44602.0,0.09078226146672934,,,,
0.691,53473.0,0.09039205674809171,,,0.695,44610.0,0.09076314560135444,,,,
0.701,53355.0,0.09037980513590364,,,0.706,44615.0,0.0907547061501517,,,,
0.71,53454.0,0.09036822947473283,,,0.715,44810.0,0.09073833564842107,,,,
0.721,53562.0,0.09035918862987681,,,0.726,44392.0,0.09072765923424891,,,,
0.731,53439.0,0.0903503167727751,,,0.736,44583.0,0.09071596601872704,,,,
0.741,53457.0,0.09034195187893634,,,0.746,44579.0,0.09070620472576964,,,,
0.751,53412.0,0.09033265755244885,,,0.755,44578.0,0.09069644343281226,,,,
0.761,53447.0,0.09033139014429147,,,0.766,44574.0,0.09068586869877507,,,,
0.771,53467.0,0.090321588854541,,,0.776,44636.0,0.09067763260784228,,,,
0.782,53443.0,0.09032015245862929,,,0.788,44537.0,0.09067051499839418,,,,
0.794,53435.0,0.09031719517292873,,,0.801,44611.0,0.09066319402867613,,,,
0.806,53429.0,0.09031575877701702,,,0.814,44552.0,0.09065800834179252,,,,
0.82,53445.0,0.09032395468310145,,,0.827,44584.0,0.09065211089396409,,,,
0.832,53444.0,0.09032412367085577,,,0.838,44585.0,0.09062526733833126,,,,
0.844,53445.0,0.09031711067905156,,,0.85,44584.0,0.09064072271884713,,,,
0.858,53431.0,0.09031854707496327,,,0.863,44580.0,0.09063889247641761,,,,
0.87,53443.0,0.09031871606271759,,,0.876,44562.0,0.09063624879290834,,,,
0.881,53443.0,0.09032268727494407,,,0.885,44561.0,0.09063106310602471,,,,
0.892,53448.0,0.0903234477198385,,,0.898,44588.0,0.09062780934170558,,,,
0.905,53448.0,0.09032125087903237,,,0.911,44530.0,0.09061936989050283,,,,
0.918,53456.0,0.09032387018922429,,,0.923,44559.0,0.09061936989050283,,,,
0.93,53452.0,0.09032581354839896,,,0.936,44557.0,0.0906116422002449,,,,
0.943,53456.0,0.09033155913204578,,,0.949,44546.0,0.09060899851673561,,,,
0.956,53479.0,0.0903331645157118,,,0.961,44544.0,0.09060279602850226,,,,
0.968,53456.0,0.09032226480555827,,,0.974,44565.0,0.09061774300834326,,,,
0.979,53459.0,0.09034372625035668,,,0.987,44553.0,0.09059394985675963,,,,
0.993,53459.0,0.09034651454830293,,,0.998,44527.0,0.09059364481635471,,,,
1.003,53456.0,0.09034820442584612,,,1.009,44542.0,0.09059811874229351,,,,
1.016,53441.0,0.09034778195646033,,,1.02,44553.0,0.09060391450998696,,,,
1.026,53474.0,0.0903484579074776,,,1.032,44537.0,0.0906101169982203,,,,
1.039,53458.0,0.09035107721766954,,,1.044,44535.0,0.09062516565819628,,,,
1.051,53497.0,0.09035640033193056,,,1.055,44526.0,0.09063452023061379,,,,
1.061,53464.0,0.09036189243394589,,,1.067,44523.0,0.09064794200843021,,,,
1.074,53315.0,0.09036594814004954,,,1.078,44732.0,0.0906610587458417,,,,
1.084,53699.0,0.09037008834003034,,,1.089,44350.0,0.09067783596811223,,,,
1.096,53464.0,0.09037667886244874,,,1.1,44577.0,0.09069644343281226,,,,
1.106,53463.0,0.09038521274404182,,,1.112,44606.0,0.09071759290088661,,,,
1.116,53438.0,0.09039670391133546,,,1.122,44618.0,0.09074657173935388,,,,
1.127,53456.0,0.09041056090718956,,,1.134,44649.0,0.09077005985053259,,,,
1.138,53479.0,0.09042382644590354,,,1.144,44678.0,0.09079497148360094,,,,
1.149,53519.0,0.09043726097237184,,,1.157,44651.0,0.09082334024125838,,,,
1.163,53517.0,0.09045356829066355,,,1.169,44689.0,0.09085282748040051,,,,
1.174,53504.0,0.09046734079264049,,,1.179,44675.0,0.09088211135927267,,,,
1.185,53528.0,0.0904860984333698,,,1.191,44709.0,0.09090946331558038,,,,
1.198,53534.0,0.09051710768628721,,,1.204,44748.0,0.09091790276678313,,,,
1.209,53560.0,0.09051431938834097,,,1.213,44761.0,0.09096355714738592,,,,
1.22,53595.0,0.09053265455968448,,,1.226,44812.0,0.09098623181748487,,,,
1.232,53620.0,0.09055056726164222,,,1.239,44773.0,0.09100778800609911,,,,
1.245,53598.0,0.0905731271268437,,,1.249,44798.0,0.09102700555160899,,,,
1.255,53633.0,0.09059272970634463,,,1.261,44816.0,0.09104449453482433,,,,
1.268,53651.0,0.09060726265321599,,,1.273,44825.0,0.09105608607021122,,,,
1.28,53660.0,0.09062737219597987,,,1.287,44814.0,0.09107408345410141,,,,
1.293,53686.0,0.0906461298367092,,,1.299,44792.0,0.0910884203531326,,,,
1.305,53682.0,0.09066539444070147,,,1.311,44815.0,0.09110509589526813,,,,
1.315,53666.0,0.09068364511816783,,,1.321,44799.0,0.09111851767308454,,,,
1.328,53681.0,0.09068305366102772,,,1.334,44800.0,0.09113010920847146,,,,
1.338,53675.0,0.09071541481597967,,,1.344,44818.0,0.09113122768995616,,,,
1.35,53705.0,0.09072673699551899,,,1.356,44807.0,0.09112309327915832,,,,
1.361,53688.0,0.09073645379139228,,,1.367,44821.0,0.0911209579963239,,,,
1.374,53651.0,0.09074811394644025,,,1.379,44792.0,0.0911209579963239,,,,
1.384,53757.0,0.0907552114321216,,,1.389,44828.0,0.0911202462353791,,,,
1.396,53739.0,0.09076306936269742,,,1.4,44830.0,0.09112461848118292,,,,
1.406,53732.0,0.09076551968513503,,,1.412,44839.0,0.09111851767308454,,,,
1.419,53744.0,0.0907703358361331,,,1.425,44841.0,0.09112034791551406,,,,
1.432,53527.0,0.09077768680344594,,,1.436,44862.0,0.09111943279429931,,,,
1.441,53943.0,0.09078410833811004,,,1.447,44772.0,0.091120551275784,,,,
1.455,53729.0,0.0907907833544056,,,1.459,44732.0,0.09112512688185778,,,,
1.464,53735.0,0.09079804982784129,,,1.47,44752.0,0.09112685544415233,,,,
1.474,53736.0,0.09080396439924243,,,1.479,44798.0,0.091131837770766,,,,
1.485,53717.0,0.09081241378695834,,,1.492,44809.0,0.09113610833643486,,,,
1.497,53744.0,0.09082534135016368,,,1.502,44868.0,0.09114515786844744,,,,
1.508,53689.0,0.09083074895830187,,,1.514,44754.0,0.09115146203681576,,,,
1.52,53743.0,0.09083674802358016,,,1.527,44810.0,0.09115664772369937,,,,
1.531,53769.0,0.09084190215008688,,,1.538,44806.0,0.09112034791551406,,,,
1.543,53742.0,0.09077768680344594,,,1.55,44810.0,0.09112034791551406,,,,
1.556,53760.0,0.09077768680344594,,,1.561,44845.0,0.09112034791551406,,,,
1.567,53761.0,0.09077768680344594,,,1.571,44835.0,0.09112034791551406,,,,
1.577,53775.0,0.09077768680344594,,,1.584,44856.0,0.09112034791551406,,,,
1.591,53788.0,0.09077768680344594,,,1.597,44863.0,0.09112034791551406,,,,
1.602,53804.0,0.09077768680344594,,,1.609,44881.0,0.09112034791551406,,,,
1.615,53821.0,0.09077768680344594,,,1.623,44890.0,0.09112034791551406,,,,
1.628,53810.0,0.09077768680344594,,,1.635,44881.0,0.09112034791551406,,,,
1.641,53793.0,0.09077768680344594,,,1.646,44903.0,0.09112034791551406,,,,
1.653,53816.0,0.09077768680344594,,,,,,,,,
0.244,54001.0,0.09058636631226988,0.244,54001.0,0.249,44550.0,0.09101491102367104,0.249,44550.0,0.007000000000000006,2.457142857142855
0.256,54043.0,0.09058636631226988,0.256,54043.0,0.261,44524.0,0.09101491102367104,0.261,44524.0,,
0.268,54002.0,0.09058636631226988,,,0.273,44554.0,0.09101491102367104,,,,
0.28,53994.0,0.09058636631226988,,,0.285,44553.0,0.09101491102367104,,,,
0.29,54090.0,0.09058636631226988,,,0.295,44542.0,0.09101491102367104,,,,
0.303,54016.0,0.09058636631226988,,,0.309,44530.0,0.09101491102367104,,,,
0.316,54022.0,0.09058636631226988,,,0.32,44535.0,0.09101491102367104,,,,
0.325,53992.0,0.09058636631226988,,,0.33,44543.0,0.09101491102367104,,,,
0.335,53820.0,0.09058636631226988,,,0.34,44642.0,0.09101491102367104,,,,
0.346,54260.0,0.09058636631226988,,,0.35,44558.0,0.09101491102367104,,,,
0.356,54035.0,0.09058636631226988,,,0.361,44373.0,0.09101491102367104,,,,
0.365,54023.0,0.09059148004185372,,,0.37,44526.0,0.09100704059974757,,,,
0.376,54030.0,0.09059131237858865,,,0.384,44509.0,0.09100509854709114,,,,
0.388,54044.0,0.09059667760307007,,,0.393,44483.0,0.09100254321464846,,,,
0.399,54015.0,0.09060128834285876,,,0.403,44578.0,0.0909974325497631,,,,
0.408,54036.0,0.09059701292960014,,,0.412,44430.0,0.09099518385721356,,,,
0.418,54030.0,0.09059910872041319,,,0.423,44490.0,0.09099508164391584,,,,
0.429,54034.0,0.09059969554184084,,,0.436,44526.0,0.09099262852477087,,,,
0.442,54044.0,0.0906010368479612,,,0.448,44507.0,0.09099119753860296,,,,
0.454,54044.0,0.09061738401630295,,,0.461,44488.0,0.09097709210351938,,,,
0.466,54062.0,0.0905980189091904,,,0.473,44473.0,0.09097423013118358,,,,
0.48,54041.0,0.09059550396021475,,,0.485,44505.0,0.09098772228648093,,,,
0.491,54066.0,0.090592653684709,,,0.495,44529.0,0.09098465588754971,,,,
0.502,54049.0,0.09059097705205857,,,0.507,44503.0,0.09098465588754971,,,,
0.515,54039.0,0.09058536033267961,,,0.521,44520.0,0.09098526916733596,,,,
0.527,54041.0,0.09057982744493318,,,0.533,44529.0,0.09097770538330562,,,,
0.54,54029.0,0.09058167174084865,,,0.545,44511.0,0.0909831226880841,,,,
0.551,54008.0,0.09057756399085508,,,0.559,44529.0,0.09098148727532078,,,,
0.564,54015.0,0.09057421072555422,,,0.571,44504.0,0.09097790980990103,,,,
0.577,54029.0,0.09056901316433785,,,0.582,44530.0,0.0909760699705423,,,,
0.586,54005.0,0.09055283365926114,,,0.593,44505.0,0.09097310578490879,,,,
0.601,53989.0,0.09054252236846096,,,0.606,44496.0,0.09099549049710667,,,,
0.612,54010.0,0.0905499833837554,,,0.618,44509.0,0.0909701415992753,,,,
0.623,53977.0,0.09054369601131627,,,0.628,44489.0,0.0909587959232298,,,,
0.635,53949.0,0.09053665415418442,,,0.642,44504.0,0.09095429853813068,,,,
0.649,54058.0,0.090531121266438,,,0.653,44483.0,0.09094704139399347,,,,
0.658,53981.0,0.0905250015572639,,,0.664,44474.0,0.09093968203655856,,,,
0.67,53994.0,0.09051938483788494,,,0.676,44491.0,0.09093252710571906,,,,
0.684,53982.0,0.09051510942462633,,,0.688,44489.0,0.09092005708339879,,,,
0.693,53851.0,0.0905126783072832,,,0.699,44459.0,0.09091239108607074,,,,
0.703,53939.0,0.0905096603685124,,,0.708,44692.0,0.09090145426321608,,,,
0.714,54130.0,0.0905084867256571,,,0.718,44257.0,0.09089429933237658,,,,
0.723,53991.0,0.09050781607259693,,,0.729,44418.0,0.09088520234888063,,,,
0.733,53965.0,0.09050538495525379,,,0.739,44459.0,0.09087825184463653,,,,
0.744,53973.0,0.09050530112362128,,,0.751,44449.0,0.09087150576698787,,,,
0.757,53968.0,0.09050781607259693,,,0.763,44457.0,0.09086424862285065,,,,
0.769,53962.0,0.0905016125317903,,,0.774,44441.0,0.09085944459785843,,,,
0.779,53957.0,0.09050253467974805,,,0.786,44407.0,0.09085453835956847,,,,
0.792,53986.0,0.09049800777159188,,,0.799,44429.0,0.09084820113511063,,,,
0.804,53993.0,0.090496582633839,,,0.812,44423.0,0.09084227276384362,,,,
0.818,53991.0,0.09050697775627171,,,0.823,44435.0,0.09083828644523305,,,,
0.829,53981.0,0.09051024718994005,,,0.834,44407.0,0.09080884901549338,,,,
0.839,53981.0,0.09049566048588126,,,0.846,44441.0,0.09082591863621046,,,,
0.852,53976.0,0.09049490600118856,,,0.858,44423.0,0.09082520314312652,,,,
0.865,53979.0,0.09049641497057395,,,0.871,44433.0,0.09082121682451595,,,,
0.878,53984.0,0.09049507366445361,,,0.883,44436.0,0.0908176393590962,,,,
0.89,53992.0,0.09049188806241779,,,0.896,44426.0,0.09081395968037874,,,,
0.902,53940.0,0.09049792393995935,,,0.909,44429.0,0.09081181320112687,,,,
0.914,53965.0,0.09050018739403744,,,0.921,44431.0,0.09081283533410395,,,,
0.927,53975.0,0.09049767244506178,,,0.934,44420.0,0.09080884901549338,,,,
0.94,53978.0,0.09049666646547153,,,0.946,44404.0,0.0908078268825163,,,,
0.95,53956.0,0.09049591198077883,,,0.956,44424.0,0.09080670253624151,,,,
0.962,53982.0,0.09049297787364056,,,0.969,44411.0,0.0908320514340729,,,,
0.974,53983.0,0.09050479813382614,,,0.98,44420.0,0.09080476048358509,,,,
0.986,53957.0,0.09050412748076596,,,0.992,44414.0,0.09080312507082176,,,,
0.999,53930.0,0.0905080675674945,,,1.004,44421.0,0.09080220515114241,,,,
1.011,54034.0,0.09050840289402458,,,1.015,44420.0,0.0907991387522112,,,,
1.021,53984.0,0.09050471430219362,,,1.027,44417.0,0.09080159187135615,,,,
1.034,53956.0,0.09051259447565067,,,1.038,44390.0,0.09080026309848598,,,,
1.044,53981.0,0.09051636689911415,,,1.048,44413.0,0.09079811661923412,,,,
1.053,53982.0,0.09051712138380684,,,1.059,44424.0,0.09079699227295934,,,,
1.067,53946.0,0.09051904951135485,,,1.071,44655.0,0.0907977077660433,,,,
1.076,54122.0,0.09052122913380042,,,1.082,44174.0,0.09079872989902037,,,,
1.086,53968.0,0.09052374408277608,,,1.091,44407.0,0.09079852547242495,,,,
1.097,54026.0,0.09052625903175172,,,1.104,44424.0,0.0907993431788066,,,,
1.108,53988.0,0.09053137276133555,,,1.114,44406.0,0.09080046752508139,,,,
1.12,53948.0,0.09053724097561208,,,1.127,44450.0,0.09080077416497452,,,,
1.131,54034.0,0.09053321705725104,,,1.136,44416.0,0.09080097859156992,,,,
1.142,54010.0,0.09053657032255191,,,1.149,44410.0,0.09080598704315757,,,,
1.155,53984.0,0.09054201937866584,,,1.161,44409.0,0.09081324418729479,,,,
1.167,54001.0,0.09054621096029193,,,1.172,44411.0,0.09081825263888244,,,,
1.177,53982.0,0.09054738460314722,,,1.183,44434.0,0.09082275002398156,,,,
1.189,54012.0,0.09055157618477332,,,1.193,44409.0,0.0908049649101805,,,,
1.2,54013.0,0.09054101339907557,,,1.206,44428.0,0.09083818423193533,,,,
1.213,54018.0,0.09054302535825609,,,1.219,44425.0,0.09084595244256108,,,,
1.224,54000.0,0.09054160022050323,,,1.231,44424.0,0.09085269852020975,,,,
1.238,53986.0,0.09054260620009348,,,1.245,44422.0,0.09086169329040798,,,,
1.25,54024.0,0.09054671395008705,,,1.256,44466.0,0.09086721280848417,,,,
1.263,54021.0,0.09054252236846096,,,1.268,44461.0,0.09087569651219386,,,,
1.275,54031.0,0.090542690031726,,,1.282,44462.0,0.0908847934956898,,,,
1.289,53996.0,0.09054302535825609,,,1.294,44468.0,0.09089102850684994,,,,
1.3,53996.0,0.09054134872560565,,,1.307,44481.0,0.0908975701579032,,,,
1.312,53996.0,0.09054201937866584,,,1.318,44499.0,0.09090360074246792,,,,
1.323,53992.0,0.0905219836184931,,,1.33,44483.0,0.09093896654347461,,,,
1.335,54009.0,0.09053254640419087,,,1.341,44490.0,0.09092373676211622,,,,
1.345,54000.0,0.09052785183276964,,,1.351,44494.0,0.09092578102807038,,,,
1.356,53997.0,0.0905250015572639,,,1.361,44504.0,0.0909331403855053,,,,
1.369,53984.0,0.09052525305216147,,,1.374,44499.0,0.09093947760996314,,,,
1.379,54012.0,0.09052206745012564,,,1.384,44499.0,0.09094254400889436,,,,
1.391,53988.0,0.09051812736339711,,,1.396,44470.0,0.09094315728868059,,,,
1.401,53981.0,0.09051334896034335,,,1.408,44475.0,0.09094499712803933,,,,
1.414,53990.0,0.09051217531748806,,,1.419,44493.0,0.09094653032750494,,,,
1.424,53773.0,0.09050982803177744,,,1.43,44755.0,0.09094397499506225,,,,
1.437,54139.0,0.09051091784300024,,,1.441,44279.0,0.09094305507538289,,,,
1.446,53962.0,0.09051142083279537,,,1.453,44445.0,0.0909446904881462,,,,
1.457,53966.0,0.09051225914912059,,,1.462,44496.0,0.09094622368761181,,,,
1.466,53989.0,0.09051125316953032,,,1.472,44484.0,0.09094806352697053,,,,
1.477,53986.0,0.09051133700116284,,,1.484,44496.0,0.09094489491474163,,,,
1.49,53974.0,0.0905111693378978,,,1.498,44467.0,0.09094837016686366,,,,
1.502,53974.0,0.0905111693378978,,,1.507,44480.0,0.09095286755196277,,,,
1.513,53982.0,0.09051066634810266,,,1.52,44483.0,0.09095992026950457,,,,
1.524,53968.0,0.0905104148532051,,,1.529,44456.0,0.09094653032750494,,,,
1.536,54009.0,0.09050982803177744,,,1.543,44490.0,0.09094653032750494,,,,
1.548,53998.0,0.09050982803177744,,,1.554,44499.0,0.09094653032750494,,,,
1.559,54019.0,0.09050982803177744,,,1.564,44505.0,0.09094653032750494,,,,
1.57,53988.0,0.09050982803177744,,,1.576,44512.0,0.09094653032750494,,,,
1.582,53998.0,0.09050982803177744,,,1.587,44473.0,0.09094653032750494,,,,
1.593,53982.0,0.09050982803177744,,,1.599,44533.0,0.09094653032750494,,,,
1.606,54012.0,0.09050982803177744,,,1.611,44543.0,0.09094653032750494,,,,
1.617,53982.0,0.09050982803177744,,,1.625,44539.0,0.09094653032750494,,,,
1.631,53978.0,0.09050982803177744,,,1.637,44557.0,0.09094653032750494,,,,
1.643,54002.0,0.09050982803177744,,,,,,,,,
0.244,54302.0,0.09048681262893447,0.244,54302.0,0.249,45292.0,0.09090823592850465,0.249,45292.0,0.007000000000000006,2.457142857142855
0.256,54320.0,0.09048681262893447,0.256,54320.0,0.261,45296.0,0.09090823592850465,,,,
0.268,54321.0,0.09048681262893447,,,0.272,45324.0,0.09090823592850465,,,,
0.278,54278.0,0.09048681262893447,,,0.283,45302.0,0.09090823592850465,,,,
0.29,54346.0,0.09048681262893447,,,0.295,45276.0,0.09090823592850465,,,,
0.303,54336.0,0.09048681262893447,,,0.308,45270.0,0.09090823592850465,,,,
0.313,54313.0,0.09048681262893447,,,0.318,45284.0,0.09090823592850465,,,,
0.325,54316.0,0.09048681262893447,,,0.33,45280.0,0.09090823592850465,,,,
0.335,54117.0,0.09048681262893447,,,0.34,45445.0,0.09090823592850465,,,,
0.345,54569.0,0.09048681262893447,,,0.351,45210.0,0.09090823592850465,,,,
0.356,54343.0,0.09048681262893447,,,0.36,45198.0,0.09090823592850465,,,,
0.366,54317.0,0.09049147566576773,,,0.371,45245.0,0.09090793477423113,,,,
0.375,54332.0,0.09049455660081827,,,0.38,45272.0,0.09090381899915977,,,,
0.387,54396.0,0.09049930290616641,,,0.394,45265.0,0.09089849860699438,,,,
0.398,54347.0,0.09050271691527648,,,0.403,45343.0,0.09089257590628193,,,,
0.409,54329.0,0.09050479862814846,,,0.415,45170.0,0.09089177282821922,,,,
0.421,54319.0,0.09050729668359485,,,0.429,45280.0,0.09089147167394572,,,,
0.434,54352.0,0.09051187645191322,,,0.441,45293.0,0.09089016667209382,,,,
0.447,54359.0,0.09051678929429112,,,0.452,45277.0,0.09088926320927328,,,,
0.458,54375.0,0.0905388554507342,,,0.462,45276.0,0.0908707924138311,,,,
0.47,54358.0,0.09052128579409462,,,0.475,45289.0,0.09088022858106785,,,,
0.482,54357.0,0.09052511614577907,,,0.488,45255.0,0.09088675359032733,,,,
0.495,54378.0,0.09053027879370161,,,0.5,45271.0,0.09088795820742139,,,,
0.506,54319.0,0.09053252704360336,,,0.51,45243.0,0.09088665320556949,,,,
0.518,54371.0,0.09053177762696944,,,0.523,45268.0,0.09088715512935869,,,,
0.53,54366.0,0.09053036206221649,,,0.535,45267.0,0.09087832127066894,,,,
0.541,54368.0,0.09054043755251692,,,0.548,45271.0,0.09088996590257815,,,,
0.555,54375.0,0.09054609981152872,,,0.561,45271.0,0.09088635205129598,,,,
0.567,54382.0,0.09055151226499589,,,0.574,45261.0,0.09088032896582571,,,,
0.579,54358.0,0.09055376051489765,,,0.585,45304.0,0.09087942550300517,,,,
0.589,54389.0,0.09053952159885324,,,0.596,45263.0,0.09087269972423001,,,,
0.602,54379.0,0.09054976362618343,,,0.608,45257.0,0.09088685397508517,,,,
0.613,54359.0,0.0905543433945018,,,0.619,45259.0,0.090872097415683,,,,
0.625,54387.0,0.09055550915371012,,,0.631,45270.0,0.09087259933947218,,,,
0.638,54330.0,0.09056075507014753,,,0.643,45255.0,0.09087912434873165,,,,
0.648,54450.0,0.09056300332004928,,,0.654,45286.0,0.09088414358662354,,,,
0.661,54387.0,0.09056258697747488,,,0.665,45244.0,0.09089709322038464,,,,
0.67,54417.0,0.09056242044044512,,,0.676,45233.0,0.09089307783007111,,,,
0.68,54386.0,0.09056042199608802,,,0.686,45268.0,0.09089819745272086,,,,
0.692,54204.0,0.09056008892202849,,,0.696,45209.0,0.09090662977237923,,,,
0.701,54481.0,0.09056117141272192,,,0.706,45430.0,0.09091094631696627,,,,
0.713,54412.0,0.09056000565351362,,,0.718,45108.0,0.09091917786710897,,,,
0.723,54392.0,0.09055825701470115,,,0.729,45276.0,0.09092710826297819,,,,
0.733,54382.0,0.09055875662579042,,,0.739,45308.0,0.09093574135215224,,,,
0.744,54398.0,0.09055542588519525,,,0.751,45318.0,0.09094327020899008,,,,
0.757,54361.0,0.09055542588519525,,,0.763,45396.0,0.09095039752679658,,,,
0.769,54366.0,0.09054626634855849,,,0.774,45231.0,0.09095893023121279,,,,
0.779,54351.0,0.09054301887647818,,,0.786,45322.0,0.09096906909175442,,,,
0.792,54378.0,0.09053785622855565,,,0.799,45345.0,0.09098071372366362,,,,
0.804,54371.0,0.09053427568241583,,,0.811,45347.0,0.09098794142622794,,,,
0.816,54375.0,0.090546599422618,,,0.822,45345.0,0.09100139298377824,,,,
0.827,54358.0,0.09053527490459438,,,0.833,45336.0,0.09099356297266688,,,,
0.84,54365.0,0.09053086167330578,,,0.845,45345.0,0.09101544684987554,,,,
0.852,54347.0,0.09052761420122546,,,0.859,45345.0,0.0910203657030096,,,,
0.864,54330.0,0.09052245155330294,,,0.868,45326.0,0.09102177108961933,,,,
0.875,54340.0,0.09051878773864823,,,0.881,45371.0,0.0910216707048615,,,,
0.887,54348.0,0.09051312547963641,,,0.893,45345.0,0.09101363992423446,,,,
0.901,54355.0,0.09051778851646967,,,0.906,45349.0,0.09102207224389285,,,,
0.912,54343.0,0.09051462431290426,,,0.919,45340.0,0.09102066685728312,,,,
0.924,54352.0,0.09051312547963641,,,0.931,45343.0,0.09102006454873608,,,,
0.937,54345.0,0.0905115433778537,,,0.943,45352.0,0.09101514569560204,,,,
0.947,54359.0,0.09049389045269923,,,0.954,45326.0,0.09101394107850798,,,,
0.96,54353.0,0.09051104376676443,,,0.965,45325.0,0.09101805685357933,,,,
0.971,54320.0,0.09050979473904124,,,0.976,45322.0,0.09100259760087229,,,,
0.984,54354.0,0.09051096049824954,,,0.989,45317.0,0.09099968644289498,,,,
0.996,54293.0,0.09051262586854714,,,1.001,45316.0,0.09099908413434797,,,,
1.006,54422.0,0.0905127924055769,,,1.011,45315.0,0.09099476758976094,,,,
1.018,54313.0,0.09051287567409178,,,1.024,45308.0,0.09099908413434797,,,,
1.029,54360.0,0.09051412470181497,,,1.033,45339.0,0.09098784104147012,,,,
1.039,54352.0,0.09051612314617208,,,1.044,45298.0,0.0909846287292193,,,,
1.051,54163.0,0.0905177052479548,,,1.055,45333.0,0.09098111526269496,,,,
1.061,54564.0,0.0905197036923119,,,1.067,45377.0,0.09097740102665497,,,,
1.074,54350.0,0.09052095272003509,,,1.078,45191.0,0.09097619640956092,,,,
1.084,54361.0,0.09052186867369877,,,1.088,45316.0,0.09097519256198254,,,,
1.093,54350.0,0.09052461653468981,,,1.099,45320.0,0.09097489140770902,,,,
1.103,54342.0,0.09052461653468981,,,1.108,45328.0,0.09097408832964632,,,,
1.115,54349.0,0.09053119474736529,,,1.122,45388.0,0.09097308448206794,,,,
1.126,54370.0,0.0905278640067701,,,1.132,45237.0,0.09097258255827875,,,,
1.137,54367.0,0.09053327646023727,,,1.144,45308.0,0.09097248217352091,,,,
1.148,54371.0,0.09053444221944558,,,1.155,45308.0,0.0909700729393328,,,,
1.16,54369.0,0.09053585778419855,,,1.167,45315.0,0.09096836639844956,,,,
1.173,54374.0,0.09055309436677861,,,1.178,45314.0,0.09096585677950361,,,,
1.184,54364.0,0.09053735661746637,,,1.188,45315.0,0.09095852869218143,,,,
1.196,54353.0,0.09054060408954667,,,1.201,45319.0,0.09096756332038686,,,,
1.207,54354.0,0.09054110370063595,,,1.211,45309.0,0.09096585677950361,,,,
1.218,54372.0,0.09054260253390378,,,1.223,45306.0,0.09096274485201064,,,,
1.229,54382.0,0.09054510058935017,,,1.236,45310.0,0.09095822753790793,,,,
1.243,54378.0,0.0905454336634097,,,1.249,45307.0,0.0909472855993036,,,,
1.255,54374.0,0.09054668269113289,,,1.261,45315.0,0.09094919290970252,,,,
1.268,54369.0,0.09054868113549,,,1.273,45281.0,0.09094427405656845,,,,
1.281,54370.0,0.09054809825588583,,,1.287,45308.0,0.09093584173691008,,,,
1.294,54375.0,0.0905474321077668,,,1.299,45304.0,0.09092801172579872,,,,
1.305,54389.0,0.09054726557073704,,,1.311,45281.0,0.09092038248420303,,,,
1.315,54367.0,0.09053144455290993,,,1.321,45299.0,0.09093423558078466,,,,
1.328,54368.0,0.09055126245945126,,,1.334,45289.0,0.09090211245827653,,,,
1.338,54372.0,0.0905547597370762,,,1.343,45283.0,0.09089066859588302,,,,
1.349,54353.0,0.09055426012598693,,,1.354,45279.0,0.09087781934687976,,,,
1.361,54385.0,0.09055584222776965,,,1.366,45256.0,0.0908657731759392,,,,
1.372,54391.0,0.09055509281113572,,,1.377,45259.0,0.09085071546226352,,,,
1.384,54364.0,0.09055617530182915,,,1.389,45224.0,0.09083776582850243,,,,
1.394,54361.0,0.09055800720915651,,,1.398,45237.0,0.09082341080813161,,,,
1.403,54372.0,0.09056025545905824,,,1.41,45238.0,0.09080915617251863,,,,
1.417,54174.0,0.0905620873663856,,,1.421,45453.0,0.09079289384174886,,,,
1.427,54591.0,0.0905629200515344,,,1.432,44999.0,0.09077783612807318,,,,
1.439,54396.0,0.09056508503292127,,,1.443,45195.0,0.09076177456681911,,,,
1.449,54366.0,0.09056958153272476,,,1.455,45178.0,0.09074721877693262,,,,
1.459,54401.0,0.09057149670856698,,,1.465,45190.0,0.0907331649108353,,,,
1.469,54369.0,0.09057324534737947,,,1.474,45157.0,0.09071840835143313,,,,
1.48,54387.0,0.09057449437510266,,,1.487,45186.0,0.09070606102621907,,,,
1.492,54391.0,0.09057566013431097,,,1.499,45138.0,0.09069291062294231,,,,
1.504,54397.0,0.09057932394896567,,,1.51,45166.0,0.09068196868433796,,,,
1.515,54397.0,0.0905824881525311,,,1.521,45142.0,0.09080915617251863,,,,
1.527,54399.0,0.0905620873663856,,,1.531,45131.0,0.09080915617251863,,,,
1.538,54393.0,0.0905620873663856,,,1.544,45139.0,0.09080915617251863,,,,
1.55,54422.0,0.0905620873663856,,,1.554,45144.0,0.09080915617251863,,,,
1.56,54395.0,0.0905620873663856,,,1.566,45143.0,0.09080915617251863,,,,
1.572,54374.0,0.0905620873663856,,,1.576,45132.0,0.09080915617251863,,,,
1.584,54400.0,0.0905620873663856,,,1.589,45133.0,0.09080915617251863,,,,
1.595,54405.0,0.0905620873663856,,,1.602,45128.0,0.09080915617251863,,,,
1.607,54408.0,0.0905620873663856,,,1.614,45115.0,0.09080915617251863,,,,
1.62,54399.0,0.0905620873663856,,,1.627,45142.0,0.09080915617251863,,,,
1.633,54416.0,0.0905620873663856,,,,,,,,,
0.244,54090.0,0.09059545930813984,0.244,54090.0,0.249,42950.0,0.09094157718494318,0.261,42929.0,0.0050000000000000044,3.439999999999997
0.256,54095.0,0.09059545930813984,0.256,54095.0,0.261,42929.0,0.09094157718494318,,,,
0.268,54089.0,0.09059545930813984,,,0.273,42953.0,0.09094157718494318,,,,
0.28,54052.0,0.09059545930813984,,,0.286,42950.0,0.09094157718494318,,,,
0.293,54112.0,0.09059545930813984,,,0.297,42959.0,0.09094157718494318,,,,
0.303,54069.0,0.09059545930813984,,,0.309,42935.0,0.09094157718494318,,,,
0.316,54066.0,0.09059545930813984,,,0.321,42961.0,0.09094157718494318,,,,
0.328,54073.0,0.09059545930813984,,,0.332,42922.0,0.09094157718494318,,,,
0.338,53863.0,0.09059545930813984,,,0.344,43140.0,0.09094157718494318,,,,
0.348,54320.0,0.09059545930813984,,,0.353,42722.0,0.09094157718494318,,,,
0.359,54079.0,0.09059545930813984,,,0.366,42904.0,0.09094157718494318,,,,
0.371,54051.0,0.09059110279858612,,,0.378,42912.0,0.09093606879706102,,,,
0.382,54062.0,0.09058574094067386,,,0.389,42914.0,0.09093289088097516,,,,
0.394,54051.0,0.09058280867462809,,,0.401,42930.0,0.09092738249309298,,,,
0.406,54059.0,0.09058113309403051,,,0.413,42843.0,0.09092378085486233,,,,
0.419,54052.0,0.0905755198990286,,,0.427,42923.0,0.09091318780124277,,,,
0.432,54039.0,0.09057367676037126,,,0.439,42917.0,0.0909081031355054,,,,
0.445,54059.0,0.09057091205238525,,,0.45,42917.0,0.09090164137279746,,,,
0.456,54043.0,0.09056622042671203,,,0.461,42923.0,0.09089888717885637,,,,
0.466,54038.0,0.09058113309403051,,,0.474,42898.0,0.09087304012802468,,,,
0.48,54038.0,0.09055750740760458,,,0.485,42898.0,0.09089147204132268,,,,
0.492,54031.0,0.090553067119021,,,0.498,42899.0,0.09089009494435216,,,,
0.505,54054.0,0.09054979973685572,,,0.51,42901.0,0.0908892475000626,,,,
0.517,54032.0,0.09054762148207886,,,0.521,42916.0,0.09088776447255584,,,,
0.527,54045.0,0.09054050026453914,,,0.533,42859.0,0.09088236201520988,,,,
0.54,54047.0,0.09054150561289769,,,0.545,42887.0,0.09088808226416444,,,,
0.552,54033.0,0.09053991381132998,,,0.559,42900.0,0.09088490434807857,,,,
0.566,54017.0,0.09054033270647938,,,0.571,42896.0,0.09088056119609456,,,,
0.577,54041.0,0.09053840578879216,,,0.583,42896.0,0.09087801886322586,,,,
0.589,54038.0,0.09052634160848956,,,0.596,42896.0,0.09087590025250195,,,,
0.602,54026.0,0.09053044678095365,,,0.608,42891.0,0.09089528554062573,,,,
0.612,54012.0,0.09053027922289388,,,0.619,42904.0,0.0908725104753437,,,,
0.626,54036.0,0.09052759829393775,,,0.63,42900.0,0.09087293419748847,,,,
0.635,53966.0,0.09052449846983222,,,0.642,42879.0,0.09087346385016945,,,,
0.648,54071.0,0.09052039329736815,,,0.654,42897.0,0.09087123930890935,,,,
0.661,54033.0,0.09051787992647177,,,0.665,42893.0,0.09087844258537064,,,,
0.67,54044.0,0.090514947660426,,,0.676,42876.0,0.09088585772290433,,,,
0.68,54036.0,0.09051302074273879,,,0.686,42893.0,0.09088712888933868,,,,
0.692,53899.0,0.09051218295244,,,0.696,42903.0,0.09088522213968715,,,,
0.701,54087.0,0.09050950202348386,,,0.706,43081.0,0.09088596365344052,,,,
0.713,54036.0,0.09050791022191615,,,0.718,42683.0,0.09088363318164422,,,,
0.723,53999.0,0.09050832911706555,,,0.729,42903.0,0.09088575179236813,,,,
0.733,54017.0,0.09051000469766313,,,0.739,42906.0,0.09088522213968715,,,,
0.744,53983.0,0.09050941824445398,,,0.748,42895.0,0.0908844806259338,,,,
0.753,54015.0,0.09051318830079855,,,0.759,42927.0,0.09088734075041106,,,,
0.763,54012.0,0.09051008847669302,,,0.769,42957.0,0.09088808226416444,,,,
0.775,54010.0,0.09051126138311132,,,0.781,42912.0,0.0908892475000626,,,,
0.787,54007.0,0.09051067492990217,,,0.794,42878.0,0.0908913661107865,,,,
0.799,54009.0,0.0905113451621412,,,0.805,42903.0,0.09089475588794475,,,,
0.812,54019.0,0.09052315800535415,,,0.817,42874.0,0.09089475588794475,,,,
0.822,54031.0,0.0905189690538602,,,0.829,42911.0,0.09087600618303815,,,,
0.835,54032.0,0.09051787992647177,,,0.84,42899.0,0.0908987812483202,,,,
0.847,54029.0,0.0905229904472944,,,0.854,42893.0,0.09089931090100117,,,,
0.86,54011.0,0.09052609027139992,,,0.866,42906.0,0.09089952276207355,,,,
0.873,54034.0,0.09053053055998352,,,0.878,42904.0,0.09090026427582693,,,,
0.884,54047.0,0.09053027922289388,,,0.891,42904.0,0.09089719229027726,,,,
0.897,54037.0,0.0905402489274495,,,0.904,42896.0,0.09089073052756932,,,,
0.91,54044.0,0.09054485677409285,,,0.917,42925.0,0.0908913661107865,,,,
0.922,54040.0,0.0905458621224514,,,0.928,42903.0,0.09089062459703313,,,,
0.932,54037.0,0.09054971595782584,,,0.939,42904.0,0.09089221355507607,,,,
0.945,54023.0,0.0905510564223039,,,0.952,42898.0,0.09089782787349442,,,,
0.957,54060.0,0.09054284607737574,,,0.964,42908.0,0.09092505202129669,,,,
0.97,54054.0,0.09056069101073999,,,0.975,42908.0,0.09090121765065269,,,,
0.982,54036.0,0.09056010455753084,,,0.987,42902.0,0.09090270067815942,,,,
0.994,54012.0,0.09056303682357661,,,0.999,42898.0,0.0909031244003042,,,,
1.006,54131.0,0.09056362327678577,,,1.011,42896.0,0.09090428963620235,,,,
1.016,54065.0,0.09056823112342911,,,1.021,42918.0,0.09091096325998267,,,,
1.029,54019.0,0.0905699067040267,,,1.034,42871.0,0.09091435303714093,,,,
1.039,54055.0,0.09057116338947489,,,1.043,42918.0,0.09091657757840105,,,,
1.049,54035.0,0.09057250385395296,,,1.054,42927.0,0.09092134445252985,,,,
1.061,53933.0,0.09057325786522187,,,1.065,43168.0,0.09092621725719482,,,,
1.072,54245.0,0.0905746821087298,,,1.077,42674.0,0.09093236122829418,,,,
1.081,54022.0,0.0905727551910426,,,1.087,42907.0,0.09093850519939352,,,,
1.092,54046.0,0.09057091205238525,,,1.099,42910.0,0.09094369579566709,,,,
1.103,54041.0,0.0905687337976084,,,1.11,42915.0,0.0909482508087235,,,,
1.115,54102.0,0.09056957158790718,,,1.122,42967.0,0.09095248803017132,,,,
1.126,54057.0,0.09056085856879975,,,1.132,42928.0,0.09095704304322774,,,,
1.137,54059.0,0.09055641828021617,,,1.144,42946.0,0.09095958537609643,,,,
1.149,54056.0,0.09055340223514052,,,1.157,42948.0,0.09096562341665956,,,,
1.162,54046.0,0.09055114020133379,,,1.167,42950.0,0.0909672123747025,,,,
1.173,54040.0,0.09054979973685572,,,1.178,42956.0,0.09096954284649882,,,,
1.184,54037.0,0.09055608316409665,,,1.189,42966.0,0.09094411951781188,,,,
1.196,54032.0,0.09053572485983602,,,1.201,42957.0,0.0909721911099037,,,,
1.208,54010.0,0.09053597619692566,,,1.214,42945.0,0.09097356820687423,,,,
1.219,54022.0,0.09053270881476037,,,1.223,42938.0,0.09097335634580184,,,,
1.23,54027.0,0.09052952521162497,,,1.236,42939.0,0.09097325041526566,,,,
1.242,54012.0,0.09052290666826453,,,1.249,42942.0,0.09096890726328163,,,,
1.255,53983.0,0.09051595300878455,,,1.262,42928.0,0.09096774202738347,,,,
1.267,54028.0,0.0905162043458742,,,1.273,42933.0,0.0909627632921823,,,,
1.277,54019.0,0.09051511521848576,,,1.285,42949.0,0.09095640746001056,,,,
1.29,54008.0,0.09051327207982843,,,1.296,42928.0,0.09095142872480937,,,,
1.3,54002.0,0.09050958580251374,,,1.307,42939.0,0.09094517882317384,,,,
1.312,54025.0,0.09049894586571909,,,1.318,42920.0,0.09093755182456775,,,,
1.323,54007.0,0.0904977729593008,,,1.33,42908.0,0.09095365326606948,,,,
1.336,54003.0,0.09050707243161736,,,1.341,42914.0,0.09092558167397767,,,,
1.347,54023.0,0.09050489417684052,,,1.352,42926.0,0.09092134445252985,,,,
1.359,53974.0,0.09049978365601788,,,1.363,42917.0,0.09091583606464766,,,,
1.37,54062.0,0.0905021294688545,,,1.375,42899.0,0.0909104336073017,,,,
1.382,54043.0,0.0905037212704222,,,1.386,42888.0,0.09091085732944648,,,,
1.392,54024.0,0.09050271592206365,,,1.397,42903.0,0.09089994648421833,,,,
1.404,53996.0,0.09050112412049595,,,1.409,42897.0,0.09089422623526378,,,,
1.415,53910.0,0.09049953231892824,,,1.419,42894.0,0.09088850598630922,,,,
1.424,54018.0,0.09049953231892824,,,1.43,43109.0,0.09088077305716695,,,,
1.434,54121.0,0.0904965162738526,,,1.439,42680.0,0.09087515873874859,,,,
1.445,53996.0,0.09049517580937454,,,1.452,42898.0,0.09087176896159033,,,,
1.457,53966.0,0.09049425424004585,,,1.462,42887.0,0.09086721394853392,,,,
1.468,54040.0,0.09049107063691046,,,1.474,42891.0,0.09086106997743457,,,,
1.479,54002.0,0.09049266243847816,,,1.484,42932.0,0.09085556158955241,,,,
1.49,54016.0,0.09048822214989456,,,1.497,42830.0,0.0908532311177561,,,,
1.503,54000.0,0.09048336296616157,,,1.51,42895.0,0.09085121843756838,,,,
1.514,53989.0,0.09048110093235484,,,1.52,42874.0,0.0908440151611071,,,,
1.525,54002.0,0.09048076581623532,,,1.531,42866.0,0.09088850598630922,,,,
1.537,53989.0,0.09049953231892824,,,1.543,42867.0,0.09088850598630922,,,,
1.548,53991.0,0.09049953231892824,,,1.554,42876.0,0.09088850598630922,,,,
1.561,53992.0,0.09049953231892824,,,1.566,42871.0,0.09088850598630922,,,,
1.572,53985.0,0.09049953231892824,,,1.576,42868.0,0.09088850598630922,,,,
1.584,53993.0,0.09049953231892824,,,1.589,42865.0,0.09088850598630922,,,,
1.595,54009.0,0.09049953231892824,,,1.602,42877.0,0.09088850598630922,,,,
1.607,53985.0,0.09049953231892824,,,1.614,42869.0,0.09088850598630922,,,,
1.62,53997.0,0.09049953231892824,,,1.627,42835.0,0.09088850598630922,,,,
1.634,53992.0,0.09049953231892824,,,1.639,42840.0,0.09088850598630922,,,,
1.646,54010.0,0.09049953231892824,,,,,,,,,
