0.244,59937.0,0.09051209561428797,0.244,59937.0,0.25,67304.0,0.09085345678725847,0.25,67304.0,0.020000000000000018,0.8599999999999992
0.257,59878.0,0.09051209561428797,0.257,59878.0,0.264,67310.0,0.09085345678725847,0.264,67310.0,,
0.269,59888.0,0.09051209561428797,,,0.276,67298.0,0.09085345678725847,,,,
0.282,59904.0,0.09051209561428797,,,0.289,67321.0,0.09085345678725847,,,,
0.294,59826.0,0.09051209561428797,,,0.302,67274.0,0.09085345678725847,,,,
0.307,59838.0,0.09051209561428797,,,0.314,67317.0,0.09085345678725847,,,,
0.32,59831.0,0.09051209561428797,,,0.327,67342.0,0.09085345678725847,,,,
0.332,59836.0,0.09051209561428797,,,0.339,67351.0,0.09085345678725847,,,,
0.345,59828.0,0.09051209561428797,,,0.352,67330.0,0.09085345678725847,,,,
0.357,59836.0,0.09051209561428797,,,0.362,67532.0,0.09085345678725847,,,,
0.367,59805.0,0.09051209561428797,,,0.374,67342.0,0.09085345678725847,,,,
0.38,59793.0,0.0905268460159741,,,0.387,67370.0,0.0908539289929625,,,,
0.393,59822.0,0.09049976579134006,,,0.4,67333.0,0.09085440119866657,,,,
0.404,59791.0,0.09049341177215219,,,0.409,66839.0,0.09085649239535595,,,,
0.415,60169.0,0.09048781418382,,,0.419,67877.0,0.09085709951697545,,,,
0.424,59604.0,0.09048698210987874,,,0.43,67319.0,0.09085959546141116,,,,
0.434,59621.0,0.0904838051002848,,,0.44,67325.0,0.090858178844299,,,,
0.445,59801.0,0.09048463717422607,,,0.449,67371.0,0.09085467103049745,,,,
0.455,59776.0,0.09048161145080326,,,0.46,67327.0,0.09084994897345691,,,,
0.467,59784.0,0.09048115759228983,,,0.473,67334.0,0.09084657607557081,,,,
0.48,60132.0,0.09047979601674959,,,0.486,67311.0,0.09082822751107045,,,,
0.492,59520.0,0.0904817627369744,,,0.498,67317.0,0.0908228308744527,,,,
0.505,59804.0,0.09048577182050961,,,0.51,67329.0,0.09081493829339922,,,,
0.517,59830.0,0.0904870577529643,,,0.524,67330.0,0.09080691079643032,,,,
0.529,59815.0,0.09049174762426963,,,0.535,67311.0,0.0908342312693077,,,,
0.54,59796.0,0.09046860084008523,,,0.545,67296.0,0.09079233987756236,,,,
0.552,59842.0,0.09048910011627469,,,0.559,67290.0,0.09078640357728283,,,,
0.564,59796.0,0.0905084647461806,,,0.571,67281.0,0.09078060219291874,,,,
0.577,59822.0,0.09051572648239532,,,0.583,67280.0,0.09076913434010601,,,,
0.589,59818.0,0.09052593829894727,,,0.596,67260.0,0.09076549161038903,,,,
0.602,59831.0,0.09053554497081466,,,0.609,67262.0,0.09073614739877997,,,,
0.615,59846.0,0.09051950863667382,,,0.622,67253.0,0.0907596227680672,,,,
0.627,59839.0,0.09055188387729776,,,0.634,67214.0,0.09075685699180061,,,,
0.64,59853.0,0.09056497013110137,,,0.646,67244.0,0.0907559125803925,,,,
0.653,59863.0,0.09057261008274395,,,0.658,67256.0,0.09075375392574539,,,,
0.665,59875.0,0.09058191418226905,,,0.671,67231.0,0.09072434225617863,,,,
0.678,59877.0,0.09059484914990151,,,0.684,67239.0,0.09075193256088691,,,,
0.69,59897.0,0.09063524255759588,,,0.695,67201.0,0.09076056717947531,,,,
0.7,59911.0,0.09061012905318663,,,0.707,67273.0,0.09076178142271432,,,,
0.713,59911.0,0.09061776900482921,,,0.719,66899.0,0.09076367024553053,,,,
0.724,59920.0,0.09062344223624696,,,0.73,67659.0,0.09076576144221991,,,,
0.735,59948.0,0.0906273756766966,,,0.742,67276.0,0.09077061841517588,,,,
0.748,59977.0,0.09063176297565965,,,0.755,67315.0,0.09077500318242782,,,,
0.76,59931.0,0.09064409279860756,,,0.768,67298.0,0.09078303067939673,,,,
0.772,59938.0,0.09062487945487278,,,0.778,66875.0,0.09078991139108436,,,,
0.783,59967.0,0.09062465252561608,,,0.787,67705.0,0.09079503819587124,,,,
0.792,60376.0,0.09061943315271175,,,0.798,67418.0,0.09080529180544498,,,,
0.802,59464.0,0.09061436506597856,,,0.807,67299.0,0.0908161525366382,,,,
0.813,59923.0,0.09060733025902055,,,0.817,67308.0,0.0908290370065631,,,,
0.823,59893.0,0.0905993877350357,,,0.828,67291.0,0.09083679467170112,,,,
0.832,59883.0,0.0905900836355106,,,0.837,67334.0,0.09086897211753452,,,,
0.843,59904.0,0.09057835895724725,,,0.848,67318.0,0.09084819506655614,,,,
0.856,60002.0,0.0905643649864168,,,0.86,67333.0,0.09085150050648452,,,,
0.865,59599.0,0.09054560550119546,,,0.871,67346.0,0.0908529845815544,,,,
0.878,59860.0,0.09052858580694222,,,0.883,67332.0,0.09085561544190555,,,,
0.89,59806.0,0.09050929682012188,,,0.897,67383.0,0.09088603898083816,,,,
0.903,59810.0,0.09048751161147772,,,0.909,67400.0,0.09086175411605825,,,,
0.916,59804.0,0.090436452528718,,,0.921,67392.0,0.09085790901246811,,,,
0.927,59806.0,0.09045347222297123,,,0.934,67388.0,0.09086337310704358,,,,
0.94,59788.0,0.09043660381488913,,,0.947,67376.0,0.0908686348277459,,,,
0.952,59765.0,0.09042117262543287,,,0.959,67351.0,0.0908753806235181,,,,
0.965,59763.0,0.09040702736843127,,,0.97,67325.0,0.09087915826915054,,,,
0.974,59729.0,0.09038970510183575,,,0.982,67337.0,0.09086202394788914,,,,
0.988,59706.0,0.09036602881605235,,,0.994,67337.0,0.0908929196925258,,,,
1.0,59683.0,0.09037102125969997,,,1.007,67326.0,0.09089973294625572,,,,
1.012,59679.0,0.09035664907344168,,,1.019,67345.0,0.09090560178857753,,,,
1.026,59701.0,0.0903482526909434,,,1.031,67361.0,0.09091086350927985,,,,
1.038,59689.0,0.09033947809301729,,,1.044,67380.0,0.09090472483512715,,,,
1.05,59700.0,0.09032881241795193,,,1.054,67386.0,0.09088840000935842,,,,
1.06,59689.0,0.09035498492555914,,,1.067,67391.0,0.09090985163991402,,,,
1.072,59696.0,0.09030990164655943,,,1.078,67390.0,0.09092010524948775,,,,
1.083,59675.0,0.09029953854383635,,,1.09,67064.0,0.09093595786955241,,,,
1.094,59689.0,0.09028985622888339,,,1.1,67791.0,0.09095295727489836,,,,
1.105,59665.0,0.0902822919203264,,,1.113,67447.0,0.09097150821327189,,,,
1.117,59670.0,0.09029318452464846,,,1.123,67419.0,0.0909872259174211,,,,
1.128,59695.0,0.09026254907499262,,,1.135,67461.0,0.0910050348182597,,,,
1.139,59694.0,0.09026164135796579,,,1.145,67309.0,0.09102149455994386,,,,
1.15,59663.0,0.09026103621328123,,,1.155,67150.0,0.0910378868436703,,,,
1.161,60152.0,0.09026648251544228,,,1.166,67706.0,0.09105535845472028,,,,
1.173,59192.0,0.09027381989474256,,,1.177,67528.0,0.09107053649520772,,,,
1.183,59628.0,0.09028448556980792,,,1.188,67586.0,0.09108294875942856,,,,
1.196,59635.0,0.09029719360818368,,,1.202,67577.0,0.0910947539020299,,,,
1.208,59629.0,0.09031126322209969,,,1.213,67612.0,0.09112322116018857,,,,
1.218,59850.0,0.09032669441155597,,,1.223,67570.0,0.09110203936146388,,,,
1.23,59278.0,0.09034545389677733,,,1.236,67590.0,0.09110001562273222,,,,
1.244,59667.0,0.0903648941697688,,,1.248,67589.0,0.09109461898611447,,,,
1.254,59693.0,0.0903832754395623,,,1.259,67604.0,0.09109192066780558,,,,
1.266,59761.0,0.09040627093757557,,,1.271,67639.0,0.09111080889596773,,,,
1.277,59797.0,0.09043773846117269,,,1.284,67611.0,0.09114986705348875,,,,
1.288,59830.0,0.09043297294678178,,,1.294,67575.0,0.09115964845735842,,,,
1.3,59864.0,0.09049454641843574,,,1.307,67565.0,0.09118217941523755,,,,
1.312,59861.0,0.09052442543723588,,,1.318,67486.0,0.09119573846473968,,,,
1.323,59893.0,0.09055090051718537,,,1.33,67477.0,0.09119297268847308,,,,
1.335,59913.0,0.09057631659393686,,,1.342,67417.0,0.09117914380714007,,,,
1.348,59927.0,0.0905847886195207,,,1.353,67339.0,0.09115553352193739,,,,
1.36,59938.0,0.09063652849005056,,,1.367,67421.0,0.09115641047538778,,,,
1.374,59998.0,0.09066005348966281,,,1.379,67589.0,0.09113462155504358,,,,
1.385,60079.0,0.09067994762116773,,,1.392,67729.0,0.09110844786744747,,,,
1.398,60089.0,0.09069553009679514,,,1.404,67851.0,0.0910760005897832,,,,
1.411,60006.0,0.09070929713836888,,,1.418,67862.0,0.09100793551044174,,,,
1.423,60023.0,0.09072851048210365,,,1.43,67787.0,0.09101542334374889,,,,
1.436,59985.0,0.0907555907067377,,,1.442,67536.0,0.09098560692643577,,,,
1.447,59965.0,0.09075536377748099,,,1.454,67407.0,0.09096031019229003,,,,
1.459,59962.0,0.09076277679986684,,,1.466,67220.0,0.09093386667286303,,,,
1.47,59962.0,0.0907709462531084,,,1.475,67603.0,0.09091052621949124,,,,
1.481,59978.0,0.09078168757125933,,,1.488,67266.0,0.09088927696280882,,,,
1.492,59956.0,0.09081565131668026,,,1.498,67216.0,0.0908609446205656,,,,
1.504,59967.0,0.09080407792458806,,,1.511,67158.0,0.09082208883691775,,,,
1.515,59979.0,0.09080831393737997,,,1.52,66602.0,0.09077736421094808,,,,
1.526,60084.0,0.09081497052891012,,,1.53,67686.0,0.09072805244385335,,,,
1.536,60222.0,0.09083282229710464,,,1.542,67123.0,0.09067847084492771,,,,
1.549,59858.0,0.09085037149295687,,,1.553,67111.0,0.09098560692643577,,,,
1.558,59991.0,0.09075536377748099,,,1.564,67085.0,0.09098560692643577,,,,
1.571,60021.0,0.09075536377748099,,,1.576,67071.0,0.09098560692643577,,,,
1.584,60069.0,0.09075536377748099,,,1.588,67024.0,0.09098560692643577,,,,
1.594,60387.0,0.09075536377748099,,,1.599,67001.0,0.09098560692643577,,,,
1.606,59845.0,0.09075536377748099,,,1.612,67013.0,0.09098560692643577,,,,
1.617,60135.0,0.09075536377748099,,,1.624,67066.0,0.09098560692643577,,,,
1.629,60177.0,0.09075536377748099,,,1.635,67120.0,0.09098560692643577,,,,
1.64,60242.0,0.09075536377748099,,,1.647,67127.0,0.09098560692643577,,,,
1.653,60255.0,0.09075536377748099,,,1.658,67167.0,0.09098560692643577,,,,
1.662,60297.0,0.09075536377748099,,,,,,,,,
0.244,60524.0,0.09051837861870675,0.244,60524.0,0.25,64098.0,0.09083861983366726,0.25,64098.0,0.020000000000000018,0.8599999999999992
0.257,60454.0,0.09051837861870675,0.257,60454.0,0.264,64105.0,0.09083861983366726,0.264,64105.0,,
0.269,60488.0,0.09051837861870675,,,0.276,64117.0,0.09083861983366726,,,,
0.282,60486.0,0.09051837861870675,,,0.288,64135.0,0.09083861983366726,,,,
0.294,60483.0,0.09051837861870675,,,0.302,64131.0,0.09083861983366726,,,,
0.307,60468.0,0.09051837861870675,,,0.314,64133.0,0.09083861983366726,,,,
0.32,60475.0,0.09051837861870675,,,0.327,64142.0,0.09083861983366726,,,,
0.332,60469.0,0.09051837861870675,,,0.339,64131.0,0.09083861983366726,,,,
0.345,60492.0,0.09051837861870675,,,0.352,64193.0,0.09083861983366726,,,,
0.356,60524.0,0.09051837861870675,,,0.362,64342.0,0.09083861983366726,,,,
0.367,60478.0,0.09051837861870675,,,0.374,64140.0,0.09083861983366726,,,,
0.38,60459.0,0.09053716150142947,,,0.387,64161.0,0.09084131007085965,,,,
0.393,60479.0,0.09052219506101296,,,0.4,64129.0,0.09084661974952882,,,,
0.404,60468.0,0.0905220453966088,,,0.409,63674.0,0.09085192942819799,,,,
0.415,60961.0,0.0905237665372567,,,0.419,64670.0,0.09085575239683981,,,,
0.424,60071.0,0.09052518834909626,,,0.43,64144.0,0.09086092048407779,,,,
0.434,60421.0,0.09052907962360457,,,0.44,64136.0,0.09086743368991199,,,,
0.445,60480.0,0.09053162391847537,,,0.449,64176.0,0.09087352212145264,,,,
0.454,60486.0,0.09053297089811285,,,0.46,64181.0,0.09087854861725946,,,,
0.467,60452.0,0.090534916535367,,,0.473,64171.0,0.0908808848758739,,,,
0.48,60775.0,0.09053484170316492,,,0.486,64136.0,0.0908705487013979,,,,
0.492,60254.0,0.09053933163528988,,,0.498,64180.0,0.0908769203158009,,,,
0.505,60486.0,0.09054748834531687,,,0.51,64192.0,0.09088173442446096,,,,
0.518,60509.0,0.09055317559267514,,,0.524,64189.0,0.0908859821673963,,,,
0.529,60502.0,0.09056095814169172,,,0.535,64204.0,0.09092272514378698,,,,
0.54,60520.0,0.09053259673710244,,,0.545,64225.0,0.09089199980322137,,,,
0.552,60509.0,0.09057135981778121,,,0.559,64228.0,0.09089766346046849,,,,
0.564,60487.0,0.09058430578874149,,,0.571,64202.0,0.09090438905344943,,,,
0.577,60518.0,0.0905924624987685,,,0.583,64226.0,0.09090948634497184,,,,
0.589,60523.0,0.09060211585283715,,,0.596,64196.0,0.09091515000221896,,,,
0.602,60538.0,0.09061543598480784,,,0.609,64230.0,0.09090651292491711,,,,
0.615,60568.0,0.09060323833586838,,,0.622,64229.0,0.09093822940550098,,,,
0.627,60555.0,0.09063107591504309,,,0.634,64189.0,0.09094424704132603,,,,
0.64,60572.0,0.09064207624874923,,,0.646,64193.0,0.09095047706429786,,,,
0.653,60582.0,0.09064806282491585,,,0.658,64236.0,0.09095762743157235,,,,
0.665,60589.0,0.090656369199347,,,0.671,64224.0,0.09092831800531852,,,,
0.676,60594.0,0.09068705040220085,,,0.683,64231.0,0.09097100782181866,,,,
0.688,60589.0,0.09068652657678627,,,0.695,64248.0,0.09097511397332282,,,,
0.7,60615.0,0.09067754671253636,,,0.707,64261.0,0.09098056524342317,,,,
0.713,60630.0,0.09068166248365091,,,0.719,64049.0,0.09098403423348704,,,,
0.724,60612.0,0.09068330879209673,,,0.73,64584.0,0.09098835277213796,,,,
0.735,60626.0,0.09068413194631963,,,0.742,64265.0,0.09098778640641327,,,,
0.748,60633.0,0.09070179234601111,,,0.755,64280.0,0.09098743242783532,,,,
0.76,60589.0,0.09067200912958226,,,0.768,64290.0,0.0909894147078718,,,,
0.772,60613.0,0.0906666960432344,,,0.777,63790.0,0.09098976868644974,,,,
0.783,60930.0,0.09066085913147195,,,0.787,64828.0,0.09098212274916614,,,,
0.792,60502.0,0.09065734201797407,,,0.798,64286.0,0.09097858296338669,,,,
0.802,60367.0,0.09064851181812833,,,0.807,64279.0,0.09097256532756164,,,,
0.813,60573.0,0.09063983128268675,,,0.817,64275.0,0.09096562734743391,,,,
0.823,60545.0,0.09063047725742644,,,0.828,64257.0,0.09095699027013206,,,,
0.832,60549.0,0.09061850410509323,,,0.837,64222.0,0.09096350347596624,,,,
0.843,60804.0,0.09060765343579126,,,0.848,64224.0,0.09093129142537325,,,,
0.856,60157.0,0.09059395914281014,,,0.86,64217.0,0.0909225127566402,,,,
0.865,60501.0,0.09057891787019154,,,0.871,64198.0,0.09091061907642127,,,,
0.878,60504.0,0.09056851619410207,,,0.883,64128.0,0.09089532720185405,,,,
0.89,60542.0,0.0905546722367168,,,0.896,64174.0,0.09091883137942958,,,,
0.903,60476.0,0.09051658264585677,,,0.909,64146.0,0.09086870801279258,,,,
0.914,60473.0,0.09050760278160686,,,0.921,64150.0,0.09085674353685805,,,,
0.927,60490.0,0.09051149405611517,,,0.934,64139.0,0.09084569940522616,,,,
0.94,60470.0,0.09049996989699444,,,0.947,64141.0,0.09083415970358516,,,,
0.952,60467.0,0.09048979271751122,,,0.959,64129.0,0.09082608899200802,,,,
0.965,60443.0,0.09047946587362382,,,0.97,64141.0,0.09082134567906355,,,,
0.977,60432.0,0.09045043097921579,,,0.984,64112.0,0.0907972751357633,,,,
0.991,60450.0,0.09046921386193851,,,0.996,64074.0,0.09081759350613733,,,,
1.003,60428.0,0.09046180547393233,,,1.008,64122.0,0.09081405372035789,,,,
1.015,60421.0,0.0904550705757449,,,1.021,64120.0,0.09081596520467879,,,,
1.028,60382.0,0.09044489339626167,,,1.032,64117.0,0.09081723952755939,,,,
1.038,60419.0,0.09044137628276379,,,1.044,64123.0,0.09078523986411317,,,,
1.05,60419.0,0.09045447191812823,,,1.054,64112.0,0.09082509785198978,,,,
1.06,60409.0,0.09045514540794698,,,1.067,64143.0,0.0908268677448795,,,,
1.073,60411.0,0.0904280561507931,,,1.078,64155.0,0.09083104469209924,,,,
1.083,60416.0,0.09042296756105149,,,1.09,63884.0,0.09083338095071368,,,,
1.094,60408.0,0.090421620581414,,,1.1,64504.0,0.09083543402646575,,,,
1.105,60402.0,0.09042132125260567,,,1.113,64148.0,0.09083918619939198,,,,
1.117,60414.0,0.09044564171828251,,,1.123,64155.0,0.09084647815809764,,,,
1.128,60406.0,0.09041615783066197,,,1.135,64192.0,0.09084881441671208,,,,
1.139,60429.0,0.09041728031369321,,,1.145,63694.0,0.0908538409125189,,,,
1.15,60648.0,0.09041870212553278,,,1.158,64713.0,0.09085971695691278,,,,
1.162,60499.0,0.09041870212553278,,,1.168,64164.0,0.0908660177756002,,,,
1.173,60108.0,0.09042139608480775,,,1.177,64200.0,0.09087274336858116,,,,
1.183,60399.0,0.090421620581414,,,1.188,64162.0,0.0908776282729568,,,,
1.196,60425.0,0.0904224437356369,,,1.2,64170.0,0.09088187601589214,,,,
1.206,60428.0,0.09042371588307231,,,1.211,64165.0,0.09090615894633916,,,,
1.218,60775.0,0.09042618534574104,,,1.224,64177.0,0.0908827255644792,,,,
1.23,60034.0,0.09042895413721809,,,1.235,64155.0,0.0908872564902769,,,,
1.241,60436.0,0.09043247125071596,,,1.246,64191.0,0.09089327412610197,,,,
1.253,60401.0,0.09043546453879928,,,1.259,64200.0,0.09089645993330348,,,,
1.265,60419.0,0.09043688635063883,,,1.27,64212.0,0.09093532678116181,,,,
1.276,60455.0,0.09042304239325356,,,1.282,64207.0,0.09090261916055971,,,,
1.288,60412.0,0.09042147091700983,,,1.294,64212.0,0.09090736247350417,,,,
1.3,60422.0,0.09044893433517413,,,1.307,64215.0,0.09090991111926537,,,,
1.312,60433.0,0.09045701621299905,,,1.318,64227.0,0.09091578716365925,,,,
1.326,60441.0,0.0904636762789844,,,1.332,64173.0,0.09092053047660373,,,,
1.338,60439.0,0.09047041117717183,,,1.344,64212.0,0.09092605254241966,,,,
1.351,60461.0,0.09045170312665118,,,1.356,64240.0,0.09092477821953907,,,,
1.362,60446.0,0.0904885954022779,,,1.37,64237.0,0.09094877796712372,,,,
1.376,60448.0,0.09049615345468824,,,1.382,64243.0,0.09095380446293055,,,,
1.388,60463.0,0.09050700412399021,,,1.395,64251.0,0.09095826459301265,,,,
1.4,60478.0,0.09051718130347343,,,1.406,64231.0,0.09096314949738829,,,,
1.414,60475.0,0.0905259366711171,,,1.42,64236.0,0.09093299052254739,,,,
1.425,60507.0,0.09056260445013754,,,1.429,64245.0,0.09097589272619432,,,,
1.436,60514.0,0.09056395142977504,,,1.442,64237.0,0.09098070683485436,,,,
1.447,60518.0,0.09055512122992929,,,1.454,64243.0,0.09098587492209236,,,,
1.459,60525.0,0.09056597189923125,,,1.466,64159.0,0.09099429961224745,,,,
1.47,60527.0,0.09057570008550199,,,1.475,64494.0,0.09100045883950368,,,,
1.481,60537.0,0.090583856795529,,,1.488,64262.0,0.09100640567961316,,,,
1.492,60546.0,0.09061955175592237,,,1.498,64263.0,0.09101114899255762,,,,
1.504,60555.0,0.09060129269861424,,,1.511,64281.0,0.09101362684260324,,,,
1.515,60572.0,0.0906061567917496,,,1.52,63781.0,0.09101475957405265,,,,
1.526,60902.0,0.0906087010866204,,,1.533,64818.0,0.0910151135526306,,,,
1.538,60440.0,0.09061102088488497,,,1.543,64283.0,0.09101341445545647,,,,
1.549,60315.0,0.09060780310019542,,,1.553,64300.0,0.09098070683485436,,,,
1.558,60586.0,0.09055512122992929,,,1.564,64292.0,0.09098070683485436,,,,
1.571,60569.0,0.09055512122992929,,,1.575,64299.0,0.09098070683485436,,,,
1.581,60570.0,0.09055512122992929,,,1.587,64324.0,0.09098070683485436,,,,
1.594,60923.0,0.09055512122992929,,,1.599,64304.0,0.09098070683485436,,,,
1.606,60204.0,0.09055512122992929,,,1.61,64278.0,0.09098070683485436,,,,
1.616,60528.0,0.09055512122992929,,,1.622,64267.0,0.09098070683485436,,,,
1.629,60512.0,0.09055512122992929,,,1.635,64236.0,0.09098070683485436,,,,
1.64,60506.0,0.09055512122992929,,,1.646,64212.0,0.09098070683485436,,,,
1.65,60464.0,0.09055512122992929,,,1.657,64203.0,0.09098070683485436,,,,
1.662,60478.0,0.09055512122992929,,,,,,,,,
0.244,60352.0,0.09044708594452278,0.244,60352.0,0.25,64589.0,0.09089046050811747,0.25,64589.0,0.006000000000000005,2.866666666666664
0.257,60335.0,0.09044708594452278,0.257,60335.0,0.264,64559.0,0.09089046050811747,0.264,64559.0,,
0.269,60316.0,0.09044708594452278,,,0.276,64570.0,0.09089046050811747,,,,
0.282,60366.0,0.09044708594452278,,,0.288,64560.0,0.09089046050811747,,,,
0.294,60316.0,0.09044708594452278,,,0.302,64563.0,0.09089046050811747,,,,
0.307,60347.0,0.09044708594452278,,,0.314,64549.0,0.09089046050811747,,,,
0.32,60340.0,0.09044708594452278,,,0.327,64550.0,0.09089046050811747,,,,
0.332,60332.0,0.09044708594452278,,,0.339,64557.0,0.09089046050811747,,,,
0.345,60343.0,0.09044708594452278,,,0.352,64434.0,0.09089046050811747,,,,
0.356,60342.0,0.09044708594452278,,,0.362,64779.0,0.09089046050811747,,,,
0.367,60317.0,0.09044708594452278,,,0.374,64572.0,0.09089046050811747,,,,
0.38,60335.0,0.09045675344231824,,,0.387,64550.0,0.09088743410587598,,,,
0.392,60345.0,0.09046717035854746,,,0.397,64556.0,0.09088954554930027,,,,
0.402,60362.0,0.0904534560012097,,,0.406,64040.0,0.09089081241535485,,,,
0.412,60469.0,0.09045495483807722,,,0.417,65106.0,0.0908927127144367,,,,
0.421,60574.0,0.0904596012323665,,,0.427,64551.0,0.09089250157009428,,,,
0.433,60020.0,0.09046222419688466,,,0.437,64564.0,0.09089383881759634,,,,
0.442,60353.0,0.09046851931172821,,,0.447,64600.0,0.09089587987957315,,,,
0.451,60363.0,0.09047301582233075,,,0.457,64568.0,0.09089651331260043,,,,
0.462,60370.0,0.09047758727477666,,,0.466,64581.0,0.0909064370966946,,,,
0.473,60481.0,0.09048560605201786,,,0.478,64546.0,0.09089299424022661,,,,
0.482,60474.0,0.09049474895690969,,,0.487,64589.0,0.09089496492075595,,,,
0.493,60133.0,0.09050411668733165,,,0.498,64588.0,0.0908984136116823,,,,
0.505,60386.0,0.09051258511563309,,,0.51,64587.0,0.09090122886958135,,,,
0.517,60378.0,0.09052225261342854,,,0.522,64560.0,0.09094296506793485,,,,
0.528,60382.0,0.09052510040347682,,,0.533,64568.0,0.09090840777722395,,,,
0.54,60424.0,0.0905199294162839,,,0.545,64579.0,0.09091403829302205,,,,
0.552,60392.0,0.09055672586138133,,,0.559,64566.0,0.0909186834685555,,,,
0.564,60404.0,0.09056841678894793,,,0.571,64575.0,0.09091861308710802,,,,
0.577,60449.0,0.09058100701863503,,,0.584,64588.0,0.09092417322145865,,,,
0.589,60439.0,0.09059254806251489,,,0.596,64600.0,0.09092987411870425,,,,
0.602,60460.0,0.09059726939864755,,,0.609,64599.0,0.09090904121025123,,,,
0.615,60458.0,0.09060139120003322,,,0.62,64596.0,0.09093698264489936,,,,
0.627,60491.0,0.09062919462392557,,,0.633,64633.0,0.09094296506793485,,,,
0.641,60507.0,0.09064043590043191,,,0.646,64615.0,0.09094803253215315,,,,
0.653,60505.0,0.09065010339822738,,,0.658,64631.0,0.09095605601716547,,,,
0.665,60511.0,0.09065602380385406,,,0.671,64630.0,0.0909269884793577,,,,
0.676,60509.0,0.09066591612717963,,,0.683,64599.0,0.09096478331665253,,,,
0.688,60531.0,0.09069611769006002,,,0.695,64647.0,0.0909696396365284,,,,
0.7,60524.0,0.09066966321934841,,,0.707,64662.0,0.09097224375008503,,,,
0.711,60544.0,0.09066674048745677,,,0.717,64250.0,0.0909717510799527,,,,
0.722,60529.0,0.09066561635980613,,,0.73,64986.0,0.0909705545953456,,,,
0.735,60504.0,0.09066246880238436,,,0.742,64673.0,0.0909681616261314,,,,
0.748,60536.0,0.09066591612717963,,,0.755,64659.0,0.09096851353336878,,,,
0.759,60507.0,0.09064680595711884,,,0.764,64674.0,0.0909672466673142,,,,
0.771,60461.0,0.09063691363379327,,,0.775,64155.0,0.09096407950217777,,,,
0.78,60556.0,0.09062837026364845,,,0.785,65116.0,0.09096020852256656,,,,
0.789,60795.0,0.0906183280566361,,,0.795,64635.0,0.090957463646115,,,,
0.8,60051.0,0.0906079111404069,,,0.804,64612.0,0.09095605601716547,,,,
0.809,60410.0,0.09059599538731015,,,0.816,64581.0,0.09095098855294717,,,,
0.82,60424.0,0.0905832552739363,,,0.825,64583.0,0.090944020789647,,,,
0.831,60418.0,0.09056774231235755,,,0.835,64565.0,0.09096619094560206,,,,
0.84,60504.0,0.0905559015011042,,,0.845,64601.0,0.09093620844897712,,,,
0.852,60236.0,0.09054488505012798,,,0.859,64615.0,0.09092804420106985,,,,
0.865,60375.0,0.0905281730190552,,,0.871,64570.0,0.0909210764377697,,,,
0.878,60391.0,0.09051453360356085,,,0.883,64576.0,0.09091220837538767,,,,
0.89,60377.0,0.09050509093129552,,,0.897,64591.0,0.09094085362451056,,,,
0.902,60370.0,0.09048912831865652,,,0.909,64579.0,0.09090066581800155,,,,
0.915,60372.0,0.09045450518701698,,,0.921,64575.0,0.0908951056836509,,,,
0.927,60354.0,0.09047503925210189,,,0.932,64563.0,0.09089102355969728,,,,
0.936,60337.0,0.09046881907910172,,,0.944,64565.0,0.09088954554930027,,,,
0.95,60371.0,0.09046132489476415,,,0.956,64560.0,0.09088778601311337,,,,
0.962,60357.0,0.09045435530333021,,,0.969,64557.0,0.09088574495113655,,,,
0.974,60313.0,0.09043914210912497,,,0.982,64560.0,0.09085386215542975,,,,
0.988,60325.0,0.09044483768922151,,,0.995,64548.0,0.09086603814584317,,,,
1.0,60335.0,0.0904408657715226,,,1.007,64562.0,0.09086392670241887,,,,
1.013,60343.0,0.09043427088930556,,,1.018,64545.0,0.09086097068162485,,,,
1.026,60333.0,0.09043029897160663,,,1.032,64556.0,0.09085512902148432,,,,
1.037,60325.0,0.09042625211206436,,,1.041,64554.0,0.09082366851446237,,,,
1.048,60327.0,0.09042310455464257,,,1.054,64560.0,0.090859070382543,,,,
1.059,60324.0,0.09044363861972751,,,1.065,64558.0,0.09085843694951572,,,,
1.071,60325.0,0.0904141115334375,,,1.078,64536.0,0.0908596334341228,,,,
1.082,60301.0,0.09041223798735311,,,1.088,64148.0,0.0908578738979359,,,,
1.093,60312.0,0.09041306234763025,,,1.1,64788.0,0.09085681817622375,,,,
1.104,60322.0,0.09041643473058215,,,1.111,64540.0,0.09085301757806002,,,,
1.116,60303.0,0.09044596181687214,,,1.123,64534.0,0.09085224338213779,,,,
1.127,60324.0,0.09042160571777506,,,1.132,64508.0,0.09085048384595087,,,,
1.138,60316.0,0.0904227298454257,,,1.142,64132.0,0.09085146918621555,,,,
1.147,60330.0,0.09042452844966672,,,1.154,65078.0,0.0908540029183247,,,,
1.161,60628.0,0.09042895001842588,,,1.165,64554.0,0.09085498825858936,,,,
1.17,59943.0,0.09043254722690791,,,1.176,64582.0,0.090856114361749,,,,
1.183,60346.0,0.09043771821410082,,,1.187,64535.0,0.09085738122780357,,,,
1.192,60368.0,0.09044198989917324,,,1.199,64542.0,0.09085984457846524,,,,
1.206,60358.0,0.09044873466507704,,,1.211,64506.0,0.09089088279680232,,,,
1.218,60719.0,0.09045368082673984,,,1.222,64537.0,0.09087687688875452,,,,
1.228,60010.0,0.09045952629052313,,,1.233,64537.0,0.09088117015705059,,,,
1.241,60358.0,0.0904676200096077,,,1.247,64559.0,0.09088567456968907,,,,
1.254,60357.0,0.09047488936841515,,,1.258,64592.0,0.09089144584838213,,,,
1.263,60384.0,0.09048275826196958,,,1.269,64568.0,0.0909234694069839,,,,
1.276,60375.0,0.09049062715552403,,,1.282,64576.0,0.0908891232606154,,,,
1.288,60393.0,0.09047721256555978,,,1.293,64576.0,0.09089376843614885,,,,
1.297,60382.0,0.09051610738227174,,,1.304,64571.0,0.09089503530220343,,,,
1.31,60391.0,0.09052787325168171,,,1.317,64589.0,0.0908998916220793,,,,
1.323,60378.0,0.09053604191260965,,,1.329,64589.0,0.09090411450892788,,,,
1.336,60400.0,0.0905463838869955,,,1.341,64601.0,0.09089130508548718,,,,
1.348,60411.0,0.09052907232117573,,,1.354,64598.0,0.09090580366366732,,,,
1.361,60421.0,0.09056714277761055,,,1.367,64590.0,0.09091347524144225,,,,
1.373,60421.0,0.09058010771651454,,,1.38,64587.0,0.09091664240657868,,,,
1.385,60435.0,0.09059209841145463,,,1.392,64590.0,0.0909172054581585,,,,
1.398,60449.0,0.09060199073478022,,,1.405,64620.0,0.09092086529342727,,,,
1.411,60462.0,0.09061270741838293,,,1.418,64600.0,0.0908912347040397,,,,
1.424,60503.0,0.09065669828044443,,,1.429,64604.0,0.09093226708791845,,,,
1.435,60477.0,0.09063668880826313,,,1.44,64602.0,0.09093719378924178,,,,
1.446,60496.0,0.09064328369048019,,,1.454,64324.0,0.09094092400595805,,,,
1.458,60488.0,0.09065242659537201,,,1.463,64743.0,0.09094528765570158,,,,
1.469,60518.0,0.09066141961657709,,,1.476,64646.0,0.0909473287176784,,,,
1.48,60531.0,0.09067161170727618,,,1.485,64604.0,0.09094915863531278,,,,
1.491,60517.0,0.09067933071714387,,,1.499,64600.0,0.09095007359412997,,,,
1.503,60516.0,0.09066711519667364,,,1.508,64620.0,0.09094958092399764,,,,
1.514,60518.0,0.09066801449879415,,,1.52,64155.0,0.09094648414030868,,,,
1.525,60980.0,0.09066861403354115,,,1.53,65159.0,0.09093993866569337,,,,
1.537,60115.0,0.09066651566192664,,,1.541,64641.0,0.09093226708791845,,,,
1.546,60479.0,0.09063668880826313,,,1.551,64642.0,0.09093226708791845,,,,
1.558,60500.0,0.09063668880826313,,,1.563,64651.0,0.09093226708791845,,,,
1.568,60520.0,0.09063668880826313,,,1.573,64630.0,0.09093226708791845,,,,
1.581,60547.0,0.09063668880826313,,,1.587,64624.0,0.09093226708791845,,,,
1.594,60524.0,0.09063668880826313,,,1.598,64603.0,0.09093226708791845,,,,
1.603,60258.0,0.09063668880826313,,,1.609,64580.0,0.09093226708791845,,,,
1.616,60447.0,0.09063668880826313,,,1.622,64546.0,0.09093226708791845,,,,
1.628,60457.0,0.09063668880826313,,,1.634,64527.0,0.09093226708791845,,,,
1.639,60434.0,0.09063668880826313,,,1.644,64522.0,0.09093226708791845,,,,
1.65,60425.0,0.09063668880826313,,,,,,,,,
0.244,60133.0,0.09029110614216831,0.244,60133.0,0.25,64851.0,0.09118032791169312,0.25,64851.0,0.020000000000000018,0.8599999999999992
0.257,60125.0,0.09029110614216831,,,0.264,64858.0,0.09118032791169312,0.264,64858.0,,
0.269,60101.0,0.09029110614216831,,,0.276,64855.0,0.09118032791169312,,,,
0.282,60156.0,0.09029110614216831,,,0.288,64859.0,0.09118032791169312,,,,
0.294,60087.0,0.09029110614216831,,,0.302,64845.0,0.09118032791169312,,,,
0.307,60125.0,0.09029110614216831,,,0.314,64820.0,0.09118032791169312,,,,
0.32,60077.0,0.09029110614216831,,,0.327,64863.0,0.09118032791169312,,,,
0.332,60099.0,0.09029110614216831,,,0.339,64858.0,0.09118032791169312,,,,
0.344,60101.0,0.09029110614216831,,,0.349,64465.0,0.09118032791169312,,,,
0.355,60059.0,0.09029110614216831,,,0.362,65104.0,0.09118032791169312,,,,
0.367,60051.0,0.09029110614216831,,,0.374,64855.0,0.09118032791169312,,,,
0.38,60051.0,0.0902984690187792,,,0.387,64861.0,0.09118363171994999,,,,
0.392,60047.0,0.09027510315524873,,,0.397,64867.0,0.09118574053373096,,,,
0.402,60070.0,0.09027450210409681,,,0.406,64379.0,0.09118918492957324,,,,
0.412,60171.0,0.09027345026458097,,,0.417,65404.0,0.09119544107712348,,,,
0.421,60302.0,0.09027803327961427,,,0.427,64876.0,0.0912046495639671,,,,
0.433,59733.0,0.09028088827258585,,,0.437,64858.0,0.09121702127148218,,,,
0.442,60096.0,0.09028765009804483,,,0.447,64831.0,0.091225948583155,,,,
0.452,60094.0,0.0902945621862918,,,0.457,64884.0,0.0912361411830964,,,,
0.462,60098.0,0.0903018499315087,,,0.466,64939.0,0.09127571658838614,,,,
0.473,60231.0,0.09031011438484746,,,0.478,64898.0,0.0912698119097994,,,,
0.485,59814.0,0.09032206027649166,,,0.49,64888.0,0.09128204302972907,,,,
0.497,60093.0,0.09033453208789378,,,0.503,64904.0,0.09129350091793907,,,,
0.509,60142.0,0.09034775521323579,,,0.516,64948.0,0.09130432616201478,,,,
0.523,60148.0,0.09036120373275977,,,0.528,64976.0,0.09135184476587953,,,,
0.534,60163.0,0.09036796555821876,,,0.541,64996.0,0.09132646870671507,,,,
0.546,60167.0,0.09036571161639909,,,0.553,64990.0,0.09133764541975427,,,,
0.56,60191.0,0.09040673335751692,,,0.566,65003.0,0.09135135270933063,,,,
0.572,60198.0,0.09042093319098078,,,0.577,65028.0,0.09136744998785878,,,,
0.582,60169.0,0.09043520815583864,,,0.588,65020.0,0.09138010287054467,,,,
0.594,60210.0,0.09044985877766644,,,0.602,65029.0,0.09136259971616253,,,,
0.607,60217.0,0.09045632007754947,,,0.614,65024.0,0.09140168306490337,,,,
0.619,60223.0,0.09049215775248208,,,0.626,65021.0,0.09141503888551625,,,,
0.632,60249.0,0.09050943797309949,,,0.64,65055.0,0.09142776206199484,,,,
0.645,60261.0,0.09052138386474369,,,0.652,65043.0,0.09143528349781366,,,,
0.658,60272.0,0.09053498264705565,,,0.664,65035.0,0.09142846499992183,,,,
0.67,60279.0,0.09054910734912552,,,0.677,65053.0,0.09142164650202998,,,,
0.683,60285.0,0.09059899459473401,,,0.689,65060.0,0.09141328154069878,,,,
0.694,60284.0,0.09057878424975106,,,0.7,65064.0,0.0913765881809097,,,,
0.705,60293.0,0.09059042961581931,,,0.712,64690.0,0.09134144128456002,,,,
0.717,60317.0,0.09060793523061868,,,0.724,65454.0,0.09130678644475926,,,,
0.731,60291.0,0.09062138375014266,,,0.738,65078.0,0.09127002279117749,,,,
0.742,60323.0,0.09063603437197044,,,0.747,65085.0,0.09123452442586433,,,,
0.752,60301.0,0.09065722142507526,,,0.757,65055.0,0.09119691724677016,,,,
0.762,60329.0,0.09066608692956593,,,0.768,64879.0,0.09115923977388331,,,,
0.772,60351.0,0.09067773229563418,,,0.778,64899.0,0.09112310876443586,,,,
0.783,60831.0,0.09068900200473248,,,0.787,64871.0,0.09108880539359857,,,,
0.792,59922.0,0.0906981680347991,,,0.798,64481.0,0.09105443172896859,,,,
0.802,60353.0,0.0907075594590477,,,0.807,64528.0,0.09102012835813131,,,,
0.813,60402.0,0.09071830324838807,,,0.817,64527.0,0.09098554381212323,,,,
0.823,60389.0,0.09072897190633447,,,0.828,64506.0,0.09097865502043868,,,,
0.835,60412.0,0.0907348321550656,,,0.84,64519.0,0.09091918647181503,,,,
0.847,60505.0,0.09074452410489015,,,0.854,64486.0,0.09088657015200254,,,,
0.861,60367.0,0.09075098540477317,,,0.866,64519.0,0.09085086090531126,,,,
0.873,60416.0,0.09075887420114198,,,0.879,64529.0,0.09081697929723018,,,,
0.884,60422.0,0.09076195458829552,,,0.891,64547.0,0.09079448528356639,,,,
0.897,60401.0,0.09076030169762778,,,0.903,64564.0,0.09076819540509683,,,,
0.908,60410.0,0.0907208577157837,,,0.914,64572.0,0.09074359257765205,,,,
0.92,60427.0,0.09074955790828738,,,0.926,64572.0,0.09074633403556734,,,,
0.931,60435.0,0.09074429871070817,,,0.939,64592.0,0.09074605286039654,,,,
0.945,60395.0,0.09073468189227762,,,0.952,64608.0,0.09074520933488414,,,,
0.957,60420.0,0.09072529046802903,,,0.964,64614.0,0.09074556080384764,,,,
0.97,60409.0,0.09071206734268701,,,0.976,64577.0,0.09071589682332852,,,,
0.983,60406.0,0.09069118081515816,,,0.99,64573.0,0.09073705525493102,,,,
0.995,60370.0,0.09067750690145221,,,1.002,64559.0,0.09073318909633256,,,,
1.008,60329.0,0.0906603018122288,,,1.013,64525.0,0.0907281279432582,,,,
1.02,60306.0,0.09064212001488353,,,1.027,64521.0,0.09071955210054888,,,,
1.032,60304.0,0.09062784505002569,,,1.036,64520.0,0.0906752670111483,,,,
1.043,60283.0,0.09061897954553501,,,1.049,64524.0,0.09070015101376387,,,,
1.054,60274.0,0.09062754452444972,,,1.058,64515.0,0.09069045047037136,,,,
1.065,60264.0,0.09057698109629533,,,1.072,64511.0,0.09067632141803877,,,,
1.077,60236.0,0.09056097810937574,,,1.083,64097.0,0.09066120825260841,,,,
1.088,60227.0,0.09054204499809058,,,1.095,64787.0,0.09064293186650658,,,,
1.099,60185.0,0.090525966879777,,,1.105,64464.0,0.09062683458797845,,,,
1.111,60187.0,0.09053851382257311,,,1.118,64457.0,0.09061108877841378,,,,
1.122,60180.0,0.09049674076751539,,,1.128,64425.0,0.09059562414401992,,,,
1.133,60211.0,0.09048787526302472,,,1.14,63934.0,0.09058346331788295,,,,
1.144,60292.0,0.09048036212362585,,,1.15,64926.0,0.09057137278553865,,,,
1.156,60541.0,0.09047097069937726,,,1.16,64434.0,0.09056139106697535,,,,
1.166,59762.0,0.09046774004943575,,,1.171,64391.0,0.09055063611669234,,,,
1.178,60182.0,0.0904647347936762,,,1.182,64393.0,0.09054072469192173,,,,
1.188,60168.0,0.09046203006349261,,,1.193,64354.0,0.09053243002438321,,,,
1.201,60195.0,0.09046300677161447,,,1.206,64348.0,0.09055154993599743,,,,
1.213,60573.0,0.09046435913670627,,,1.218,64349.0,0.09052645505200377,,,,
1.223,59814.0,0.09046864162616361,,,1.228,64339.0,0.09052392447546659,,,,
1.235,60211.0,0.09047420134931879,,,1.242,64352.0,0.09052490858856438,,,,
1.247,60206.0,0.09048216527708158,,,1.253,64349.0,0.09052919650991904,,,,
1.258,60179.0,0.0904894530222985,,,1.264,64378.0,0.09056884220900148,,,,
1.271,60240.0,0.09049170696411815,,,1.276,64371.0,0.09053847529055536,,,,
1.283,60234.0,0.09047622989695647,,,1.288,64374.0,0.09054691054567929,,,,
1.293,60228.0,0.0905219849158956,,,1.299,64393.0,0.09055984460353596,,,,
1.305,60249.0,0.0905358842237835,,,1.312,64369.0,0.09057334101173423,,,,
1.317,60245.0,0.09055038458282333,,,1.324,64430.0,0.09059112534128717,,,,
1.331,60242.0,0.09056240560586151,,,1.336,64428.0,0.09058543154407851,,,,
1.343,60261.0,0.09054437407130424,,,1.349,64471.0,0.09062887310796672,,,,
1.356,60286.0,0.09058141384854067,,,1.361,64486.0,0.09064897713267873,,,,
1.368,60308.0,0.09058704870308981,,,1.375,64498.0,0.09066725351878056,,,,
1.38,60322.0,0.09059163171812314,,,1.387,64494.0,0.09068349138489411,,,,
1.393,60335.0,0.09060034695982581,,,1.4,64554.0,0.09069045047037136,,,,
1.405,60371.0,0.09060417866091924,,,1.413,64575.0,0.09070781303716809,,,,
1.419,60367.0,0.0906430967230054,,,1.424,64585.0,0.09072362914052544,,,,
1.43,60361.0,0.09061875415135305,,,1.435,64607.0,0.09072067680123207,,,,
1.441,60355.0,0.09062634242214591,,,1.448,64267.0,0.09071132772680306,,,,
1.453,60333.0,0.09063460687548466,,,1.458,64967.0,0.09069719867447049,,,,
1.464,60307.0,0.09064347237997533,,,1.471,64625.0,0.0906742828980505,,,,
1.475,60286.0,0.09067194717829705,,,1.48,64612.0,0.09064497038649487,,,,
1.486,60267.0,0.09065323946119387,,,1.494,64580.0,0.0906089799646328,,,,
1.498,60295.0,0.09066052720641077,,,1.503,64477.0,0.09057270836759994,,,,
1.509,60291.0,0.09067051968181127,,,1.516,64618.0,0.09053650706435978,,,,
1.52,60752.0,0.0906869734570948,,,1.525,64599.0,0.09049960282319262,,,,
1.531,59904.0,0.09070508012304608,,,1.536,64351.0,0.09047338323851575,,,,
1.541,60350.0,0.09073107558536615,,,1.547,64236.0,0.09072067680123207,,,,
1.553,60355.0,0.09062634242214591,,,1.558,64229.0,0.09072067680123207,,,,
1.563,60360.0,0.09062634242214591,,,1.569,64102.0,0.09072067680123207,,,,
1.575,60640.0,0.09062634242214591,,,1.582,64054.0,0.09072067680123207,,,,
1.589,60037.0,0.09062634242214591,,,1.593,63974.0,0.09072067680123207,,,,
1.599,60405.0,0.09062634242214591,,,1.604,63982.0,0.09072067680123207,,,,
1.611,60455.0,0.09062634242214591,,,1.616,63979.0,0.09072067680123207,,,,
1.623,60554.0,0.09062634242214591,,,1.629,64029.0,0.09072067680123207,,,,
1.634,60612.0,0.09062634242214591,,,1.639,64202.0,0.09072067680123207,,,,
1.645,60713.0,0.09062634242214591,,,1.652,64437.0,0.09072067680123207,,,,
1.657,60743.0,0.09062634242214591,,,,,,,,,
0.244,60806.0,0.09052570319987721,0.244,60806.0,0.25,65191.0,0.09136523815279217,0.25,65191.0,0.006000000000000005,2.866666666666664
0.257,60796.0,0.09052570319987721,,,0.264,65203.0,0.09136523815279217,,,,
0.269,60760.0,0.09052570319987721,,,0.276,65158.0,0.09136523815279217,,,,
0.282,60788.0,0.09052570319987721,,,0.288,65166.0,0.09136523815279217,,,,
0.294,60738.0,0.09052570319987721,,,0.302,65133.0,0.09136523815279217,,,,
0.307,60721.0,0.09052570319987721,,,0.314,65119.0,0.09136523815279217,,,,
0.32,60713.0,0.09052570319987721,,,0.327,65128.0,0.09136523815279217,,,,
0.332,60678.0,0.09052570319987721,,,0.339,65093.0,0.09136523815279217,,,,
0.345,60677.0,0.09052570319987721,,,0.352,65157.0,0.09136523815279217,,,,
0.356,60684.0,0.09052570319987721,,,0.362,65244.0,0.09136523815279217,,,,
0.367,60641.0,0.09052570319987721,,,0.374,65098.0,0.09136523815279217,,,,
0.38,60638.0,0.09053547563298338,,,0.387,65087.0,0.0913194589473276,,,,
0.392,60640.0,0.09049011960757465,,,0.397,65069.0,0.09127382038458334,,,,
0.402,60612.0,0.09047639344199045,,,0.406,64607.0,0.09123057274808455,,,,
0.412,60865.0,0.09046281647385822,,,0.417,65096.0,0.09118802832518737,,,,
0.421,60623.0,0.09044707614267199,,,0.427,64525.0,0.09114871868485756,,,,
0.433,60350.0,0.09043707991338781,,,0.437,64518.0,0.09111074515037082,,,,
0.442,60605.0,0.09042723288155566,,,0.447,64579.0,0.09107185743820198,,,,
0.451,60578.0,0.09042156337837957,,,0.457,64535.0,0.0910359232231599,,,,
0.462,60589.0,0.09041537168412148,,,0.467,64547.0,0.0909959103692285,,,,
0.475,60937.0,0.09040985137839738,,,0.48,64540.0,0.09094781055887861,,,,
0.485,60188.0,0.09040619604082334,,,0.49,64554.0,0.09091159505839588,,,,
0.497,60576.0,0.09040336128923529,,,0.503,64543.0,0.0908747466656717,,,,
0.509,60606.0,0.09040298829560528,,,0.516,64561.0,0.09083979694967187,,,,
0.523,60527.0,0.09040149632108525,,,0.528,64574.0,0.09083698409526544,,,,
0.535,60587.0,0.09038351802811898,,,0.541,64579.0,0.09080020602390143,,,,
0.546,60581.0,0.09038448781155699,,,0.553,64575.0,0.0908049175550322,,,,
0.56,60602.0,0.09040567384974132,,,0.566,64582.0,0.09080850394440039,,,,
0.572,60594.0,0.09041007517457539,,,0.579,64588.0,0.09080843362304022,,,,
0.584,60610.0,0.0904161176713815,,,0.59,64560.0,0.09081103551336617,,,,
0.594,60592.0,0.09041798263953152,,,0.601,64583.0,0.09078832171403428,,,,
0.607,60600.0,0.09039634900899118,,,0.614,64563.0,0.09081968504066593,,,,
0.619,60635.0,0.0904349911490598,,,0.626,64572.0,0.0908238340009154,,,,
0.632,60592.0,0.09044140663949589,,,0.64,64567.0,0.0908274203902836,,,,
0.645,60624.0,0.09044677774776796,,,0.652,64573.0,0.09083016292332986,,,,
0.657,60636.0,0.09045878814265416,,,0.664,64592.0,0.09080112020158353,,,,
0.67,60634.0,0.09046870977321232,,,0.677,64569.0,0.09082882681748682,,,,
0.683,60664.0,0.09050921688143096,,,0.69,64578.0,0.09083656216710448,,,,
0.696,60659.0,0.09048512149293259,,,0.701,64572.0,0.09083761698750689,,,,
0.707,60614.0,0.0904927305629847,,,0.712,64224.0,0.09083663248846464,,,,
0.717,60647.0,0.09050138401520083,,,0.724,64986.0,0.09083832020110849,,,,
0.731,60706.0,0.09051279762027901,,,0.737,64613.0,0.09083817955838817,,,,
0.743,60662.0,0.09052935853745128,,,0.75,64594.0,0.09084253948271813,,,,
0.754,60678.0,0.09053607242279138,,,0.759,64600.0,0.09084661812160745,,,,
0.765,60688.0,0.09054994778582759,,,0.77,64161.0,0.09084823551289115,,,,
0.775,60720.0,0.0905627787666998,,,0.78,64973.0,0.09085168125953902,,,,
0.784,61124.0,0.090575162155216,,,0.79,64685.0,0.09085322832946255,,,,
0.795,60279.0,0.09058799313608819,,,0.799,64597.0,0.09085779921787299,,,,
0.805,60696.0,0.09059910834626238,,,0.811,64574.0,0.09086208882084279,,,,
0.815,60726.0,0.09061246151821659,,,0.82,64584.0,0.09086511263932971,,,,
0.826,60745.0,0.09062499410418479,,,0.83,64581.0,0.09089485857467765,,,,
0.835,60822.0,0.09063775048633098,,,0.84,64625.0,0.09087094931222303,,,,
0.847,60725.0,0.09064946248631317,,,0.854,64630.0,0.0908747466656717,,,,
0.861,60778.0,0.09066065229521335,,,0.866,64590.0,0.09088016141040407,,,,
0.873,60796.0,0.09067273728882554,,,0.878,64622.0,0.09088501358425516,,,,
0.885,60802.0,0.09068176373467167,,,0.891,64614.0,0.09092165101289885,,,,
0.897,60806.0,0.09068877601491579,,,0.904,64634.0,0.09089872624948649,,,,
0.91,60813.0,0.0906640092378834,,,0.916,64639.0,0.09089605403780039,,,,
0.922,60838.0,0.090701979989418,,,0.928,64615.0,0.09089605403780039,,,,
0.932,60782.0,0.09070645591297806,,,0.939,64647.0,0.09089872624948649,,,,
0.945,60818.0,0.09070764949259409,,,0.952,64646.0,0.09089872624948649,,,,
0.957,60863.0,0.09070570992571805,,,0.964,64667.0,0.09088395876385275,,,,
0.969,60812.0,0.09069787705948792,,,0.976,64671.0,0.09090097653301163,,,,
0.983,60840.0,0.0906966834798719,,,0.99,64669.0,0.09089964042716857,,,,
0.995,60809.0,0.09069138697032583,,,1.002,64682.0,0.09089942946308809,,,,
1.008,60814.0,0.09068273351810968,,,1.014,64647.0,0.09089563210963941,,,,
1.02,60792.0,0.0906707977219495,,,1.027,64647.0,0.09089014704354689,,,,
1.032,60788.0,0.09066132368374735,,,1.038,64597.0,0.09085245479450078,,,,
1.043,60756.0,0.09068444928880771,,,1.05,64612.0,0.09088332587161131,,,,
1.055,60742.0,0.09064065983664503,,,1.061,64584.0,0.09087819241231958,,,,
1.068,60719.0,0.09063476653729093,,,1.073,64371.0,0.09087249638214658,,,,
1.078,60717.0,0.09062141336533672,,,1.085,64867.0,0.09086616745973211,,,,
1.09,60709.0,0.09060574763287647,,,1.095,64611.0,0.09085822114603397,,,,
1.1,60707.0,0.09060067491950839,,,1.107,64587.0,0.0908515406168187,,,,
1.113,60680.0,0.09057702712336603,,,1.118,64568.0,0.09084303173223926,,,,
1.123,60642.0,0.0905627787666998,,,1.13,64536.0,0.09083220224277452,,,,
1.134,60679.0,0.09054875420621158,,,1.14,64098.0,0.09082481849995766,,,,
1.145,61123.0,0.09053517723807936,,,1.149,65078.0,0.09081771604258143,,,,
1.156,60251.0,0.09052160026994716,,,1.161,64542.0,0.09081476254545469,,,,
1.168,60703.0,0.090512424626649,,,1.172,64566.0,0.09081152776288728,,,,
1.178,60639.0,0.09050377117443287,,,1.183,64556.0,0.09081075422792553,,,,
1.19,60653.0,0.09049646049928475,,,1.195,64554.0,0.09082481849995766,,,,
1.201,60744.0,0.09049071639738267,,,1.206,64576.0,0.09080273759286721,,,,
1.213,60523.0,0.09048400251204256,,,1.219,64548.0,0.09079978409574047,,,,
1.226,60618.0,0.0904803471744685,,,1.23,64528.0,0.09079985441710063,,,,
1.235,60626.0,0.09047833300886647,,,1.242,64542.0,0.09080034666662175,,,,
1.248,60610.0,0.09047922819357848,,,1.254,64546.0,0.09080259695014689,,,,
1.26,60606.0,0.09047758702160645,,,1.265,64555.0,0.09083445252629967,,,,
1.271,60633.0,0.09044394299617993,,,1.276,64566.0,0.09079732284813484,,,,
1.283,60626.0,0.09047505066492242,,,1.29,64573.0,0.09079718220541452,,,,
1.295,60621.0,0.09047512526364841,,,1.301,64571.0,0.09079746349085516,,,,
1.305,60640.0,0.09047833300886647,,,1.311,64553.0,0.09079746349085516,,,,
1.317,60619.0,0.09048131695790651,,,1.325,64569.0,0.09079844798989742,,,,
1.331,60658.0,0.09047572205345643,,,1.336,64588.0,0.0907732729429599,,,,
1.343,60653.0,0.09048788164579462,,,1.349,64575.0,0.09080238598606641,,,,
1.355,60654.0,0.09049198457572469,,,1.361,64568.0,0.09080702719583701,,,,
1.368,60657.0,0.09049757948017477,,,1.372,64551.0,0.09081166840560762,,,,
1.378,60672.0,0.09050414416806288,,,1.384,64550.0,0.090814903188175,,,,
1.391,60668.0,0.09051093265212898,,,1.397,64540.0,0.0908152547949758,,,,
1.402,60704.0,0.09051734814256508,,,1.406,64570.0,0.09078642303730994,,,,
1.414,60682.0,0.09056195818071379,,,1.419,64556.0,0.0908047065909517,,,,
1.425,60693.0,0.09053652001514738,,,1.429,64568.0,0.09080913683664184,,,,
1.436,60669.0,0.09054629244825355,,,1.443,64218.0,0.09081363740369211,,,,
1.447,60686.0,0.09055487130174368,,,1.453,64962.0,0.09081673154353918,,,,
1.461,60673.0,0.09056039160746776,,,1.465,64594.0,0.0908168721862595,,,,
1.47,60701.0,0.09057396857559998,,,1.476,64608.0,0.09082038825426754,,,,
1.48,60698.0,0.09057322258833995,,,1.485,64592.0,0.09082481849995766,,,,
1.491,60697.0,0.09058001107240607,,,1.498,64560.0,0.0908300926019697,,,,
1.503,60719.0,0.0905829204227201,,,1.508,64156.0,0.09083452284765983,,,,
1.514,61224.0,0.09059284205327828,,,1.52,64833.0,0.0908393750215109,,,,
1.525,60280.0,0.09060179390039841,,,1.53,64634.0,0.09084197691183685,,,,
1.537,60771.0,0.09061179012968258,,,1.541,64617.0,0.09080913683664184,,,,
1.546,60734.0,0.09054629244825355,,,1.551,64613.0,0.09080913683664184,,,,
1.558,60732.0,0.09054629244825355,,,1.563,64590.0,0.09080913683664184,,,,
1.568,60835.0,0.09054629244825355,,,1.573,64625.0,0.09080913683664184,,,,
1.581,60644.0,0.09054629244825355,,,1.587,64631.0,0.09080913683664184,,,,
1.594,60748.0,0.09054629244825355,,,1.598,64626.0,0.09080913683664184,,,,
1.603,60711.0,0.09054629244825355,,,1.609,64613.0,0.09080913683664184,,,,
1.616,60801.0,0.09054629244825355,,,1.622,64609.0,0.09080913683664184,,,,
1.628,60824.0,0.09054629244825355,,,1.634,64607.0,0.09080913683664184,,,,
1.638,60816.0,0.09054629244825355,,,1.644,64623.0,0.09080913683664184,,,,
1.65,60853.0,0.09054629244825355,,,,,,,,,
0.244,61123.0,0.09062519339942457,0.244,61123.0,0.25,65055.0,0.09093518450646078,0.25,65055.0,0.007000000000000006,2.457142857142855
0.257,61148.0,0.09062519339942457,0.257,61148.0,0.264,65041.0,0.09093518450646078,0.264,65041.0,,
0.269,61152.0,0.09062519339942457,,,0.276,65052.0,0.09093518450646078,,,,
0.282,61170.0,0.09062519339942457,,,0.288,65056.0,0.09093518450646078,,,,
0.294,61141.0,0.09062519339942457,,,0.302,65034.0,0.09093518450646078,,,,
0.307,61154.0,0.09062519339942457,,,0.314,65055.0,0.09093518450646078,,,,
0.32,61186.0,0.09062519339942457,,,0.327,65067.0,0.09093518450646078,,,,
0.332,61175.0,0.09062519339942457,,,0.339,64790.0,0.09093518450646078,,,,
0.345,61218.0,0.09062519339942457,,,0.352,65464.0,0.09093518450646078,,,,
0.356,61234.0,0.09062519339942457,,,0.362,65088.0,0.09093518450646078,,,,
0.367,61214.0,0.09062519339942457,,,0.374,65082.0,0.09093518450646078,,,,
0.38,61184.0,0.09063423048160042,,,0.387,65089.0,0.09093462560094775,,,,
0.392,61188.0,0.09061074888283202,,,0.397,64804.0,0.0909352543696499,,,,
0.402,61190.0,0.09060460070397468,,,0.406,65163.0,0.09093679135981073,,,,
0.412,61680.0,0.0905987488228936,,,0.417,65376.0,0.09093469546413689,,,,
0.421,60699.0,0.09059326731403283,,,0.427,65082.0,0.09093350778992171,,,,
0.433,61162.0,0.09058578579518234,,,0.437,65093.0,0.09093050367278921,,,,
0.442,61149.0,0.09057460055412862,,,0.447,65087.0,0.09092840777711536,,,,
0.451,61138.0,0.09056474865306806,,,0.457,65086.0,0.09094482562656045,,,,
0.462,61129.0,0.09055119302980429,,,0.467,65054.0,0.09091443513928976,,,,
0.475,61245.0,0.09053652628987954,,,0.48,65047.0,0.09091101184302247,,,,
0.485,60831.0,0.09052200769884293,,,0.49,65050.0,0.09090682005167479,,,,
0.497,61069.0,0.090509415043352,,,0.503,65074.0,0.09090402552410967,,,,
0.509,61091.0,0.0904952668245357,,,0.516,65026.0,0.09091876665701569,,,,
0.523,61067.0,0.0904811186057194,,,0.528,65017.0,0.09090996389518556,,,,
0.535,61053.0,0.09043111835597596,,,0.541,65012.0,0.09088523232623423,,,,
0.546,61035.0,0.0904545258803003,,,0.553,65037.0,0.09087880491283445,,,,
0.56,61042.0,0.09044171100147717,,,0.566,65025.0,0.09087363503683897,,,,
0.572,61035.0,0.09043104428153191,,,0.579,65029.0,0.09087042133013909,,,,
0.584,61036.0,0.09042163682713573,,,0.591,65039.0,0.09084038015881403,,,,
0.598,61018.0,0.09041148862829891,,,0.603,65022.0,0.09086196788425459,,,,
0.61,61014.0,0.09039400705949974,,,0.616,65049.0,0.09086126925236332,,,,
0.622,60997.0,0.09041000713941763,,,0.628,65015.0,0.09086008157814814,,,,
0.635,60999.0,0.0904057108216619,,,0.641,65037.0,0.09085728705058302,,,,
0.648,61005.0,0.09039941449391643,,,0.654,65022.0,0.09085065004761585,,,,
0.659,61015.0,0.09039541447393695,,,0.663,64990.0,0.09083374315584687,,,,
0.67,60989.0,0.09042956279265062,,,0.677,65019.0,0.09086671858111531,,,,
0.683,61005.0,0.0903959329950454,,,0.69,65041.0,0.09086762680257397,,,,
0.696,61011.0,0.09039585892060134,,,0.701,64656.0,0.09087021174057171,,,,
0.707,60992.0,0.09039600706948947,,,0.712,65363.0,0.09087084050927385,,,,
0.717,61009.0,0.0903961552183776,,,0.724,65037.0,0.09087181859392165,,,,
0.731,61047.0,0.09039948856836048,,,0.737,65033.0,0.09087328572089333,,,,
0.742,61011.0,0.09042667388933211,,,0.747,65034.0,0.09087314599451508,,,,
0.752,61006.0,0.09041534049939026,,,0.756,64931.0,0.09087531175337805,,,,
0.762,61013.0,0.09041948866825786,,,0.768,64775.0,0.09087573093251282,,,,
0.772,61514.0,0.09042415535823392,,,0.777,65484.0,0.09087803641775405,,,,
0.783,60581.0,0.09042978501598281,,,0.787,65050.0,0.09088271725142562,,,,
0.792,61041.0,0.0904377109814977,,,0.798,65062.0,0.09088537205261249,,,,
0.802,61037.0,0.09044467397923975,,,0.807,65038.0,0.09088676931639504,,,,
0.813,61038.0,0.09045185920031398,,,0.817,65053.0,0.0909170200772875,,,,
0.823,61063.0,0.09045845182583571,,,0.828,65043.0,0.09089557207822518,,,,
0.835,61381.0,0.0904661555680184,,,0.84,65047.0,0.09089682961562948,,,,
0.847,60844.0,0.09047185930021136,,,0.854,65046.0,0.09089934469043809,,,,
0.861,61055.0,0.09047830377684496,,,0.866,65043.0,0.09090165017567932,,,,
0.873,61068.0,0.09048689641235642,,,0.878,65055.0,0.09091171047491375,,,,
0.885,61091.0,0.09049556312231195,,,0.891,65057.0,0.09093259956846304,,,,
0.897,61096.0,0.09046874817356065,,,0.904,65057.0,0.09090430497686619,,,,
0.91,61099.0,0.09050971134112824,,,0.916,65061.0,0.0909063310093509,,,,
0.922,61108.0,0.09051585951998559,,,0.928,65089.0,0.09090709950443131,,,,
0.932,61081.0,0.09052334103883608,,,0.939,65056.0,0.09090821731545735,,,,
0.945,61113.0,0.09053111885546283,,,0.952,65055.0,0.09090682005167479,,,,
0.957,61124.0,0.09053800777876082,,,0.964,65069.0,0.09090940498967252,,,,
0.969,61098.0,0.09052230399661919,,,0.976,65067.0,0.0909242858489568,,,,
0.983,61122.0,0.09054771153093326,,,0.99,65075.0,0.09092554338636111,,,,
0.995,61130.0,0.0905590449208751,,,1.002,65074.0,0.09092449543852418,,,,
1.008,61152.0,0.09057023016192882,,,1.013,65079.0,0.09092484475446982,,,,
1.02,61134.0,0.09057963761632498,,,1.027,65079.0,0.09089857619535768,,,,
1.032,61124.0,0.09062437858053986,,,1.036,65073.0,0.09093651190705421,,,,
1.043,61138.0,0.09059808215289702,,,1.05,65054.0,0.09094091328796927,,,,
1.054,61143.0,0.09060593404396783,,,1.06,65033.0,0.09094091328796927,,,,
1.065,61156.0,0.09061734150835375,,,1.073,65080.0,0.09094363795234527,,,,
1.077,61169.0,0.0906253415483127,,,1.083,65260.0,0.09094908728109725,,,,
1.088,61187.0,0.09063860087380021,,,1.095,65064.0,0.09095209139822977,,,,
1.099,61208.0,0.09066548989699558,,,1.105,65028.0,0.09095628318957745,,,,
1.111,61219.0,0.090662526919233,,,1.118,65060.0,0.09096005580179035,,,,
1.123,61218.0,0.09066911954475472,,,1.13,64681.0,0.0909626407397881,,,,
1.135,61700.0,0.09067178622474105,,,1.14,65600.0,0.09096543526735322,,,,
1.145,60744.0,0.09067630476582897,,,1.153,65124.0,0.09096774075259444,,,,
1.157,61214.0,0.0906814159024694,,,1.163,65089.0,0.09096976678507916,,,,
1.168,61235.0,0.09068452702912011,,,1.172,65095.0,0.09097228185988776,,,,
1.178,61221.0,0.09068726778355049,,,1.183,65133.0,0.09097451748193987,,,,
1.19,61303.0,0.09068726778355049,,,1.195,65112.0,0.09097430789237249,,,,
1.201,61461.0,0.09068378628467946,,,1.206,65127.0,0.09096005580179035,,,,
1.213,61082.0,0.09067926774359154,,,1.219,65129.0,0.0909586585380078,,,,
1.226,61219.0,0.09067363808584265,,,1.23,65111.0,0.09096019552816863,,,,
1.235,61188.0,0.09066623064143622,,,1.242,65119.0,0.09095991607541211,,,,
1.249,61195.0,0.09065845282480946,,,1.254,65112.0,0.09098632436090251,,,,
1.26,61193.0,0.0906157859450284,,,1.265,65102.0,0.09094755029093644,,,,
1.269,61180.0,0.09064171200045092,,,1.276,65090.0,0.09094203109899533,,,,
1.283,61180.0,0.0906336378860479,,,1.29,65065.0,0.090940214656078,,,,
1.295,61156.0,0.09062067485833665,,,1.301,65077.0,0.09093651190705421,,,,
1.305,61122.0,0.09061052665949983,,,1.312,65056.0,0.09093022422003269,,,,
1.317,61126.0,0.09059341546292096,,,1.325,65044.0,0.09090535292470311,,,,
1.331,61132.0,0.09056223012196987,,,1.336,65050.0,0.09091045293750945,,,,
1.343,61119.0,0.09056171160086142,,,1.349,65056.0,0.09090451456643357,,,,
1.356,61113.0,0.09054874857315015,,,1.361,65059.0,0.0908975981107099,,,,
1.368,61124.0,0.09054052630985902,,,1.372,65045.0,0.09089256796109267,,,,
1.378,61094.0,0.090532452195456,,,1.384,65045.0,0.09087328572089333,,,,
1.39,61105.0,0.09052519289993768,,,1.394,65063.0,0.09086385419036105,,,,
1.4,61060.0,0.09055319303979402,,,1.406,65042.0,0.0908724473626238,,,,
1.413,61084.0,0.09051045208556889,,,1.418,65043.0,0.09087405421597375,,,,
1.423,61072.0,0.09050008166339989,,,1.43,64756.0,0.09087503230062154,,,,
1.435,61040.0,0.09049615571786447,,,1.44,65200.0,0.09087726792267363,,,,
1.445,61075.0,0.09049245199566125,,,1.453,65044.0,0.09088104053488655,,,,
1.458,61044.0,0.090500229812288,,,1.463,65012.0,0.09088544191580161,,,,
1.468,61077.0,0.0904720074490995,,,1.475,65047.0,0.09088795699061022,,,,
1.481,61086.0,0.09047030373688601,,,1.488,64836.0,0.09089005288628406,,,,
1.492,61095.0,0.0904663777913506,,,1.498,64967.0,0.09089473371995564,,,,
1.504,61558.0,0.09046622964246248,,,1.511,65213.0,0.09089780770027728,,,,
1.515,60603.0,0.0904661555680184,,,1.52,65088.0,0.09089927482724897,,,,
1.526,61016.0,0.09046822965245221,,,1.53,65091.0,0.09090192962843582,,,,
1.536,61069.0,0.09046800742912002,,,1.542,65088.0,0.09087503230062154,,,,
1.549,61076.0,0.09049615571786447,,,1.553,65098.0,0.09087503230062154,,,,
1.558,61237.0,0.09049615571786447,,,1.564,65113.0,0.09087503230062154,,,,
1.571,60738.0,0.09049615571786447,,,1.576,65092.0,0.09087503230062154,,,,
1.584,61090.0,0.09049615571786447,,,1.588,65089.0,0.09087503230062154,,,,
1.594,61071.0,0.09049615571786447,,,1.599,65112.0,0.09087503230062154,,,,
1.606,61092.0,0.09049615571786447,,,1.612,65089.0,0.09087503230062154,,,,
1.617,61104.0,0.09049615571786447,,,1.624,65084.0,0.09087503230062154,,,,
1.628,61088.0,0.09049615571786447,,,1.635,65080.0,0.09087503230062154,,,,
1.64,61081.0,0.09049615571786447,,,1.647,65089.0,0.09087503230062154,,,,
1.653,61108.0,0.09049615571786447,,,,,,,,,
