0.025812223994670907,0.02738462771465493
0.025812223994670907,0.02738462771465493
0.025812223994670907,0.02738462771465493
0.025812223994670907,0.02738462771465493
0.025812223994670907,0.02738462771465493
0.025812223994670907,0.02738462771465493
0.025812223994670907,0.02738462771465493
0.025812223994670907,0.02738462771465493
0.025812223994670907,0.02738462771465493
0.025812223994670907,0.02738462771465493
0.025812223994670907,0.02738462771465493
0.025816628613975507,0.02738457642383999
0.025821167520454033,0.027385166268211816
0.025828392170410972,0.027386038212065825
0.025831239058498098,0.02738783339058878
0.025836073396759248,0.02739032099511345
0.02583991400993338,0.02739203923741399
0.02584351290619446,0.027395167977125427
0.02584759523628165,0.027399040433653522
0.02586228625310859,0.02740127158410348
0.02585699533845611,0.027393116344527766
0.025860164515760644,0.02741022183131079
0.0258641394161087,0.027414017351616467
0.025866932589326253,0.027419582405037633
0.02586988690715251,0.027425019231421443
0.025873458945978804,0.027428866042542063
0.025874801817718014,0.02743809838923155
0.025880925312848805,0.027442971016651004
0.025884336207066393,0.027449510595556056
0.0258883916797188,0.027457742771354182
0.025891157995501568,0.027464538804333943
0.025894730034327865,0.027472411944427483
0.02588801567563182,0.027491056155658753
0.02590437185341538,0.02749003033935992
0.02590813189428516,0.027492671816329414
0.025911166784415775,0.027498262515158044
0.025914765680676854,0.027504263540506214
0.025918122860024876,0.027510777474003795
0.025920137167633688,0.02751608607335025
0.025923360059807787,0.02751908658602434
0.025925830943807928,0.027521625481363946
0.025926180090460126,0.027524164376703554
0.02592744238989498,0.027527139243970166
0.02592873154676462,0.027528883131678183
0.025929725271851632,0.027530550083163786
0.025930450422590807,0.02753196058057468
0.02593383445937361,0.027532037516797093
0.025931632149721308,0.027532781233613742
0.025931497862547385,0.027532037516797093
0.025931309860503897,0.02753008846582931
0.025931766436895227,0.027529216521975305
0.025931175573329978,0.02752780602456441
0.025940307101156593,0.027515137193273833
0.02592596523098185,0.02752170241758636
0.02592564294176444,0.027524779866482853
0.02592513265050354,0.027524523412408148
0.025924434357199152,0.027524702930260443
0.02592411206798174,0.027523241142034607
0.025922554336764263,0.02752170241758636
0.025923816636199117,0.027524420830778263
0.02592395092337304,0.0275258826190041
0.025925105793068757,0.02752657504500581
0.02592532065254703,0.027526549399598338
0.025925830943807928,0.027527139243970166
0.025915195399633398,0.027540833891559573
0.025923306344938217,0.027528780550048298
0.025923091485459945,0.027529575557679892
0.025922822911112104,0.02753006282042184
0.02592314520032951,0.02753103734590573
0.025923467489546922,0.027531498963240204
0.02592395092337304,0.0275345764121367
0.025924514929503505,0.027532550424946508
0.025925535512025304,0.027531498963240204
0.02592698581350365,0.027531627190277557
0.025926932098634076,0.027531575899462618
0.025927093243242785,0.027530575728571254
0.025927979538590662,0.027530909118868376
0.02592816754063415,0.027531242509165495
0.025930638424634295,0.027531216863758024
0.025929134408286383,0.02753101170049826
0.02592934926776465,0.02753172977190744
0.025929617842112493,0.02753239655250168
0.02593069213950386,0.02753357624124534
0.025931766436895227,0.027534678993766583
0.02594409399946116,0.027522625652255304
0.02593684249206944,0.02753621771821483
0.025937675072547746,0.027537294825328604
0.025939152231460875,0.02753934645792627
0.025940521960634868,0.027541449381338876
0.025942267693895838,0.027543244559861832
0.025943288276417637,0.027542449552230234
0.025942643697982815,0.02754793766942899
0.025946000877330837,0.0275515280264749
0.025948364331591842,0.027553374495812796
0.025949868347939758,0.027555528710040342
0.02595188265554857,0.027558965194641433
0.025952607806287744,0.027561375862943684
0.02594336884872199,0.027576481007943986
0.02595451468415742,0.027566248490363137
0.025956287274853173,0.02756683833473497
0.025957979293244577,0.02756845399540563
0.025960369604940366,0.02757019788311364
0.02596227648281004,0.027571967416229127
0.025964049073505798,0.02757632713549916
0.025965257658071086,0.02757522438297792
0.025967325680549467,0.02757689133446352
0.0259694742753322,0.02757878909461636
0.025971622870114935,0.027579968783360016
0.025973690892593312,0.027581969125142738
0.02597535605354993,0.027583969466925463
0.025977692650376152,0.027585277382706472
0.02598102297228939,0.027585559482188653
0.02598153326355029,0.027587329015304134
0.02598255384607209,0.027589021612197208
0.02598403100498522,0.02758935500249433
0.025985105302376584,0.02758897032138227
0.025987388184333236,0.027588021441305847
0.025999259170507837,0.02757368565852967
0.02599031564472471,0.027584995283224296
0.02598996649807252,0.027584713183742116
0.02599026192985514,0.027582635905736976
0.025988892200681152,0.027580968954251377
0.02598811333507241,0.027579250711950835
0.025986797320767988,0.0275742755029015
0.025983305854246044,0.027574480666161267
0.02598470244085482,0.027572429033563602
0.025983493856289532,0.027569736265779167
0.02598223155685468,0.027567351242884383
0.025979975532332805,0.027564222503172947
0.02597250916546281,0.027561581026203454
0.025977773222680505,0.027571839189191774
0.025980942399985038,0.027556887916636297
0.02597839094368054,0.027552989814700734
0.025976215491463023,0.027548912194912876
0.025974872619723813,0.02754675798068533
0.02597283145468022,0.027546193781720973
0.02597095143424533,0.027546604108240502
0.025968990841506084,0.027544219085345722
0.02596813140359299,0.027543731822603775
0.025967271965679897,0.027542757297119882
0.025966090238549393,0.02754262907008253
0.025965579947288497,0.027542039225710704
0.025965150228331946,0.02754170583541358
0.025965445660114574,0.027541551962968758
0.025968211975897344,0.027541475026746344
0.0259652308006363,0.027541090345634282
0.02596463993707105,0.027541167281856696
0.025963834214027526,0.027540577437484864
0.02596375364172317,0.027539474684963625
0.025969393703027848,0.02753873096814697
0.02596246448485353,0.027525472292484567
0.025958570156809826,0.02753783337888549
0.025958865588592454,0.02753783337888549
0.025959268450114217,0.027539090003851564
0.025958892446027237,0.027539500330371093
0.025959214735244648,0.027538628386517088
0.02595924159267943,0.027537807733478022
0.02595787186350544,0.027539782429853273
0.025960772466462126,0.027540423565040044
0.025961658761810006,0.027541475026746344
0.025962222767940475,0.02754260342467506
0.025962974776114433,0.027543141978231947
0.02595486383080961,0.02754606555468362
0.025965633662158063,0.027558683095159252
0.025967970258984285,0.02754804025105887
0.02596920570098436,0.02754991236580424
0.02597038742811486,0.027551656253512254
0.025972348020854106,0.027553682240702447
0.02597398632437594,0.02755950374819832
0.025975570913028205,0.027558452286492015
0.025976752640158706,0.02756086295479427
0.025977880652419644,0.027563324913911467
0.025979545813376262,0.027566453653622904
0.025980834970245902,0.027569377230074577
0.025983332711680827,0.027571941770821656
0.025985561878767913,0.027575352610015272
0.02598805962020284,0.027577686342095117
0.025992088235420468,0.027581430571585852
0.02599160480159435,0.02758520044648406
0.02599380711124665,0.027588636931085146
0.02599528427015978,0.027591970834056352
0.025997943156203417,0.027596227971696502
0.026008524985508374,0.027598305249701638
0.02600003803611658,0.0275910475993874
0.026000521469942695,0.02760640919846241
0.02600132719298622,0.027609717456026143
0.026003690647247227,0.027613256522257115
0.026005490095377764,0.02761664171604326
0.026007692405030067,0.027616949460932908
0.026007020969160466,0.027622924840873607
0.026010861582334597,0.027626156162214928
0.026013815900160855,0.027628412958072356
0.026016018209813162,0.027630900562597028
0.02601795194511762,0.027633131713046984
0.02601937538916118,0.027635208991052117
0.026011452445899853,0.027649878164125417
0.026025525741726754,0.027637722240984257
0.026025928603248517,0.027637337559872195
0.026027056615509452,0.027636773360907838
0.026027271474987724,0.02763643997061072
0.026028506916987798,0.027636260452758424
0.026027889195987763,0.02763967129195204
0.02602807719803125,0.027634696082902702
0.026028104055466034,0.02763331123089928
0.02602853377442258,0.0276319776697108
0.026029446927205244,0.027630592817707373
0.026029258925161752,0.027628259085627535
0.026028587489292147,0.02762664342495687
0.026027513191900782,0.027624540501544267
0.02603057493946618,0.027622591450576484
0.02602853377442258,0.027620514172571352
0.026027405762161646,0.02761877028486334
0.02602590174581373,0.027616308325746138
0.02602447830177017,0.027614256693148476
0.0260232428597701,0.027612487160032992
0.02603148809224884,0.027597176851772924
0.0260173073666828,0.02760894809380202
0.02601757594103064,0.027608819866764667
0.02601647478620449,0.027607768405058363
0.02601615249698708,0.027607204206094006
0.02601596449494359,0.027606845170389416
0.02601647478620449,0.027602100770007316
0.026015239344204417,0.02760548596379346
0.02601835480663938,0.027605332091348637
0.026018730810726358,0.02760628097142506
0.026018945670204633,0.027606716943352063
0.026019778250682944,0.027607896632095716
0.02600935756598669,0.02761346168551688
0.02602297428542226,0.027622232414871897
0.026022571423900496,0.027611256180474393
0.026022625138770062,0.027611948606476103
0.026023404004378806,0.027612948777367467
0.02602399486794406,0.027613795075814
0.02602568688633546,0.027618129149676568
0.026026600039118122,0.02761556460892949
0.02602775490881384,0.027616872524710494
0.026028802348770422,0.027618462539973687
0.026029527499509594,0.027619642228717343
0.02603084351381402,0.02762171950672248
0.02603248181733585,0.02762315564954084
0.026034308122901174,0.027624566146951735
0.02603530184798819,0.027626310034659752
0.026038229308379665,0.027628284731035003
0.02603677900690132,0.027628643766739597
0.02603742358533614,0.027629951682520606
0.02603890074424927,0.02763138782533897
0.026039679609858007,0.027632695741119984
0.026051711740641317,0.027629207965703954
0.026040136186249337,0.027623206940355787
0.026041022481597217,0.02763751707772449
0.026042472783075563,0.027639466128692274
0.026043547080466932,0.02764100485314052
0.026045722532684445,0.0276431334219606
0.026047092261858442,0.02764159469751235
0.02604832770385851,0.02764672377900651
0.02604650139829319,0.02764803169478752
0.02604977800533686,0.027650160263607594
0.0260510671622065,0.027651391243166196
0.026051953457554372,0.02765249399568744
0.026052544321119628,0.0276539301385058
0.026042043064119016,0.027659674709779265
0.026056868368119875,0.02766918915595093
0.026058023237815597,0.02766500895453319
0.026059715256206997,0.02766821463046704
0.026060816411033146,0.027670625298769295
0.026062454714554983,0.02767206144158766
0.0260629381483811,0.027677575204193883
0.02606527474520732,0.02767470291855715
0.026066590759511742,0.027675856961893338
0.02606758448459876,0.027676780196562285
0.0260683633502075,0.02767724181389676
0.02606906164351189,0.027678318921010536
0.026069437647598864,0.027678652311307655
0.026069840509120628,0.02767883182915995
0.026070082226033683,0.027678883119974892
0.026073143973599083,0.027679575545976602
0.026070914806511997,0.027678575375085245
0.026070968521381563,0.027678421502640417
0.026070753661903288,0.027678524084270302
0.026070082226033683,0.027678267630195593
0.026080368623556022,0.027673292421146255
0.02606618789798998,0.027663880556604473
0.026065221030337753,0.02766916351054346
0.026063502154511562,0.02766824027587451
0.026062589001728902,0.027666214288684318
0.026060923840772285,0.027665291054015367
0.026060198690033114,0.027659777291409147
0.026057620376293833,0.027663521520899882
0.026053699190815342,0.027662675222453345
0.026054531771293653,0.027661700696969455
0.026053914050293617,0.027661598115339574
0.02605243689138049,0.02766126472504245
0.026051147734510848,0.027661008270967746
0.026038417310423154,0.02766565008971996
0.026051120877076065,0.027671856278327894
0.0260512283068152,0.02766721445957568
0.02605141630885869,0.027667727367725093
0.026051282021684767,0.027668445439134277
0.02605179231294567,0.027668112048837155
0.026051765455510884,0.027671804987512955
0.02605168488320653,0.02766785559476245
0.026051013447336926,0.027669035283506106
0.026050986589902146,0.02766852237535669
0.026051013447336926,0.027667958176392334
0.026051147734510848,0.027668086403429687
0.02605095973246736,0.027668086403429687
0.026051147734510848,0.02766803511261474
0.02605179231294567,0.02766793253098486
0.026054585486163222,0.027668265921281982
0.026052678608293547,0.027667265750390618
0.026052544321119628,0.02766695800550097
0.026053242614424012,0.027667111877945797
0.026053699190815342,0.027667009296315912
0.026065758179033435,0.02766205973267405
0.026052786038032683,0.027655494508361522
0.026052947182641388,0.027660008100076384
0.02605283975290225,0.027660264554151093
0.02605335004416315,0.027660085036298795
0.026053242614424012,0.027660674880670623
0.026054209482076245,0.027657315332291953
0.02605455862872844,0.027661572469932103
0.02605281289546747,0.02766177763319187
0.026053887192858834,0.027662649577045874
0.026054585486163222,0.027662880385713115
0.02605517634972847,0.027663470230084943
0.02605590150046765,0.02766375232956712
0.026044272231206103,0.027667727367725093
0.026056411791728545,0.027677703431231236
0.02605882896085912,0.027666214288684318
0.02605901696290261,0.027667701722317625
0.026060064402859195,0.02766867624780151
0.026060440406946172,0.02766885576565381
0.026061434132033184,0.027673728393073263
0.0260619175658593,0.027670086745212406
0.026062991863250666,0.027671625469660656
0.026064012445772465,0.027672292250254898
0.02606489874112034,0.027672471768107193
0.02606559703442473,0.027672497413514664
0.02606642961490304,0.027672292250254898
0.026067853058946603,0.027671984505365246
0.02606890049890318,0.027671856278327894
0.02607166681468595,0.027671035625288828
0.02607099537881635,0.02766947125543311
0.026071317668033757,0.027668778829431397
0.02607080737677286,0.027667368332020503
0.026070726804468508,0.027666932360093502
0.02608224864399091,0.02766339329386253
0.02607016279833804,0.02765282738598456
0.026068605067120554,0.027663367648455058
0.026068255920468363,0.027662290541341283
0.026067315910250917,0.027660521008225802
0.026066725046685665,0.02765895663837008
0.026065623891859516,0.027653058194651796
0.026062024995598433,0.02765610999814082
0.026063717013989837,0.027654545628285104
0.026062186140207142,0.02765339158494892
0.026060843268467932,0.027651724633463316
0.026058909533163473,0.027650134618200126
0.02605136259398912,0.027648724120789232
0.026044513948119158,0.027660238908743622
0.026053699190815342,0.027646416034116862
0.026052624893423977,0.027645236345373202
0.02605198031498916,0.02764446698314908
0.026049912292510777,0.027644415692334137
0.026048864852554192,0.027645621026485264
0.026046259681380128,0.02764633909789445
0.02604548081577139,0.02764328729440542
0.026044111086597398,0.027642056314846824
0.026042419068205994,0.027641056143955463
0.02604212363642337,0.027639953391434217
0.026040753907249376,0.027639158383802622
0.026040565905205888,0.02763872241187562
0.026039733324727577,0.027638645475653208
0.026042150493858152,0.027637645304761843
0.02603806816377096,0.027636106580313596
0.02603672529203175,0.02763459350127282
0.026035892711553443,0.027633465103344107
0.026035006416205566,0.027632490577860217
0.02603981389703193,0.0276313621799315
0.02604303678920603,0.02761753930530474
0.02603148809224884,0.02762887457540683
0.026030333222553118,0.027627925695330412
0.02602928578259654,0.027627669241255703
0.026029205210292183,0.027626771651994227
0.02602939321233567,0.027624848246433915
0.02603052122459661,0.027622206769464423
0.026027969768292115,0.027623873720950026
0.02603130009020535,0.027623565976060378
0.026031326947640137,0.027623206940355787
0.026031971526074955,0.02762305306791096
0.026032696676814127,0.02762364291228279
0.026026224035031145,0.027623489039837964
0.02602692232833553,0.02763556802675671
0.02602950064207481,0.027622668386798898
0.02603046750972704,0.027623463394430496
0.026031326947640137,0.027624514856136796
0.026032992108596754,0.027625874062732748
0.02603323382550981,0.02762687423362411
0.026034146978292472,0.027628592475924654
0.026035489850031682,0.027630285072817725
0.026036617862292614,0.02763143911615391
0.026038873886814484,0.027633208649269398
0.026040055613944988,0.027634798664532587
0.026041344770814625,0.027635875771646362
0.026042607070249486,0.02763726062364978
0.026044863094771355,0.027639312256247446
0.026048354561293296,0.027640132909286515
0.02604658197059754,0.027642389705143943
0.026048623135641137,0.027644441337741608
0.026048381418728082,0.02764633909789445
0.02604942885868466,0.02764767265908293
0.026056895225554662,0.027648518957529466
0.02605805009525038,0.02763754272313196
0.026057244372206856,0.027651750278870783
0.026057593518859046,0.027651827215093197
0.026058587243946066,0.027651083498276545
0.026058882675728687,0.02765087833501678
0.026060467264380955,0.027650134618200126
0.02606135355972883,0.027648801057011643
0.026058694673685198,0.02764777524071281
0.02606121927255491,0.027646262161672035
0.02606108498538099,0.02764367197551748
0.026061299844859262,0.0276412869526227
0.026060816411033146,0.027639491774099745
0.0260490259971629,0.027639337901654917
0.02605912439264175,0.027636927233352666
0.02605856038651128,0.02762807956777524
0.026057888950641674,0.027626284389252284
0.026056116359945918,0.02762366855769026
0.026056948940424228,0.027621232243980533
0.026055068919989335,0.027621899024574775
0.026053833477989265,0.027616513489005907
0.026052490606250055,0.027614256693148476
0.026050368868902107,0.02761187167025369
0.026049697433032502,0.02761087149936233
0.026048811137684626,0.027609896973878438
0.026047656267988904,0.027607691468835953
0.026046743115206245,0.02760702468824171
0.02604623282394535,0.02760635790764747
0.026048649993075924,0.02760610145357276
0.02604548081577139,0.02760699904283424
0.026044997381945274,0.027608204376985367
0.026043976799423475,0.027608486476467544
0.026043600795336498,0.027608845512172138
0.02605380662055448,0.02760664000712965
0.026041774489771175,0.02760707597905665
0.02604137162824941,0.02761433362937089
0.026040565905205888,0.027613641203369177
0.0260403779031624,0.027613820721221472
0.02603890074424927,0.027613923302851354
0.026039249890901464,0.027610409882027856
0.026036940151510025,0.027614000239073767
0.02603852474016229,0.027613948948258825
0.02603847102529272,0.027615128637002485
0.0260381755935101,0.02761569283596684
0.02603699386637959,0.02761664171604326
0.026036107571031714,0.02761848818538116
0.02602899035081391,0.02763295219519469
0.026039276748336247,0.027620821917461003
0.026040297330858046,0.027620975789905824
0.026039894469336283,0.027620591108793762
0.0260405390477711,0.027621232243980533
0.026040351045727612,0.027623181294948316
0.026040861336988515,0.027626335680067223
0.02604110305390157,0.02762554067243563
0.026041237341075493,0.027626720361179285
0.02604201620668423,0.02762743843258847
0.026042956216901676,0.02762941312896372
0.02604341279329301,0.027631157016671733
0.026044218516336537,0.027633054776824574
0.026045185383988763,0.02763523463645959
0.026047468265945416,0.027637388850687138
0.026046179109075775,0.02763879934809803
0.026047280263901927,0.027640286781731336
0.026048273988988943,0.027642030669439353
0.02604977800533686,0.02764351810307266
0.026051201449380418,0.027645261990780674
0.02605901696290261,0.02763341381252916
0.02604942885868466,0.027648775411604175
0.02604942885868466,0.02765092962583172
0.02605095973246736,0.027652981258429382
0.026051496881163042,0.02765482772776728
0.026053376901597935,0.027655930480288526
0.026053860335424048,0.027655238054286813
0.026052866610337035,0.027659290028667204
0.026057244372206856,0.027661854569414283
0.02605778152090254,0.027557811151305248
0.02603159552198798,0.027452100781710606
0.026005328950769062,0.02734682638404297
0.02597817608420227,0.027241808440450044
0.02594769289572224,0.027136251943300233
0.025922124617807712,0.02703072109155789
0.02589333344771909,0.0269263699285592
0.02586389769919564,0.02682117246711398
0.02583384422967216,0.026715975005668757
0.025800863299757202,0.026622266686770455
0.025776396176668825,0.02650581089144555
0.025750747326449948,0.026400100521850912
0.025721445865100424,0.02629428757062639
0.02569241297809874,0.02618914139999611
0.02566321894648835,0.02608432861966295
0.02563367576822577,0.025982208607114223
0.025604535451484948,0.025874677413589158
0.025577866018744268,0.025769223498069226
0.02555337203822111,0.02566435942692112
0.025524339151219426,0.02555880292977131
0.025498797730739684,0.025560700689924148
0.025500409176826735,0.02556316264904135
0.0255025040567399,0.02556488089134189
0.025505646376609646,0.025566034934678076
0.02551206530352306,0.025568984156537217
0.025514213898305795,0.02556957400090905
0.025520041961653958,0.025571702569729123
0.02552648774600216,0.02557413888343885
0.025533712395959102,0.025576523906333633
0.025544670229351044,0.025567881404015974
0.025547087398481615,0.025582037668939853
0.025550525150133986,0.025586140934135183
0.025559307531308414,0.025589987745255803
0.02556878820578722,0.025593860201783895
0.025578349452570384,0.025598194275646458
0.0255885015629188,0.025599963808761946
0.025597552518441063,0.025607067586631355
0.025607489769311206,0.02561327377523929
0.025617453877616134,0.02561814640265874
0.025625725967529652,0.025623301129560374
0.025633702625660552,0.025628866182981536
0.02564127642226969,0.025644176491241604
0.0256373552367912,0.025648561855919114
0.025657525170314107,0.025649331218143237
0.025666226979184175,0.02565525530726899
0.025674606498836836,0.025664282490698714
0.025682502584663383,0.02567071948797388
0.025690344955620358,0.025681439268296677
0.02569762332044687,0.025685234788602355
0.025704821112969022,0.02569218469402694
0.025712824628534706,0.025698390882634876
0.025720908716404742,0.025703930290648568
0.025727059068970312,0.025710008252219148
0.025732403698492366,0.025715778468900077
0.025737721470579625,0.025721369167728714
0.02574250209397121,0.025726677767075167
0.025748974735754195,0.025731601685309562
0.025752197627928294,0.02573601269539454
0.02575520566062412,0.025740834031999053
0.025759502850189585,0.025745219396676556
0.025764149186407247,0.02574919443483453
0.025768446375972715,0.025743347281931186
0.025783728256364904,0.02574924572564947
0.025774945875190483,0.0257591448529332
0.02577720189971235,0.025762812146201526
0.02578029050471253,0.025765735722653196
0.025782841961017027,0.02576940301592152
0.02578512484297368,0.02576868494451234
0.025788428307452132,0.025775019360157626
0.025789126600756523,0.02577832761772136
0.025794310085669868,0.025782071847212096
0.025797586692713537,0.025785277523145946
0.025799601000322348,0.02578820109959762
0.025801857024844218,0.02579217613775559
0.02580268960532253,0.025808435326092078
0.02580483820010526,0.025799972341626714
0.02581367429614925,0.025803665280302514
0.025815446886845006,0.025808178872017373
0.025817112047801623,0.02581294891780694
0.025818105772888636,0.025817898481448807
0.025819770933845253,0.025826284529691757
0.025820415512280075,0.025828772134216423
0.025821677811714933,0.025833747343265757
0.02582288639628022,0.025838825133944976
0.02582420241058464,0.025844005506254077
0.025824873846454245,0.025848647325006295
0.0258254647100195,0.025853519952425748
0.025826082431019533,0.025858777260957262
0.025826082431019533,0.025864239732748543
0.025828472742715325,0.025869163650982935
0.02582417555314986,0.025874497895736863
0.02582200010093234,0.025880473275677558
0.025821060090714894,0.02588598703828378
0.02581861606414954,0.02589075708407335
0.025817246334975546,0.0258821915179781
0.02581501716788846,0.025898219897647352
0.0258045964831922,0.025902117999582912
0.025801749595105082,0.025905015930627114
0.025798902707017957,0.02590781128004143
0.025795464955365582,0.02590973468560174
0.02579028147045224,0.02590824725196843
0.02578697800597379,0.02591224793553388
0.02578131108723433,0.0259138123053896
0.02577757790379933,0.025914786830873487
0.025774005864973037,0.02591558183850508
0.02576911781184232,0.02591645378235909
0.025765384628407318,0.02591717185376827
0.02576108743884185,0.025922403516892317
0.025745832415884448,0.025915761356357377
0.025753621071971856,0.025911145183012633
0.02575101590079779,0.025908965323377615
0.02574701414301495,0.025907939507078783
0.02574271695344948,0.025906888045372483
0.025739118057188405,0.025908939677970148
0.02573632488397085,0.02590522109388688
0.025732484270796715,0.02590399011432828
0.02572891223197042,0.02590357978780875
0.02572523276340499,0.02590234880825015
0.02572136529279607,0.025901810254693264
0.025718410974969814,0.025901143474099022
0.02571556408688269,0.025900194594022603
0.025712744056230353,0.02591996720318259
0.0257119920480564,0.02593897045011845
0.025838785997672444,0.02595751207971984
0.025966224525723315,0.025976694844508
0.026094764208600334,0.025996185354185807
0.026218818699868397,0.02601490650163949
0.02635130642565869,0.026028524213006485
0.026490508510145026,0.026053836230180167
0.026605941764847374,0.02607801984942513
0.026732252280637303,0.026112307759213593
0.02684843754351361,0.02611741119530028
0.026986296756260734,0.026137286386090152
0.027117978759007504,0.026153340411166872
0.027246545299319306,0.026176062242186
0.027374870122718054,0.02620001505276373
0.027503812667116836,0.026214607289614614
0.02763200320334166,0.02623371311818036
0.027761321751827422,0.026252972819190933
0.027890640300313182,0.02627341220894516
0.028020495997494628,0.026292287228843667
0.0281496265439369,0.02629151786661954
0.028278595945770466,0.026291210121729892
0.02827792450990086,0.026292107710991372
0.028276581638161654,0.02629203077476896
0.02827545362590072,0.02629177432069425
0.0282785422309009,0.026292261583436196
0.0282732781736832,0.02629244110128849
0.02827236502090054,0.026292107710991372
0.02827166672759615,0.026291030603877597
0.02827051185790043,0.026276874338953718
0.0282819262676837,0.02629082544061783
0.02827212330398748,0.026290389468690827
0.028268739267204676,0.02629013301461612
0.028268175261074207,0.026290876731432773
0.028268390120552482,0.026285824586161025
0.028267906686726366,0.026289979142171294
0.028263958643813095,0.026291261412544835
0.028265999808856693,0.026291004958470126
0.02826594609398712,0.0262904151140983
0.0282663220980741,0.02629687775678094
0.0282666712447263,0.026300929731161327
0.028253269384768995,0.026292235938028725
0.02826841697798727,0.026292389810473552
0.028269061556422087,0.02629274884617814
0.028269625562552556,0.02629328739973503
0.028269222701030793,0.026296672593521173
0.028269732992291692,0.026294184988996508
0.02827016271124824,0.026294877414998218
0.028270592430204782,0.02629644178485394
0.028272150161422264,0.026298211317969424
0.028272929027031005,0.026299673106195257
0.02827354674803104,0.026301109249013622
0.02827386903724845,0.02630269926427681
0.02827499704950939,0.026302776200499225
0.028276286206379026,0.026304802187689418
0.0282775216483791,0.02630590494021066
0.028283188567118558,0.026306469139175018
0.028282087412292406,0.026307674473326145
0.028283027422509852,0.026309187552366924
0.028283698858379457,0.026305366386653775
0.028284773155770822,0.02630321217242623
0.028300323610510856,0.026313983243563963
0.02828649203159701,0.026315214223122562
0.028287432041814456,0.02631611181238404
0.028288210907423197,0.026317214564905288
0.028289204632510213,0.02631534245015992
0.02829068179142334,0.02631931748831789
0.028288130335118844,0.02631990733268972
0.02829436125998877,0.026319214906688006
0.028296053278380175,0.02631862506231618
0.028296885858858485,0.02631903538883571
0.028298255588032475,0.026328421607970026
0.028289822353510248,0.026316752947570812
0.02829769158190201,0.026317547955202403
0.02829919559824992,0.026317932636314465
0.028300457897684775,0.026318753289353534
0.02830145162277179,0.02632239493721439
0.02830298249655449,0.02631798392712941
0.028303976221641502,0.026317163274090342
0.028305157948772003,0.026316316975643808
0.028306420248206864,0.026314573087935795
0.02830674253742427,0.02631331646296972
0.028307924264554776,0.026312111128818594
0.02830886427477222,0.02631095708548241
0.028309616282946176,0.026309264488589338
0.02831085172494625,0.026308213026883034
0.028310610008033192,0.026306982047324436
0.028314370048902974,0.02630682817487961
0.028310314576250568,0.02630641784836008
0.028309911714728804,0.02630611010347043
0.02831074429520711,0.02630557154991354
0.028309938572163587,0.02629500564203557
0.02831982210816416,0.026305930585618136
0.028312731745381143,0.02630493041472677
0.02831117401416366,0.026304443151984828
0.028310180289076645,0.02630364814435323
0.028309481995772257,0.026299673106195257
0.028308622557859164,0.026303519917315877
0.028308031694293915,0.026303802016798057
0.028303627074989308,0.02630431492494747
0.028306500820511213,0.026305340741246304
0.028306447105641647,0.026306084458062956
0.02830590995694596,0.026315855358309333
0.028305319093380712,0.026315675840457037
0.02829199780572776,0.02631213677422607
0.028306581392815566,0.026313521626229488
0.028307145398946035,0.026315419386382332
0.02830776311994607,0.026315393740974857
0.02830749454559823,0.02632224106476956
0.028307682547641717,0.026320394595431663
0.028307924264554776,0.026321702511212675
0.028309025419380927,0.026323984952477578
0.028309267136293982,0.026326113521297653
0.0283097505701201,0.0263288832253045
0.028311281443902794,0.026331319539014228
0.028312624315642004,0.026333781498131422
0.028313913472511644,0.02633621781184115
0.02831479976785952,0.026339628651034765
0.02831614263959873,0.026342834326968614
0.028321272409642505,0.026346040002902464
0.02831896267025107,0.026350476658394913
0.028320198112251137,0.02641184611847254
0.02832129926707729,0.02646447049460262
0.028322856998294774,0.02652666060771931
0.028400877846342775,0.02659344124877327
0.028450322383780424,0.026654323446108956
0.02851392078934933,0.026714359344998096
0.028575048310918092,0.026776805912189495
0.02864122503022628,0.02683278983669825
0.028706891458273563,0.026907674426512988
0.028771215014581644,0.026965581756582056
0.028835484856020152,0.0270198217933828
0.028885520257023057,0.027079344784122526
0.02896676399724516,0.027139611491678903
0.02903130241303151,0.027199775617605403
0.029095411109861316,0.027264607207691586
0.029159895810778096,0.02732087323168252
0.029225239949607976,0.02738098606679408
0.02928985893769868,0.027440970674868278
0.029352571047919707,0.027501391254869487
0.029416008308879908,0.027560452628274737
0.029479767859057517,0.027562324743020106
0.029543527409235132,0.027563607013393644
0.029607313816847527,0.027565915100066018
0.029607958395282345,0.02756727430666197
0.029609005835238927,0.02756888996733263
0.02961107385771731,0.02757140321726477
0.02961545161958713,0.0275730445233429
0.029615424762152343,0.0275742755029015
0.029616337914935002,0.027566274135770612
0.029618459652282953,0.027571428862672238
0.029620823106543962,0.027579840556322663
0.029637609003284066,0.02758271284195939
0.029622864271587557,0.02758422592100017
0.029624986008935508,0.027585662063818534
0.029627188318587808,0.02758302058684904
0.029629551772848817,0.027588867739752384
0.029630787214848884,0.02759068856368281
0.02962971291745752,0.027592458096798295
0.02963739414380579,0.02759320181361495
0.02964034846163205,0.027594637956433313
0.029643087919980035,0.027612333287588164
0.029646257097284568,0.0275974589512551
0.0296441622173714,0.02759771540532981
0.029655200623067694,0.027599408002222884
0.029662854991981184,0.027601100599115955
0.029664788727285642,0.027602844486823968
0.029666668747720535,0.027605973226535407
0.029668414480981505,0.02760702468824171
0.029670643648068592,0.027607050333649182
0.029671503085981682,0.027607229851501477
0.0296736785381992,0.027608101795355482
0.029675907705286286,0.027608973739209494
0.029678217444677725,0.027608127440762957
0.02967953345898215,0.027608153086170425
0.029681601481460526,0.02760823002239284
0.02968375007624326,0.027608127440762957
0.02968587181359121,0.027607640178021007
0.02968998100111319,0.027606819524981945
0.02968740268737391,0.027606306616832527
0.029688772416547902,0.02760599887194288
0.029688906703721825,0.027588765158122502
0.029689631854460996,0.02760540902757105
0.029694869054243907,0.02760530644594117
0.029686543249460816,0.027604229338827394
0.0296818163409388,0.027603203522528562
0.029682246059895348,0.027601664798080315
0.029683132355243228,0.02759863863999876
0.02968326664241715,0.027598023150219458
0.029681413479417038,0.027597382015032687
0.029680849473286575,0.02759771540532981
0.02968302492550409,0.027596740879845916
0.029682998068069306,0.02760410111179004
0.0296828369234606,0.027604614019939456
0.02968238034706927,0.02759709991555051
0.0296662121713292,0.027597407660440162
0.029682058057851863,0.027597843632367162
0.029681010617895277,0.027597151206365453
0.02968122547737355,0.027601382698598135
0.029681064332764844,0.027598843803258527
0.029681306049677905,0.02759894638488841
0.029681574624025747,0.02759904896651829
0.029681950628112724,0.0275986899308137
0.029682541491677972,0.027599818328742413
0.029682595206547546,0.027600126073632065
0.029683132355243228,0.02760051075474413
0.029683803791112833,0.02760145963482055
0.0296843677972433,0.0276022033516372
0.02968520037772161,0.027602741905194086
0.029686355247417327,0.027603331749565918
0.029687832406330456,0.027603562558233152
0.029684072365460674,0.027604280629642337
0.029683776933678047,0.027596843461475805
0.029683212927547577,0.027597638469107396
0.02968391122085197,0.027606434843869883
0.029700509115548585,0.027606870815796884
0.029684394654678082,0.027607486305576186
0.029685173520286823,0.027608845512172138
0.029685952385895567,0.02760520386431128
0.02968648953459125,0.027608973739209494
0.029686704394069518,0.027608999384616962
0.029685522666939017,0.027609717456026143
0.029685791241286858,0.02761082020854739
0.029688664986808763,0.027610743272324975
0.029689900428808837,0.02761892415730816
0.029690840439026284,0.027623130004133373
0.029691485017461102,0.02761346168551688
0.029676149422199344,0.02761402588448124
0.029693499325069914,0.027614974764557657
0.029695352488070023,0.027616487843598433
0.0296967490746788,0.027621950315389714
0.029698978241765886,0.02761920625679034
0.0296999719668529,0.027620180782274233
0.029701449125766027,0.027620950144498356
0.02970249656572261,0.027621386116425357
0.029702979999548726,0.027622001606204656
0.029704081154374878,0.027622540159761545
0.029705612028157573,0.027623514685245435
0.029706068604548906,0.02762487389184139
0.02970687432759243,0.027625771481102866
0.02970770690807074,0.027627028106068933
0.029710473223853506,0.02762848989429477
0.029711628093549228,0.027654879018582226
0.02971068808333178,0.02768234524998345
0.02971092980024484,0.02770157930558655
0.02971154752124487,0.02772496791719992
0.029607931537847562,0.02776184601314293
0.029520295728146826,0.027788953208839565
0.029398282401922358,0.027815214106089666
0.02929399498265544,0.027841064676820234
0.029190244712084205,0.027874788387644338
0.029086924160469516,0.0278925606550216
0.028982985887854796,0.027919001070123996
0.028875153287196368,0.027945954393375806
0.028767293829103157,0.027972420453885673
0.028672379654575912,0.0280032205882581
0.028568333952222053,0.028026404036611708
0.028463724243737724,0.028052921387936514
0.02835997397316649,0.028079643902521087
0.028255955128247412,0.02810639206251313
0.028151855711023986,0.028133011995467822
0.02804875001888757,0.028159734510052395
0.02794459688679457,0.02816047822686905
0.027840067750614598,0.02816117065287076
0.027736881486173832,0.028162222114577064
0.027632862641254755,0.028163324867098306
0.02763366836429828,0.028165120045621262
0.02763423237042875,0.02816617150732757
0.02763579010164623,0.028168094912887878
0.027636837541602812,0.028169454119483833
0.027637374690298495,0.028158375303456443
0.027637455262602847,0.02817206995104585
0.02763831470051594,0.028172864958677445
0.027643122181342305,0.028173890774976278
0.027647607372951265,0.028175044818312463
0.027640141006081264,0.02817227511430562
0.027640651297342164,0.028176301443278533
0.02764159130755961,0.028177045160095185
0.02764255817521184,0.028178070976394017
0.0276412690183422,0.028179532764619854
0.027646076499168563,0.0281823024686267
0.0276456736376468,0.028192175950502957
0.02764693593708166,0.02818258456810888
0.02764739251347299,0.02818348215737036
0.027640167863516047,0.028184405392039303
0.02765268342812547,0.02818491830018872
0.027653623438342916,0.028189124147013935
0.027654268016777735,0.02818589282567261
0.027655986892603922,0.028185764598635258
0.027656121179777844,0.028185636371597905
0.027656389754125685,0.028184610555299073
0.02765816234482144,0.02818348215737036
0.02765880692325626,0.028183046185443355
0.02765880692325626,0.02818253327729394
0.027658887495560613,0.0281818664966997
0.02765778634073446,0.028180943262030748
0.027657490908951834,0.028180481644696276
0.02765706118999529,0.028179558410027325
0.027655879462864782,0.02817776323150437
0.027657678910995326,0.028175660308091766
0.027653354863995075,0.02817206995104585
0.027653166861951586,0.028161632270205236
0.02765225370916892,0.028170608162820018
0.027652199994299353,0.02816937718326142
0.027659532073995432,0.028168274430740173
0.02764682850734252,0.028167017805774106
0.027645834782255508,0.02816147839776041
0.027645297633559825,0.028163632611987958
0.027644948486907628,0.02816304276761613
0.027644438195646732,0.028161350170723055
0.027640114148646477,0.02816217082376212
0.027640221578385617,0.02817365996630904
0.027640221578385617,0.028163863420655195
0.027640382722994322,0.028162504214059244
0.027640758727081303,0.028162222114577064
0.027629236887558892,0.028161991305909826
0.027643686187472774,0.02816181178805753
0.02764457248282065,0.028165786826215507
0.02764604964173378,0.02816311970383854
0.027646398788385977,0.028163606966580487
0.027646962794516443,0.028164530201249434
0.027647795374994753,0.028164607137471848
0.027648332523690436,0.02816496617317644
0.027649111389299173,0.02816499181858391
0.027649890254907918,0.028165196981843676
0.027651259984081907,0.028165812471622975
0.02765190456251673,0.028166786997106865
0.027652629713255904,0.02816778716799823
0.027653489151168994,0.02816755635933099
0.02765499316751691,0.028168915565926943
0.027660122937560684,0.028169146374594178
0.027659639503734568,0.028158529175901267
0.027660418369343312,0.028168941211334415
0.027661626953908596,0.028170915907709666
0.027663292114865214,0.028172531568380326
0.027677043121474707,0.028173454803049273
0.02766439326969137,0.028174711428015344
0.027665279565039242,0.02817206995104585
0.02766648814960453,0.02817578853512912
0.027667804163908957,0.02817678870602048
0.027668878461300322,0.028178327430468726
0.027666729866517588,0.028179686637064678
0.02767234307038748,0.02818199472373705
0.027673551654952767,0.028193919838210974
0.027674894526691973,0.028188611238864517
0.027676344828170323,0.028189944800052998
0.02767210135347442,0.028190996261759305
0.02768445577347514,0.02819191949642825
0.02768711465951877,0.02819763842229424
0.027688914107649308,0.028194996945324746
0.027690364409127657,0.028196561315180467
0.02769119698960596,0.028198151330443656
0.027692513003910388,0.02819956182785455
0.027693479871562617,0.028200690225783264
0.02769458102638877,0.028201408297192445
0.02769573589608449,0.028202536695121162
0.027697266769867186,0.028203254766530343
0.02769968393899776,0.028204511391496413
0.027701322242519595,0.028205793661869955
0.02770363198191103,0.028206203988389484
0.027705968578737254,0.028206203988389484
0.027710749202128838,0.0282068964143912
0.027708546892476534,0.028205306399128008
0.027709137756041786,0.028257340930886263
0.027710695487259268,0.02832617320453789
0.027711447495433226,0.028387234919725866
0.02771832299873797,0.028448835188470727
0.027706532584867723,0.028511256110254655
0.027731563714086565,0.028567496488838117
0.027758313719131598,0.028632481951369127
0.027784848864698352,0.02869282559514792
0.02780705996326486,0.028762606748875968
0.027836307709744813,0.028820180688647914
0.027862627995833295,0.028876087676934257
0.027888196273747824,0.028935995348786048
0.02791285139887969,0.02899592866604531
0.027923782374836843,0.029057041672048225
0.027963880524969602,0.029116103045453475
0.027988884796753665,0.029176677497899508
0.0280137547813638,0.029237457113605307
0.028037953330104334,0.029296851877307677
0.028062823314714474,0.029356144059380165
0.028086565287063676,0.02941718012916067
0.028112375281891262,0.029414282198116475
0.028137298981370965,0.029411794593591802
0.028162598684937652,0.029410743131885502
0.02818784467363477,0.02940874279010278
0.028214863253027637,0.029406075667725816
0.02821429924689717,0.029405255014686747
0.02821352038128843,0.02940366499942356
0.02821274151567969,0.02940240837445749
0.028216877560636452,0.02939148343087493
0.028213600953592783,0.029392970864508237
0.028213412951549294,0.02939597137718232
0.028212822087984042,0.02939466346140131
0.028213036947462314,0.029393919744584655
0.028227862251463176,0.02939240666554388
0.02821236551159271,0.029391355203837576
0.028212929517723178,0.029389919061019214
0.028213090662331887,0.029387841783014075
0.02821389638537541,0.02938850856360832
0.02821053920602739,0.029390688423243338
0.028215910692984222,0.029398048655187456
0.028216259839636413,0.029387508392716956
0.02821674327346253,0.029388149527903727
0.028217038705245157,0.02938763661975431
0.028203341413505233,0.02938730322945719
0.028218677008766988,0.02939053455079851
0.02821905301285397,0.029386739030492832
0.028220315312288826,0.029386072249898594
0.02821983187846271,0.02938599531367618
0.028220637601506234,0.029385790150416414
0.028221416467114978,0.02938604660449112
0.028222249047593285,0.02938635434938077
0.028223215915245514,0.029386739030492832
0.028224773646463,0.029387354520272132
0.028225847943854365,0.02938696983916007
0.028227029670984866,0.02938797001005143
0.028227620534550118,0.029388636790645673
0.028228506829897995,0.029389124053387616
0.02822963484215893,0.029388841953905436
0.028235516620376665,0.029386174831528476
0.028232589159985187,0.02937737845676599
0.028234039461463536,0.029387790492199136
0.02823503318655055,0.02938663644886295
0.028236725204941953,0.029385277242266996
0.02825232937455155,0.02938417448974575
0.028238497795637703,0.02937919928069642
0.028238954372029033,0.029381840757665912
0.028238470938202923,0.02938127655870155
0.028239625807898638,0.02938017380618031
0.028239733237637777,0.029379481380178592
0.028234952614246196,0.029386815966715243
0.028237342925941985,0.02938186640307338
0.028237477213115904,0.02937514730631603
0.028236886349550655,0.02937268534719883
0.028236107483941914,0.02937055677837876
0.028221201607636703,0.029369146280967866
0.028235865767028856,0.029367222875407554
0.02823640291572454,0.029361657821986388
0.028235167473724468,0.029359965225093317
0.02823428117837659,0.029358375209830128
0.028232911449202598,0.029356656967529583
0.028231514862593822,0.02935501566145145
0.028230628567245942,0.029353733391077913
0.028229312552941522,0.029352245957444605
0.028228103968376234,0.029351604822257835
0.028227593677115335,0.02935106626870095
0.028227486247376195,0.029350681587588887
0.028227137100724,0.029350168679439473
0.028227754821724037,0.029349271090177993
0.028227566819680548,0.0293484760825464
0.028232428015376485,0.029338807763929907
0.028230494280072023,0.029341397950084457
0.028231058286202492,0.0293461936412815
0.028231783436941663,0.029345885896391845
0.02823245487281127,0.029346732194838382
0.028247145889638205,0.029346270577503906
0.02823207886872429,0.029345680733132082
0.028231864009246016,0.02934950189884523
0.02823266973228954,0.02934921979936305
0.028232562302550408,0.029349091572325695
0.028231729722072094,0.02934993787077223
0.028235650907550584,0.02936509430658748
0.028236859492115872,0.02935088675084865
0.02823723549620285,0.029352553702334253
0.028237074351594144,0.0293530409650762
0.028234522895289646,0.0293536564548555
0.02822651937972397,0.029357298102716353
0.02823111200107206,0.029353092255891142
0.028230762854419864,0.029354477107894565
0.028230521137506806,0.02935522082471122
0.028230762854419864,0.029356631322122115
0.028231058286202492,0.029358349564422657
0.028231004571332922,0.029359452316943903
0.0282313805754199,0.029360555069465145
0.028231165715941624,0.02936135007709674
0.028231890866680803,0.029362786219915105
0.02823272344715911,0.029364427525993234
0.028232589159985187,0.029365735441774246
0.02823385145942004,0.02936686383970296
0.028234522895289646,0.029368966763115567
0.028236832634681085,0.029370864523268408
0.028234334893246157,0.02935775972005083
0.028234120033767886,0.02918762808688954
0.028235086901420115,0.029002160500060714
0.028235919481898426,0.028816436459157175
0.028239598950463858,0.028631404844255352
0.028248354474203492,0.02844403949727369
0.0282452927266381,0.02826331631082696
0.028273305031117985,0.028077643560738365
0.028302284203250098,0.027892073392279653
0.028328255342686386,0.027717530749033388
0.02835127216429642,0.02752147160891912
0.02838105705947206,0.027335491113940878
0.02840702819890835,0.027149587555185047
0.028434342210083844,0.026963427542354507
0.028461709936128912,0.026776857203004434
0.028474896936607937,0.026594364483442223
0.028517277968697352,0.026405127021715186
0.028544887411655475,0.02621901829969959
0.028571905991048346,0.026032883932276523
0.028599058857615135,0.025846544401593688
0.028627205449268944,0.025660307452540738
0.02865341830561829,0.025659794544391323
0.028680651744489433,0.02566061519743039
0.028708583476664967,0.02566141020506198
0.028734984335057803,0.0256619231132114
0.02876186862727675,0.025661128105579804
0.028789854074321858,0.02566238473054587
0.028790256935843618,0.025663128447362526
0.028788350057973942,0.025663590064696998
0.028790632939930595,0.025652716411929382
0.02879541356332218,0.025663128447362526
0.028792056383974158,0.02566435942692112
0.028792808392148116,0.025665026207515367
0.028793748402365562,0.025666052023814195
0.028794446695669947,0.025667334294187737
0.028807579981279405,0.025664333781513653
0.028791653522452394,0.025667924138559565
0.028790955229148006,0.025668231883449216
0.028791626665017608,0.025667949783967036
0.02879047179532189,0.025667924138559565
0.02878929006819139,0.025679746671403603
0.028791599807582828,0.02566674444981591
0.02879157295014804,0.025665923796776843
0.028790632939930595,0.02566612896003661
0.028791653522452394,0.02566589815136937
0.028791170088626278,0.02566589815136937
0.02877588820823409,0.025667642039077385
0.02878472430427808,0.02566479539884813
0.028784590017104157,0.02566492362588548
0.028784375157625885,0.02566492362588548
0.028784187155582397,0.025665667342702134
0.028785154023234626,0.025664744108033186
0.028785798601669445,0.025665282661590072
0.028784670589408513,0.025665128789145248
0.028783220287930164,0.025664590235588362
0.028782602566930132,0.02566453894477342
0.028784214013017183,0.025664154263661358
0.028783784294060633,0.025664077327438944
0.028781662556712686,0.02566451329936595
0.028782280277712718,0.025664667171810776
0.028782897998712757,0.025652972866004087
0.028780051110625635,0.02566651364114867
0.028778573951712506,0.025666923967668204
0.02877970196397344,0.02566674444981591
0.028779379674756033,0.025666795740630848
0.02877924538758211,0.025666590577371085
0.028791411805539336,0.025663872164179178
0.02878273685410405,0.025665744278924547
0.028784590017104157,0.025665410888627428
0.028782119133104016,0.025665564761072252
0.028781528269538764,0.025664821044255597
0.028780829976234375,0.025679490217328894
0.028777338509712435,0.025665410888627428
0.02877763394149506,0.025665282661590072
0.028778493379408153,0.02566484668966307
0.028779111100408192,0.02566515443455272
0.028777284794842865,0.02566869350078369
0.02876788469266841,0.02566848833752392
0.02878107169314743,0.025668873018635983
0.028780534544451748,0.025668821727821044
0.02878058825932132,0.02566943721760034
0.02878002425319085,0.025670437388491705
0.02878034654240826,0.025671129814493415
0.028779943680886495,0.025672412084866956
0.028778761953755994,0.025672514666496837
0.028779406532190813,0.025674027745537616
0.02878144769723441,0.02567525872509621
0.028780910548538728,0.02567672051332205
0.028778761953755994,0.025678079719918
0.02878058825932132,0.025679233763254188
0.02878104483571265,0.0256799261892559
0.02878031968497348,0.025666308477888904
0.028783139715625815,0.025680669906072554
0.028783274002799737,0.025681182814221968
0.02878254885206056,0.025682285566743214
0.028781743129017035,0.0256822086305208
0.028781984845930097,0.025679823607626016
0.028791787809626317,0.025680900714739788
0.028779379674756033,0.025680772487702435
0.028777660798929842,0.02568059296985014
0.028776559644103694,0.025679669735181192
0.028777929373277684,0.02567874650051224
0.028775539061581895,0.025692492438916595
0.02877680136101675,0.0256793106994766
0.028777983088147253,0.02567872085510477
0.02877661335897326,0.0256782592377703
0.028775297344668837,0.02567766939339847
0.028773256179625242,0.025677874556658237
0.02875977374736359,0.025678541337252475
0.028773739613451355,0.025676643577099638
0.028771859593016466,0.02567648970465481
0.028771591018668625,0.025675617760800806
0.028771134442277288,0.025674976625614035
0.028769952715146787,0.025673668709833022
0.028769120134668476,0.025672796765979018
0.028769415566451104,0.025672694184349133
0.02876901270492934,0.02567274547516408
0.028765655525581323,0.025672668538941665
0.02876495723227693,0.025672027403754894
0.0287667029655379,0.02567225821242213
0.02876495723227693,0.025672053049162362
0.02876326521388553,0.02567156578642042
0.028764554370755167,0.025710803259850742
0.02876114347653758,0.025776378566753577
0.02875848459049395,0.02582992617755261
0.028759182883798334,0.025883319915906814
0.028759558887885315,0.02593730349863285
0.028759881177102726,0.025988517377352038
0.028772423599146932,0.026040551909110293
0.028657232061357642,0.026096125507099516
0.02855737611883011,0.026148852464859484
0.02845448528617197,0.02619747615742412
0.028356213932296707,0.02624969020703467
0.028255847698508276,0.02630387895302047
0.028154836886285027,0.026356990591892494
0.02805369178688786,0.026413718233217906
0.02794271686635968,0.02646444484919515
0.027853845614658874,0.02651768471510453
0.027753398808566095,0.026571257971311033
0.027652307424038493,0.02662470300048018
0.027552209764597903,0.02667889174646598
0.02745259553898343,0.02673282403837707
0.027352873883629822,0.0267329779108219
0.027252588222145744,0.026733260010304075
0.02715308142627041,0.02673433711741785
0.027052339188395,0.02673431147201038
0.026950952372084773,0.026734208890380497
0.026850263849078935,0.02673533728830921
0.026751106199855792,0.02673467050771497
0.026750676480899245,0.02673331130111902
0.026750757053203598,0.026733901145490846
0.026753630798725503,0.02673933797187466
0.026750676480899245,0.026741235732027496
0.026750139332203562,0.026741799930991853
0.026750515336290536,0.026743056555957923
0.026751213629594928,0.026740004752468897
0.02676174174403032,0.02674300526514298
0.026750542193725323,0.02674356946410734
0.026750515336290536,0.026744133663071698
0.02675046162142097,0.02674428753551652
0.0267509181978123,0.02675831557340305
0.0267509181978123,0.026746082714039474
0.026750300476812268,0.026746339168114183
0.026751509061377556,0.026746621267596363
0.026750998770116653,0.026747364984413016
0.02675070333833403,0.026749570489455504
0.02675102562755144,0.02674610835944695
0.02674635243389899,0.026746672558411306
0.026754302234595108,0.02674772402011761
0.026754731953551655,0.026747852247154962
0.02675395308794291,0.02674846773693426
0.02675427537716032,0.026748852418046323
0.026754167947421185,0.026749185808343443
0.026754624523812515,0.026748878063453795
0.02675483938329079,0.026748647254786557
0.026754758810986438,0.02674910887212103
0.026755322817116907,0.02674908322671356
0.026756799976030036,0.026749801298122742
0.026757310267290932,0.026750185979234804
0.026757847415986614,0.026750827114421574
0.026758035418030103,0.026737696665796524
0.026758465136986653,0.026751006632273873
0.02675913657285626,0.02675108356849628
0.026758599424160572,0.026751519540423287
0.026759485719508452,0.026751211795533636
0.026760049725638918,0.026748980645083676
0.026761177737899856,0.02675295568324165
0.02676716694585672,0.026752853101611768
0.026759700578986724,0.026752750519981883
0.02675986172359543,0.0267532634281313
0.026760667446638953,0.026753314718946243
0.026761016593291147,0.026761059632002426
0.026759109715421472,0.026750468078716984
0.02676362176446521,0.02675131437716352
0.02676346061985651,0.026751391313385935
0.026762842898856474,0.02675126308634858
0.026763272617813017,0.026753571173020952
0.026756235969899567,0.026749544844048033
0.0267605868743346,0.026749365326195738
0.02676069430407374,0.026749467907825623
0.026761124023030283,0.0267493140353808
0.026761661171725966,0.02674905758130609
0.0267626280393782,0.026749211453750917
0.02676289661372604,0.026749185808343443
0.026762977186030393,0.026748006119599786
0.026763138330639095,0.02674805741041473
0.02676219832042165,0.026747800956340023
0.02676155374198683,0.026747749665525077
0.02676219832042165,0.026747621438487724
0.0267621177481173,0.026747390629820487
0.026761768601465105,0.026747313693598073
0.02676133888250856,0.026739517489726954
0.026764400630073956,0.026749852588937684
0.02675916343029104,0.02674916016293597
0.026759297717464964,0.026749544844048033
0.026760667446638953,0.026749801298122742
0.026759297717464964,0.026747647083895196
0.026766468652552333,0.026751519540423287
0.026762305750160788,0.026751827285312935
0.026762681754247765,0.026751647767460644
0.026763218902943448,0.026751442604200874
0.026762842898856474,0.026751416958793402
0.02676187603120424,0.026759443971331762
0.026758465136986653,0.026750262915457217
0.026761956603508594,0.026751211795533636
0.0267621177481173,0.026751775994497996
0.026761661171725966,0.026752391484277292
0.026761929746073807,0.026755443287766318
0.026752556501334134,0.026752160675610058
0.026759002285682336,0.026752750519981883
0.026759029143117122,0.026752417129684767
0.026760291442551976,0.02675287874701924
0.026759915438464996,0.02675295568324165
0.02676069430407374,0.026753468591391067
0.026760801733812876,0.026753391655168653
0.026760345157421542,0.026753289073538772
0.02676088230611723,0.0267534429459836
0.0267610971655955,0.026753032619464063
0.026761258310204206,0.026754007144947956
0.02676098973585636,0.026754186662800248
0.02676053315946503,0.026754725216357137
0.026760774876378093,0.02675582796887838
0.026760022868204135,0.02675295568324165
0.02676354119216086,0.02675295568324165
0.02675935143233453,0.02675295568324165
0.026759378289769313,0.02675295568324165
0.02676069430407374,0.02675295568324165
0.026759915438464996,0.02675295568324165
0.02676888582168291,0.02675295568324165
0.026762762326552118,0.02675295568324165
0.02676053315946503,0.02675295568324165
0.02676053315946503,0.02675295568324165
0.02676053315946503,
0.02676053315946503,
0.02676053315946503,
0.02676053315946503,
0.02676053315946503,
0.02676053315946503,
0.02676053315946503,
0.02676053315946503,
