0.245,64296.0,0.245,64296.0,0.25,63777.0,0.25,63777.0,0.006000000000000005,2.866666666666664
0.258,64316.0,0.258,64316.0,0.264,63809.0,0.264,63809.0,,
0.269,64325.0,,,0.275,63804.0,,,,
0.28,64263.0,,,0.285,63807.0,,,,
0.292,64404.0,,,0.299,63801.0,,,,
0.306,64303.0,,,0.311,63799.0,,,,
0.318,64309.0,,,0.322,63792.0,,,,
0.328,64299.0,,,0.333,63781.0,,,,
0.337,64298.0,,,0.343,63812.0,,,,
0.349,64086.0,,,0.353,63929.0,,,,
0.358,64558.0,,,0.363,63904.0,,,,
0.367,64303.0,,,0.373,63670.0,,,,
0.378,64277.0,,,0.386,63814.0,,,,
0.391,64287.0,,,0.398,63842.0,,,,
0.404,64297.0,,,0.411,63842.0,,,,
0.416,64314.0,,,0.423,63909.0,,,,
0.428,64293.0,,,0.434,63745.0,,,,
0.439,64282.0,,,0.446,63878.0,,,,
0.451,64238.0,,,0.458,63822.0,,,,
0.464,64291.0,,,0.472,63851.0,,,,
0.477,64320.0,,,0.483,63834.0,,,,
0.489,64307.0,,,0.495,63847.0,,,,
0.502,64313.0,,,0.507,63863.0,,,,
0.515,64340.0,,,0.521,63854.0,,,,
0.526,64351.0,,,0.53,63852.0,,,,
0.537,64328.0,,,0.542,63823.0,,,,
0.549,64339.0,,,0.556,63837.0,,,,
0.563,64335.0,,,0.568,63832.0,,,,
0.575,64344.0,,,0.581,63864.0,,,,
0.587,64358.0,,,0.593,63854.0,,,,
0.601,64364.0,,,0.606,63844.0,,,,
0.613,64343.0,,,0.619,63866.0,,,,
0.624,64355.0,,,0.631,63857.0,,,,
0.637,64339.0,,,0.643,63853.0,,,,
0.648,64356.0,,,0.654,63860.0,,,,
0.661,64249.0,,,0.666,63852.0,,,,
0.673,64397.0,,,0.678,63830.0,,,,
0.686,64292.0,,,0.691,63809.0,,,,
0.696,64267.0,,,0.701,63780.0,,,,
0.708,64240.0,,,0.714,63735.0,,,,
0.72,64186.0,,,0.726,63700.0,,,,
0.731,64082.0,,,0.736,63891.0,,,,
0.74,64487.0,,,0.746,63429.0,,,,
0.751,64256.0,,,0.755,63569.0,,,,
0.76,64248.0,,,0.766,63558.0,,,,
0.771,64246.0,,,0.776,63545.0,,,,
0.782,64233.0,,,0.786,63533.0,,,,
0.791,64255.0,,,0.796,63615.0,,,,
0.802,64268.0,,,0.808,63392.0,,,,
0.814,64251.0,,,0.819,63487.0,,,,
0.824,64237.0,,,0.831,63499.0,,,,
0.837,64245.0,,,0.844,63493.0,,,,
0.849,64241.0,,,0.857,63474.0,,,,
0.862,64246.0,,,0.868,63489.0,,,,
0.875,64255.0,,,0.88,63506.0,,,,
0.887,64264.0,,,0.893,63498.0,,,,
0.9,64255.0,,,0.906,63479.0,,,,
0.913,64243.0,,,0.918,63509.0,,,,
0.924,64262.0,,,0.931,63517.0,,,,
0.936,64225.0,,,0.944,63530.0,,,,
0.95,64220.0,,,0.956,63518.0,,,,
0.962,64236.0,,,0.969,63529.0,,,,
0.974,64258.0,,,0.98,63510.0,,,,
0.985,64263.0,,,0.992,63511.0,,,,
0.998,64273.0,,,1.004,63511.0,,,,
1.01,64276.0,,,1.015,63512.0,,,,
1.021,64212.0,,,1.027,63508.0,,,,
1.034,64284.0,,,1.039,63528.0,,,,
1.045,64225.0,,,1.051,63516.0,,,,
1.056,64384.0,,,1.061,63537.0,,,,
1.069,64291.0,,,1.074,63527.0,,,,
1.079,64291.0,,,1.084,63571.0,,,,
1.091,64294.0,,,1.095,63584.0,,,,
1.101,64061.0,,,1.106,63682.0,,,,
1.114,64569.0,,,1.118,63562.0,,,,
1.124,64278.0,,,1.129,63397.0,,,,
1.133,64270.0,,,1.139,63557.0,,,,
1.144,64266.0,,,1.152,63598.0,,,,
1.156,64290.0,,,1.162,63582.0,,,,
1.167,64277.0,,,1.174,63691.0,,,,
1.18,64311.0,,,1.187,63487.0,,,,
1.191,64307.0,,,1.197,63585.0,,,,
1.203,64280.0,,,1.209,63570.0,,,,
1.215,64295.0,,,1.221,63586.0,,,,
1.226,64301.0,,,1.23,63594.0,,,,
1.238,64314.0,,,1.244,63584.0,,,,
1.249,64315.0,,,1.253,63630.0,,,,
1.26,64345.0,,,1.266,63586.0,,,,
1.273,64365.0,,,1.278,63591.0,,,,
1.285,64343.0,,,1.289,63616.0,,,,
1.295,64364.0,,,1.301,63594.0,,,,
1.308,64377.0,,,1.314,63601.0,,,,
1.319,64394.0,,,1.327,63590.0,,,,
1.333,64411.0,,,1.339,63597.0,,,,
1.345,64416.0,,,1.351,63602.0,,,,
1.355,64420.0,,,1.361,63596.0,,,,
1.368,64429.0,,,1.374,63588.0,,,,
1.378,64419.0,,,1.384,63605.0,,,,
1.39,64448.0,,,1.396,63576.0,,,,
1.401,64414.0,,,1.406,63589.0,,,,
1.414,64295.0,,,1.419,63573.0,,,,
1.424,64488.0,,,1.429,63550.0,,,,
1.436,64398.0,,,1.441,63545.0,,,,
1.446,64415.0,,,1.452,63517.0,,,,
1.459,64374.0,,,1.464,63523.0,,,,
1.469,64375.0,,,1.474,63527.0,,,,
1.481,64277.0,,,1.486,63722.0,,,,
1.491,64542.0,,,1.497,63306.0,,,,
1.501,64392.0,,,1.507,63489.0,,,,
1.512,64388.0,,,1.519,63491.0,,,,
1.523,64377.0,,,1.529,63520.0,,,,
1.534,64390.0,,,1.542,63491.0,,,,
1.548,64352.0,,,1.555,63487.0,,,,
1.559,64379.0,,,1.564,63411.0,,,,
1.57,64337.0,,,1.577,63467.0,,,,
1.583,64363.0,,,1.589,63462.0,,,,
1.594,64382.0,,,1.6,63433.0,,,,
1.605,64386.0,,,1.612,63439.0,,,,
1.618,64370.0,,,1.624,63454.0,,,,
1.63,64410.0,,,1.634,63411.0,,,,
1.641,64384.0,,,1.646,63446.0,,,,
1.653,64400.0,,,,,,,,
0.245,58460.0,0.245,58460.0,0.25,62181.0,0.25,62181.0,0.006000000000000005,2.866666666666664
0.258,58473.0,0.258,58473.0,0.264,62191.0,0.264,62191.0,,
0.269,58483.0,,,0.275,62190.0,,,,
0.28,58350.0,,,0.286,62175.0,,,,
0.292,58620.0,,,0.299,62138.0,,,,
0.306,58495.0,,,0.311,62172.0,,,,
0.318,58508.0,,,0.322,62173.0,,,,
0.328,58490.0,,,0.333,62169.0,,,,
0.337,58380.0,,,0.343,62182.0,,,,
0.349,58421.0,,,0.353,62408.0,,,,
0.358,58670.0,,,0.364,61957.0,,,,
0.368,58537.0,,,0.373,62170.0,,,,
0.378,58475.0,,,0.386,62157.0,,,,
0.392,58490.0,,,0.398,62174.0,,,,
0.404,58476.0,,,0.411,62248.0,,,,
0.415,58476.0,,,0.42,62097.0,,,,
0.427,58492.0,,,0.434,62181.0,,,,
0.439,58491.0,,,0.446,62120.0,,,,
0.452,58486.0,,,0.458,62151.0,,,,
0.464,58474.0,,,0.472,62167.0,,,,
0.477,58473.0,,,0.483,62165.0,,,,
0.49,58460.0,,,0.495,62180.0,,,,
0.502,58469.0,,,0.507,62181.0,,,,
0.514,58490.0,,,0.518,62154.0,,,,
0.525,58459.0,,,0.53,62149.0,,,,
0.537,58465.0,,,0.543,62166.0,,,,
0.549,58461.0,,,0.556,62191.0,,,,
0.563,58455.0,,,0.568,62174.0,,,,
0.575,58472.0,,,0.581,62192.0,,,,
0.588,58465.0,,,0.593,62184.0,,,,
0.601,58463.0,,,0.606,62177.0,,,,
0.612,58484.0,,,0.619,62189.0,,,,
0.624,58475.0,,,0.63,62185.0,,,,
0.635,58492.0,,,0.642,62204.0,,,,
0.648,58439.0,,,0.654,62181.0,,,,
0.661,58543.0,,,0.666,62199.0,,,,
0.673,58504.0,,,0.677,62190.0,,,,
0.684,58486.0,,,0.689,62184.0,,,,
0.696,58530.0,,,0.701,62190.0,,,,
0.708,58424.0,,,0.714,62175.0,,,,
0.721,58664.0,,,0.726,62412.0,,,,
0.731,58560.0,,,0.737,61952.0,,,,
0.741,58514.0,,,0.746,62202.0,,,,
0.751,58468.0,,,0.755,62168.0,,,,
0.761,58489.0,,,0.766,62165.0,,,,
0.771,58509.0,,,0.776,62164.0,,,,
0.782,58507.0,,,0.789,62232.0,,,,
0.794,58484.0,,,0.801,62115.0,,,,
0.806,58468.0,,,0.814,62178.0,,,,
0.82,58521.0,,,0.827,62171.0,,,,
0.832,58494.0,,,0.838,62169.0,,,,
0.845,58530.0,,,0.85,62170.0,,,,
0.858,58512.0,,,0.863,62179.0,,,,
0.869,58533.0,,,0.873,62132.0,,,,
0.88,58525.0,,,0.885,62141.0,,,,
0.892,58534.0,,,0.899,62171.0,,,,
0.905,58535.0,,,0.911,62136.0,,,,
0.918,58559.0,,,0.923,62153.0,,,,
0.93,58560.0,,,0.936,62138.0,,,,
0.943,58560.0,,,0.949,62133.0,,,,
0.956,58556.0,,,0.961,62124.0,,,,
0.968,58565.0,,,0.974,62140.0,,,,
0.979,58563.0,,,0.987,62138.0,,,,
0.993,58578.0,,,0.998,62142.0,,,,
1.003,58533.0,,,1.009,62117.0,,,,
1.016,58560.0,,,1.021,62131.0,,,,
1.029,58644.0,,,1.034,62115.0,,,,
1.039,58614.0,,,1.044,62138.0,,,,
1.051,58600.0,,,1.056,62146.0,,,,
1.061,58598.0,,,1.067,62134.0,,,,
1.074,58591.0,,,1.078,62146.0,,,,
1.084,58357.0,,,1.089,62375.0,,,,
1.096,58802.0,,,1.1,61914.0,,,,
1.106,58603.0,,,1.112,62145.0,,,,
1.116,58590.0,,,1.122,62151.0,,,,
1.127,58639.0,,,1.134,62160.0,,,,
1.138,58594.0,,,1.144,62157.0,,,,
1.149,58630.0,,,1.157,62245.0,,,,
1.163,58636.0,,,1.169,62146.0,,,,
1.174,58643.0,,,1.179,62168.0,,,,
1.185,58639.0,,,1.191,62189.0,,,,
1.198,58651.0,,,1.204,62208.0,,,,
1.209,58642.0,,,1.213,62199.0,,,,
1.22,58655.0,,,1.226,62201.0,,,,
1.233,58638.0,,,1.239,62192.0,,,,
1.245,58623.0,,,1.249,62204.0,,,,
1.255,58647.0,,,1.261,62213.0,,,,
1.268,58653.0,,,1.274,62209.0,,,,
1.28,58638.0,,,1.287,62215.0,,,,
1.293,58665.0,,,1.3,62201.0,,,,
1.305,58661.0,,,1.311,62195.0,,,,
1.315,58650.0,,,1.323,62231.0,,,,
1.328,58658.0,,,1.334,62228.0,,,,
1.338,58665.0,,,1.344,62242.0,,,,
1.35,58661.0,,,1.356,62243.0,,,,
1.36,58661.0,,,1.367,62226.0,,,,
1.373,58668.0,,,1.379,62244.0,,,,
1.384,58654.0,,,1.389,62242.0,,,,
1.396,58684.0,,,1.401,62202.0,,,,
1.406,58743.0,,,1.412,62239.0,,,,
1.419,58660.0,,,1.424,62242.0,,,,
1.429,58686.0,,,1.434,62280.0,,,,
1.441,58695.0,,,1.446,62253.0,,,,
1.452,58456.0,,,1.457,62359.0,,,,
1.461,58957.0,,,1.467,62349.0,,,,
1.472,58693.0,,,1.479,62262.0,,,,
1.483,58728.0,,,1.489,62300.0,,,,
1.495,58717.0,,,1.502,62294.0,,,,
1.508,58747.0,,,1.515,62331.0,,,,
1.519,58727.0,,,1.524,62392.0,,,,
1.53,58762.0,,,1.538,62251.0,,,,
1.543,58764.0,,,1.549,62333.0,,,,
1.554,58767.0,,,1.56,62312.0,,,,
1.565,58791.0,,,1.571,62294.0,,,,
1.576,58799.0,,,1.583,62314.0,,,,
1.588,58817.0,,,1.594,62321.0,,,,
1.601,58849.0,,,1.606,62325.0,,,,
1.612,58856.0,,,1.616,62287.0,,,,
1.624,58839.0,,,1.629,62334.0,,,,
1.636,58855.0,,,1.642,62329.0,,,,
1.647,58862.0,,,1.654,62313.0,,,,
1.66,58841.0,,,,,,,,
0.245,59532.0,0.245,59532.0,0.25,57242.0,0.264,57222.0,0.006000000000000005,2.866666666666664
0.258,59555.0,0.258,59555.0,0.264,57222.0,,,,
0.269,59552.0,,,0.275,57227.0,,,,
0.28,59489.0,,,0.285,57177.0,,,,
0.292,59596.0,,,0.299,57202.0,,,,
0.306,59539.0,,,0.311,57199.0,,,,
0.318,59574.0,,,0.322,57234.0,,,,
0.328,59530.0,,,0.333,57237.0,,,,
0.34,59437.0,,,0.346,57269.0,,,,
0.353,59675.0,,,0.357,57270.0,,,,
0.363,59559.0,,,0.368,57192.0,,,,
0.372,59541.0,,,0.378,57224.0,,,,
0.384,59564.0,,,0.388,57234.0,,,,
0.393,59562.0,,,0.399,57227.0,,,,
0.404,59549.0,,,0.411,57278.0,,,,
0.415,59527.0,,,0.42,57174.0,,,,
0.427,59543.0,,,0.434,57255.0,,,,
0.439,59566.0,,,0.446,57193.0,,,,
0.451,59561.0,,,0.458,57242.0,,,,
0.464,59566.0,,,0.472,57223.0,,,,
0.477,59535.0,,,0.483,57223.0,,,,
0.49,59551.0,,,0.495,57231.0,,,,
0.502,59536.0,,,0.507,57226.0,,,,
0.514,59565.0,,,0.518,57215.0,,,,
0.525,59542.0,,,0.53,57253.0,,,,
0.537,59535.0,,,0.543,57187.0,,,,
0.549,59522.0,,,0.556,57220.0,,,,
0.563,59537.0,,,0.568,57203.0,,,,
0.575,59539.0,,,0.581,57217.0,,,,
0.587,59517.0,,,0.593,57191.0,,,,
0.601,59534.0,,,0.606,57180.0,,,,
0.612,59532.0,,,0.619,57191.0,,,,
0.624,59521.0,,,0.63,57193.0,,,,
0.635,59516.0,,,0.642,57149.0,,,,
0.648,59484.0,,,0.654,57186.0,,,,
0.661,59562.0,,,0.666,57205.0,,,,
0.673,59521.0,,,0.677,57217.0,,,,
0.684,59501.0,,,0.689,57191.0,,,,
0.696,59529.0,,,0.701,57191.0,,,,
0.708,59443.0,,,0.712,57218.0,,,,
0.718,59534.0,,,0.723,57336.0,,,,
0.728,59581.0,,,0.733,57131.0,,,,
0.739,59542.0,,,0.743,57208.0,,,,
0.748,59525.0,,,0.754,57224.0,,,,
0.758,59524.0,,,0.763,57204.0,,,,
0.769,59485.0,,,0.773,57232.0,,,,
0.779,59542.0,,,0.784,57298.0,,,,
0.789,59539.0,,,0.796,57191.0,,,,
0.8,59585.0,,,0.806,57216.0,,,,
0.812,59538.0,,,0.819,57235.0,,,,
0.824,59537.0,,,0.831,57278.0,,,,
0.837,59550.0,,,0.844,57216.0,,,,
0.849,59556.0,,,0.856,57253.0,,,,
0.863,59573.0,,,0.868,57251.0,,,,
0.875,59549.0,,,0.88,57250.0,,,,
0.887,59568.0,,,0.893,57240.0,,,,
0.899,59570.0,,,0.903,57204.0,,,,
0.91,59587.0,,,0.916,57226.0,,,,
0.922,59574.0,,,0.928,57229.0,,,,
0.935,59582.0,,,0.941,57223.0,,,,
0.948,59596.0,,,0.954,57222.0,,,,
0.961,59558.0,,,0.966,57191.0,,,,
0.973,59536.0,,,0.978,57210.0,,,,
0.986,59565.0,,,0.992,57219.0,,,,
0.997,59585.0,,,1.003,57212.0,,,,
1.008,59558.0,,,1.014,57223.0,,,,
1.021,59518.0,,,1.026,57276.0,,,,
1.031,59617.0,,,1.037,57259.0,,,,
1.044,59569.0,,,1.049,57227.0,,,,
1.056,59559.0,,,1.06,57255.0,,,,
1.067,59561.0,,,1.072,57260.0,,,,
1.079,59448.0,,,1.083,57245.0,,,,
1.089,59626.0,,,1.094,57313.0,,,,
1.101,59566.0,,,1.105,57150.0,,,,
1.112,59556.0,,,1.117,57194.0,,,,
1.121,59590.0,,,1.127,57234.0,,,,
1.132,59523.0,,,1.139,57235.0,,,,
1.143,59570.0,,,1.149,57302.0,,,,
1.155,59533.0,,,1.162,57197.0,,,,
1.167,59570.0,,,1.174,57262.0,,,,
1.179,59568.0,,,1.184,57260.0,,,,
1.189,59573.0,,,1.197,57273.0,,,,
1.203,59563.0,,,1.208,57258.0,,,,
1.214,59570.0,,,1.218,57248.0,,,,
1.225,59560.0,,,1.23,57244.0,,,,
1.236,59574.0,,,1.241,57261.0,,,,
1.248,59579.0,,,1.253,57254.0,,,,
1.26,59567.0,,,1.266,57241.0,,,,
1.272,59579.0,,,1.278,57234.0,,,,
1.285,59541.0,,,1.292,57236.0,,,,
1.297,59568.0,,,1.304,57235.0,,,,
1.31,59578.0,,,1.316,57226.0,,,,
1.323,59558.0,,,1.329,57227.0,,,,
1.336,59564.0,,,1.342,57226.0,,,,
1.348,59591.0,,,1.354,57226.0,,,,
1.361,59574.0,,,1.367,57259.0,,,,
1.373,59592.0,,,1.379,57242.0,,,,
1.384,59573.0,,,1.389,57243.0,,,,
1.396,59551.0,,,1.401,57238.0,,,,
1.406,59635.0,,,1.412,57218.0,,,,
1.419,59624.0,,,1.424,57209.0,,,,
1.429,59584.0,,,1.434,57197.0,,,,
1.441,59580.0,,,1.446,57199.0,,,,
1.452,59474.0,,,1.457,57268.0,,,,
1.464,59731.0,,,1.469,57216.0,,,,
1.474,59601.0,,,1.479,57134.0,,,,
1.484,59585.0,,,1.489,57210.0,,,,
1.495,59594.0,,,1.502,57193.0,,,,
1.506,59582.0,,,1.512,57214.0,,,,
1.517,59600.0,,,1.524,57275.0,,,,
1.53,59599.0,,,1.538,57165.0,,,,
1.542,59601.0,,,1.547,57202.0,,,,
1.553,59602.0,,,1.56,57222.0,,,,
1.565,59616.0,,,1.571,57220.0,,,,
1.576,59615.0,,,1.581,57208.0,,,,
1.588,59643.0,,,1.594,57216.0,,,,
1.601,59634.0,,,1.606,57210.0,,,,
1.612,59611.0,,,1.616,57199.0,,,,
1.624,59635.0,,,1.629,57186.0,,,,
1.636,59636.0,,,1.642,57183.0,,,,
1.647,59639.0,,,1.654,57146.0,,,,
1.66,59646.0,,,,,,,,
0.245,59742.0,0.245,59742.0,0.25,60138.0,0.25,60138.0,0.0050000000000000044,3.439999999999997
0.258,59737.0,0.258,59737.0,0.264,60094.0,,,,
0.269,59748.0,,,0.275,60042.0,,,,
0.28,59644.0,,,0.286,60047.0,,,,
0.292,59781.0,,,0.299,59939.0,,,,
0.306,59732.0,,,0.31,59968.0,,,,
0.315,59701.0,,,0.321,59938.0,,,,
0.325,59729.0,,,0.33,59947.0,,,,
0.335,59680.0,,,0.339,59944.0,,,,
0.346,59740.0,,,0.351,60063.0,,,,
0.355,59793.0,,,0.36,59794.0,,,,
0.366,59716.0,,,0.37,59899.0,,,,
0.375,59723.0,,,0.381,59885.0,,,,
0.386,59745.0,,,0.391,59846.0,,,,
0.396,59730.0,,,0.403,59882.0,,,,
0.409,59723.0,,,0.415,59893.0,,,,
0.421,59735.0,,,0.429,59893.0,,,,
0.434,59740.0,,,0.441,59904.0,,,,
0.447,59740.0,,,0.452,59892.0,,,,
0.458,59728.0,,,0.463,59879.0,,,,
0.47,59751.0,,,0.476,59873.0,,,,
0.482,59731.0,,,0.489,59878.0,,,,
0.494,59736.0,,,0.5,59851.0,,,,
0.507,59739.0,,,0.513,59864.0,,,,
0.52,59746.0,,,0.526,59891.0,,,,
0.532,59748.0,,,0.538,59903.0,,,,
0.545,59726.0,,,0.55,59912.0,,,,
0.557,59727.0,,,0.564,59909.0,,,,
0.569,59719.0,,,0.576,59938.0,,,,
0.582,59742.0,,,0.588,59961.0,,,,
0.594,59746.0,,,0.6,59984.0,,,,
0.606,59787.0,,,0.611,59998.0,,,,
0.618,59746.0,,,0.623,59981.0,,,,
0.63,59754.0,,,0.636,59979.0,,,,
0.644,59726.0,,,0.648,59931.0,,,,
0.653,59776.0,,,0.659,59975.0,,,,
0.665,59776.0,,,0.671,60006.0,,,,
0.678,59784.0,,,0.683,59968.0,,,,
0.688,59780.0,,,0.694,59944.0,,,,
0.698,59769.0,,,0.703,59913.0,,,,
0.708,59698.0,,,0.712,60047.0,,,,
0.718,59898.0,,,0.723,59803.0,,,,
0.728,59789.0,,,0.734,59872.0,,,,
0.739,59760.0,,,0.743,59822.0,,,,
0.748,59766.0,,,0.754,59726.0,,,,
0.758,59773.0,,,0.763,59637.0,,,,
0.769,59750.0,,,0.776,59606.0,,,,
0.782,59741.0,,,0.789,59473.0,,,,
0.794,59737.0,,,0.801,59496.0,,,,
0.806,59756.0,,,0.814,59491.0,,,,
0.82,59740.0,,,0.825,59463.0,,,,
0.832,59753.0,,,0.838,59476.0,,,,
0.843,59756.0,,,0.847,59441.0,,,,
0.855,59747.0,,,0.862,59452.0,,,,
0.867,59751.0,,,0.873,59418.0,,,,
0.88,59747.0,,,0.885,59482.0,,,,
0.892,59753.0,,,0.899,59469.0,,,,
0.905,59740.0,,,0.911,59411.0,,,,
0.918,59731.0,,,0.923,59391.0,,,,
0.929,59736.0,,,0.936,59383.0,,,,
0.942,59731.0,,,0.949,59441.0,,,,
0.955,59735.0,,,0.961,59460.0,,,,
0.967,59723.0,,,0.973,59493.0,,,,
0.978,59763.0,,,0.984,59461.0,,,,
0.991,59743.0,,,0.997,59385.0,,,,
1.003,59727.0,,,1.008,59351.0,,,,
1.013,59700.0,,,1.018,59347.0,,,,
1.026,59763.0,,,1.031,59338.0,,,,
1.036,59716.0,,,1.041,59351.0,,,,
1.048,59727.0,,,1.053,59379.0,,,,
1.058,59699.0,,,1.063,59344.0,,,,
1.071,59639.0,,,1.077,59374.0,,,,
1.084,59832.0,,,1.088,59144.0,,,,
1.094,59723.0,,,1.098,59223.0,,,,
1.103,59723.0,,,1.108,59215.0,,,,
1.114,59733.0,,,1.119,59188.0,,,,
1.124,59719.0,,,1.131,59239.0,,,,
1.137,59739.0,,,1.144,59240.0,,,,
1.148,59739.0,,,1.154,59180.0,,,,
1.16,59730.0,,,1.167,59255.0,,,,
1.172,59743.0,,,1.178,59294.0,,,,
1.183,59761.0,,,1.189,59246.0,,,,
1.195,59737.0,,,1.201,59269.0,,,,
1.208,59758.0,,,1.213,59258.0,,,,
1.219,59764.0,,,1.223,59238.0,,,,
1.23,59771.0,,,1.235,59292.0,,,,
1.243,59741.0,,,1.249,59275.0,,,,
1.254,59747.0,,,1.261,59280.0,,,,
1.267,59737.0,,,1.274,59292.0,,,,
1.28,59754.0,,,1.286,59281.0,,,,
1.29,59716.0,,,1.297,59299.0,,,,
1.302,59770.0,,,1.309,59334.0,,,,
1.315,59752.0,,,1.32,59315.0,,,,
1.325,59738.0,,,1.332,59367.0,,,,
1.338,59762.0,,,1.343,59380.0,,,,
1.347,59776.0,,,1.354,59364.0,,,,
1.36,59777.0,,,1.366,59371.0,,,,
1.372,59714.0,,,1.377,59383.0,,,,
1.384,59812.0,,,1.388,59400.0,,,,
1.394,59766.0,,,1.399,59388.0,,,,
1.406,59752.0,,,1.411,59394.0,,,,
1.417,59779.0,,,1.422,59381.0,,,,
1.429,59672.0,,,1.433,59335.0,,,,
1.439,59840.0,,,1.443,59459.0,,,,
1.448,59785.0,,,1.455,59208.0,,,,
1.459,59751.0,,,1.464,59228.0,,,,
1.47,59733.0,,,1.476,59130.0,,,,
1.481,59738.0,,,1.486,59058.0,,,,
1.492,59721.0,,,1.499,59052.0,,,,
1.505,59726.0,,,1.512,58892.0,,,,
1.516,59693.0,,,1.522,58916.0,,,,
1.527,59725.0,,,1.534,58878.0,,,,
1.541,59724.0,,,1.546,58823.0,,,,
1.552,59737.0,,,1.557,58799.0,,,,
1.562,59718.0,,,1.568,58829.0,,,,
1.575,59730.0,,,1.582,58842.0,,,,
1.587,59728.0,,,1.591,58812.0,,,,
1.598,59725.0,,,1.604,58872.0,,,,
1.61,59723.0,,,1.616,58872.0,,,,
1.623,59738.0,,,1.63,58896.0,,,,
1.635,59717.0,,,1.642,58907.0,,,,
1.648,59724.0,,,,,,,,
0.245,57814.0,0.258,57819.0,0.25,58646.0,0.264,58654.0,0.006000000000000005,2.866666666666664
0.258,57819.0,,,0.264,58654.0,,,,
0.269,57802.0,,,0.275,58642.0,,,,
0.28,57698.0,,,0.286,58675.0,,,,
0.292,57880.0,,,0.299,58637.0,,,,
0.306,57791.0,,,0.31,58638.0,,,,
0.315,57782.0,,,0.321,58645.0,,,,
0.325,57791.0,,,0.33,58648.0,,,,
0.335,57671.0,,,0.339,58638.0,,,,
0.346,57793.0,,,0.351,58816.0,,,,
0.355,57858.0,,,0.36,58486.0,,,,
0.366,57736.0,,,0.37,58616.0,,,,
0.375,57770.0,,,0.381,58626.0,,,,
0.386,57746.0,,,0.391,58653.0,,,,
0.396,57770.0,,,0.403,58591.0,,,,
0.409,57764.0,,,0.415,58584.0,,,,
0.421,57740.0,,,0.429,58631.0,,,,
0.434,57767.0,,,0.441,58620.0,,,,
0.447,57777.0,,,0.452,58628.0,,,,
0.459,57783.0,,,0.465,58614.0,,,,
0.471,57766.0,,,0.476,58586.0,,,,
0.482,57747.0,,,0.489,58594.0,,,,
0.494,57759.0,,,0.5,58632.0,,,,
0.507,57767.0,,,0.513,58587.0,,,,
0.52,57749.0,,,0.525,58601.0,,,,
0.532,57757.0,,,0.538,58616.0,,,,
0.545,57768.0,,,0.55,58615.0,,,,
0.558,57751.0,,,0.564,58603.0,,,,
0.57,57771.0,,,0.576,58601.0,,,,
0.581,57737.0,,,0.588,58604.0,,,,
0.594,57743.0,,,0.602,58621.0,,,,
0.607,57757.0,,,0.613,58613.0,,,,
0.618,57752.0,,,0.623,58594.0,,,,
0.63,57740.0,,,0.636,58605.0,,,,
0.644,57691.0,,,0.649,58587.0,,,,
0.656,57828.0,,,0.66,58580.0,,,,
0.666,57707.0,,,0.671,58629.0,,,,
0.678,57714.0,,,0.684,58582.0,,,,
0.691,57726.0,,,0.697,58593.0,,,,
0.703,57615.0,,,0.708,58608.0,,,,
0.713,57822.0,,,0.718,58773.0,,,,
0.722,57774.0,,,0.729,58431.0,,,,
0.734,57746.0,,,0.738,58607.0,,,,
0.743,57738.0,,,0.749,58592.0,,,,
0.753,57755.0,,,0.758,58628.0,,,,
0.763,57731.0,,,0.771,58589.0,,,,
0.777,57732.0,,,0.784,58518.0,,,,
0.789,57721.0,,,0.796,58600.0,,,,
0.802,57750.0,,,0.808,58588.0,,,,
0.815,57766.0,,,0.82,58589.0,,,,
0.827,57776.0,,,0.833,58606.0,,,,
0.838,57776.0,,,0.844,58591.0,,,,
0.849,57785.0,,,0.857,58581.0,,,,
0.862,57766.0,,,0.868,58639.0,,,,
0.875,57778.0,,,0.88,58563.0,,,,
0.887,57786.0,,,0.893,58609.0,,,,
0.901,57774.0,,,0.906,58602.0,,,,
0.913,57787.0,,,0.918,58597.0,,,,
0.925,57809.0,,,0.931,58612.0,,,,
0.939,57811.0,,,0.944,58607.0,,,,
0.95,57781.0,,,0.957,58610.0,,,,
0.962,57790.0,,,0.969,58624.0,,,,
0.974,57800.0,,,0.98,58606.0,,,,
0.986,57796.0,,,0.992,58606.0,,,,
0.998,57767.0,,,1.004,58604.0,,,,
1.011,57724.0,,,1.015,58591.0,,,,
1.021,57870.0,,,1.027,58601.0,,,,
1.034,57816.0,,,1.038,58606.0,,,,
1.044,57797.0,,,1.049,58581.0,,,,
1.056,57803.0,,,1.06,58647.0,,,,
1.067,57682.0,,,1.072,58655.0,,,,
1.079,57950.0,,,1.083,58749.0,,,,
1.088,57789.0,,,1.094,58527.0,,,,
1.098,57797.0,,,1.103,58639.0,,,,
1.11,57781.0,,,1.117,58631.0,,,,
1.121,57799.0,,,1.126,58622.0,,,,
1.132,57791.0,,,1.139,58727.0,,,,
1.144,57777.0,,,1.152,58536.0,,,,
1.156,57761.0,,,1.162,58657.0,,,,
1.167,57776.0,,,1.174,58629.0,,,,
1.18,57768.0,,,1.185,58622.0,,,,
1.191,57779.0,,,1.197,58651.0,,,,
1.203,57751.0,,,1.208,58595.0,,,,
1.215,57756.0,,,1.221,58609.0,,,,
1.226,57777.0,,,1.23,58632.0,,,,
1.238,57747.0,,,1.244,58605.0,,,,
1.251,57737.0,,,1.256,58578.0,,,,
1.262,57734.0,,,1.269,58600.0,,,,
1.274,57727.0,,,1.282,58596.0,,,,
1.288,57742.0,,,1.295,58594.0,,,,
1.3,57727.0,,,1.306,58590.0,,,,
1.313,57726.0,,,1.318,58606.0,,,,
1.326,57731.0,,,1.332,58585.0,,,,
1.339,57684.0,,,1.344,58591.0,,,,
1.351,57733.0,,,1.357,58595.0,,,,
1.362,57727.0,,,1.369,58601.0,,,,
1.374,57655.0,,,1.38,58593.0,,,,
1.387,57805.0,,,1.391,58585.0,,,,
1.396,57740.0,,,1.402,58577.0,,,,
1.41,57743.0,,,1.414,58590.0,,,,
1.419,57747.0,,,1.425,58609.0,,,,
1.432,57615.0,,,1.436,58598.0,,,,
1.441,57843.0,,,1.447,58649.0,,,,
1.455,57746.0,,,1.459,58495.0,,,,
1.464,57720.0,,,1.47,58572.0,,,,
1.474,57741.0,,,1.479,58576.0,,,,
1.484,57721.0,,,1.491,58578.0,,,,
1.497,57715.0,,,1.502,58639.0,,,,
1.507,57721.0,,,1.514,58494.0,,,,
1.52,57731.0,,,1.527,58574.0,,,,
1.531,57727.0,,,1.538,58568.0,,,,
1.543,57712.0,,,1.55,58585.0,,,,
1.555,57726.0,,,1.561,58576.0,,,,
1.567,57734.0,,,1.571,58562.0,,,,
1.577,57709.0,,,1.584,58577.0,,,,
1.591,57735.0,,,1.596,58597.0,,,,
1.602,57684.0,,,1.606,58576.0,,,,
1.613,57698.0,,,1.618,58583.0,,,,
1.626,57736.0,,,1.632,58594.0,,,,
1.637,57735.0,,,1.644,58584.0,,,,
1.65,57728.0,,,1.657,58600.0,,,,
1.662,57738.0,,,,,,,,
0.245,58744.0,0.245,58744.0,0.25,58913.0,0.25,58913.0,0.0050000000000000044,3.439999999999997
0.258,58734.0,0.258,58734.0,0.264,58903.0,0.264,58903.0,,
0.269,58750.0,,,0.275,58904.0,,,,
0.28,58656.0,,,0.285,58898.0,,,,
0.292,58774.0,,,0.299,58912.0,,,,
0.306,58708.0,,,0.311,58909.0,,,,
0.318,58691.0,,,0.322,58902.0,,,,
0.328,58712.0,,,0.333,58912.0,,,,
0.34,58589.0,,,0.346,58955.0,,,,
0.353,58831.0,,,0.357,58940.0,,,,
0.363,58713.0,,,0.368,58812.0,,,,
0.372,58686.0,,,0.377,58866.0,,,,
0.384,58675.0,,,0.388,58904.0,,,,
0.393,58681.0,,,0.399,58892.0,,,,
0.404,58639.0,,,0.411,58946.0,,,,
0.416,58647.0,,,0.423,58821.0,,,,
0.428,58676.0,,,0.434,58874.0,,,,
0.439,58624.0,,,0.446,58912.0,,,,
0.451,58644.0,,,0.458,58864.0,,,,
0.464,58618.0,,,0.472,58858.0,,,,
0.477,58614.0,,,0.483,58877.0,,,,
0.489,58624.0,,,0.495,58878.0,,,,
0.502,58636.0,,,0.507,58883.0,,,,
0.515,58613.0,,,0.521,58875.0,,,,
0.526,58590.0,,,0.53,58854.0,,,,
0.537,58632.0,,,0.542,58867.0,,,,
0.549,58624.0,,,0.556,58886.0,,,,
0.563,58622.0,,,0.568,58854.0,,,,
0.575,58659.0,,,0.581,58879.0,,,,
0.587,58629.0,,,0.593,58885.0,,,,
0.601,58658.0,,,0.606,58889.0,,,,
0.613,58662.0,,,0.619,58877.0,,,,
0.626,58675.0,,,0.631,58876.0,,,,
0.637,58670.0,,,0.643,58874.0,,,,
0.648,58580.0,,,0.654,58927.0,,,,
0.661,58729.0,,,0.666,58871.0,,,,
0.673,58684.0,,,0.677,58914.0,,,,
0.684,58668.0,,,0.689,58883.0,,,,
0.693,58687.0,,,0.698,58913.0,,,,
0.704,58679.0,,,0.708,58916.0,,,,
0.713,58530.0,,,0.718,59065.0,,,,
0.722,58811.0,,,0.729,58777.0,,,,
0.734,58666.0,,,0.738,58902.0,,,,
0.743,58686.0,,,0.749,58941.0,,,,
0.753,58683.0,,,0.758,58925.0,,,,
0.764,58651.0,,,0.771,58919.0,,,,
0.777,58647.0,,,0.784,58964.0,,,,
0.789,58669.0,,,0.796,58899.0,,,,
0.802,58680.0,,,0.808,58923.0,,,,
0.815,58655.0,,,0.821,58953.0,,,,
0.826,58649.0,,,0.831,58919.0,,,,
0.837,58639.0,,,0.844,58933.0,,,,
0.849,58654.0,,,0.857,58981.0,,,,
0.862,58629.0,,,0.868,58908.0,,,,
0.875,58635.0,,,0.88,58951.0,,,,
0.887,58617.0,,,0.893,58962.0,,,,
0.901,58585.0,,,0.906,58940.0,,,,
0.913,58601.0,,,0.918,58948.0,,,,
0.925,58644.0,,,0.931,58956.0,,,,
0.936,58583.0,,,0.944,58928.0,,,,
0.95,58616.0,,,0.957,58939.0,,,,
0.962,58600.0,,,0.969,58952.0,,,,
0.974,58610.0,,,0.98,58946.0,,,,
0.986,58646.0,,,0.992,58954.0,,,,
0.999,58598.0,,,1.004,58946.0,,,,
1.011,58613.0,,,1.015,58969.0,,,,
1.021,58555.0,,,1.027,58950.0,,,,
1.034,58651.0,,,1.038,58942.0,,,,
1.044,58616.0,,,1.049,58916.0,,,,
1.056,58616.0,,,1.06,58953.0,,,,
1.067,58601.0,,,1.072,58927.0,,,,
1.079,58492.0,,,1.084,59014.0,,,,
1.091,58795.0,,,1.096,58869.0,,,,
1.101,58603.0,,,1.106,58866.0,,,,
1.111,58657.0,,,1.117,58940.0,,,,
1.122,58605.0,,,1.129,58974.0,,,,
1.133,58639.0,,,1.139,58951.0,,,,
1.144,58576.0,,,1.152,58992.0,,,,
1.156,58628.0,,,1.162,58887.0,,,,
1.167,58634.0,,,1.174,58949.0,,,,
1.18,58656.0,,,1.187,58933.0,,,,
1.192,58654.0,,,1.199,58932.0,,,,
1.204,58631.0,,,1.208,58935.0,,,,
1.215,58643.0,,,1.221,58929.0,,,,
1.226,58634.0,,,1.23,58961.0,,,,
1.238,58645.0,,,1.244,58929.0,,,,
1.251,58627.0,,,1.256,58942.0,,,,
1.262,58605.0,,,1.266,58967.0,,,,
1.273,58649.0,,,1.278,58949.0,,,,
1.286,58630.0,,,1.292,58967.0,,,,
1.297,58627.0,,,1.304,58966.0,,,,
1.31,58623.0,,,1.317,58948.0,,,,
1.323,58622.0,,,1.329,59001.0,,,,
1.333,58620.0,,,1.34,58961.0,,,,
1.345,58623.0,,,1.351,58956.0,,,,
1.355,58630.0,,,1.362,58995.0,,,,
1.368,58599.0,,,1.374,58993.0,,,,
1.379,58588.0,,,1.385,58971.0,,,,
1.391,58547.0,,,1.396,58937.0,,,,
1.401,58635.0,,,1.408,58957.0,,,,
1.414,58580.0,,,1.419,58928.0,,,,
1.424,58581.0,,,1.429,58965.0,,,,
1.436,58584.0,,,1.441,58936.0,,,,
1.446,58450.0,,,1.452,58959.0,,,,
1.457,58786.0,,,1.462,59038.0,,,,
1.467,58591.0,,,1.474,58866.0,,,,
1.479,58645.0,,,1.484,58928.0,,,,
1.489,58662.0,,,1.497,58939.0,,,,
1.503,58687.0,,,1.51,58937.0,,,,
1.514,58691.0,,,1.519,59016.0,,,,
1.525,58707.0,,,1.532,58881.0,,,,
1.538,58756.0,,,1.544,58944.0,,,,
1.549,58764.0,,,1.555,58959.0,,,,
1.56,58769.0,,,1.566,58962.0,,,,
1.573,58790.0,,,1.579,58955.0,,,,
1.585,58821.0,,,1.589,58958.0,,,,
1.596,58817.0,,,1.601,58994.0,,,,
1.608,58836.0,,,1.614,58995.0,,,,
1.619,58847.0,,,1.627,59002.0,,,,
1.633,58847.0,,,1.64,58993.0,,,,
1.645,58846.0,,,1.652,59013.0,,,,
1.658,58882.0,,,,,,,,
0.245,65629.0,0.245,65629.0,0.25,58660.0,0.25,58660.0,0.008000000000000007,2.149999999999998
0.258,65641.0,0.258,65641.0,0.264,58659.0,0.264,58659.0,,
0.269,65636.0,,,0.275,58653.0,,,,
0.28,65566.0,,,0.285,58655.0,,,,
0.292,65706.0,,,0.299,58634.0,,,,
0.306,65620.0,,,0.311,58646.0,,,,
0.318,65623.0,,,0.322,58639.0,,,,
0.328,65598.0,,,0.333,58624.0,,,,
0.337,65607.0,,,0.343,58632.0,,,,
0.349,65498.0,,,0.353,58753.0,,,,
0.358,65819.0,,,0.363,58621.0,,,,
0.367,65655.0,,,0.373,58532.0,,,,
0.378,65606.0,,,0.382,58626.0,,,,
0.389,65665.0,,,0.394,58633.0,,,,
0.398,65661.0,,,0.403,58591.0,,,,
0.409,65681.0,,,0.415,58672.0,,,,
0.421,65677.0,,,0.429,58537.0,,,,
0.434,65655.0,,,0.441,58622.0,,,,
0.447,65673.0,,,0.454,58616.0,,,,
0.458,65661.0,,,0.463,58598.0,,,,
0.468,65635.0,,,0.476,58599.0,,,,
0.482,65665.0,,,0.489,58616.0,,,,
0.494,65654.0,,,0.5,58578.0,,,,
0.507,65649.0,,,0.513,58601.0,,,,
0.52,65653.0,,,0.525,58588.0,,,,
0.532,65670.0,,,0.538,58608.0,,,,
0.545,65670.0,,,0.55,58598.0,,,,
0.557,65638.0,,,0.564,58585.0,,,,
0.569,65657.0,,,0.576,58598.0,,,,
0.581,65661.0,,,0.588,58599.0,,,,
0.594,65664.0,,,0.602,58592.0,,,,
0.607,65663.0,,,0.613,58606.0,,,,
0.617,65691.0,,,0.623,58600.0,,,,
0.63,65632.0,,,0.636,58602.0,,,,
0.644,65618.0,,,0.649,58584.0,,,,
0.655,65610.0,,,0.66,58574.0,,,,
0.666,65536.0,,,0.671,58572.0,,,,
0.678,65712.0,,,0.684,58586.0,,,,
0.691,65612.0,,,0.695,58575.0,,,,
0.701,65595.0,,,0.706,58556.0,,,,
0.71,65600.0,,,0.715,58567.0,,,,
0.721,65562.0,,,0.726,58560.0,,,,
0.731,65435.0,,,0.736,58743.0,,,,
0.741,65736.0,,,0.746,58439.0,,,,
0.751,65579.0,,,0.755,58531.0,,,,
0.761,65576.0,,,0.766,58555.0,,,,
0.771,65552.0,,,0.776,58568.0,,,,
0.782,65545.0,,,0.788,58551.0,,,,
0.794,65547.0,,,0.801,58634.0,,,,
0.806,65523.0,,,0.814,58463.0,,,,
0.82,65530.0,,,0.827,58550.0,,,,
0.832,65526.0,,,0.838,58535.0,,,,
0.843,65506.0,,,0.848,58499.0,,,,
0.855,65510.0,,,0.862,58518.0,,,,
0.867,65479.0,,,0.874,58559.0,,,,
0.88,65496.0,,,0.885,58511.0,,,,
0.892,65485.0,,,0.898,58524.0,,,,
0.905,65475.0,,,0.911,58514.0,,,,
0.918,65469.0,,,0.923,58511.0,,,,
0.93,65470.0,,,0.936,58499.0,,,,
0.942,65468.0,,,0.949,58520.0,,,,
0.954,65427.0,,,0.961,58491.0,,,,
0.967,65443.0,,,0.974,58505.0,,,,
0.979,65452.0,,,0.987,58506.0,,,,
0.993,65439.0,,,0.998,58503.0,,,,
1.003,65431.0,,,1.009,58506.0,,,,
1.016,65462.0,,,1.021,58497.0,,,,
1.028,65442.0,,,1.033,58495.0,,,,
1.039,65438.0,,,1.044,58518.0,,,,
1.051,65441.0,,,1.055,58495.0,,,,
1.061,65517.0,,,1.067,58501.0,,,,
1.074,65438.0,,,1.078,58506.0,,,,
1.084,65461.0,,,1.089,58520.0,,,,
1.096,65436.0,,,1.1,58494.0,,,,
1.106,65302.0,,,1.112,58546.0,,,,
1.119,65604.0,,,1.123,58592.0,,,,
1.129,65451.0,,,1.134,58315.0,,,,
1.138,65453.0,,,1.144,58492.0,,,,
1.149,65475.0,,,1.157,58494.0,,,,
1.161,65413.0,,,1.167,58506.0,,,,
1.172,65454.0,,,1.179,58582.0,,,,
1.185,65448.0,,,1.191,58398.0,,,,
1.197,65444.0,,,1.202,58502.0,,,,
1.207,65426.0,,,1.214,58502.0,,,,
1.22,65417.0,,,1.226,58496.0,,,,
1.231,65436.0,,,1.235,58503.0,,,,
1.243,65418.0,,,1.249,58484.0,,,,
1.255,65406.0,,,1.261,58496.0,,,,
1.267,65421.0,,,1.271,58491.0,,,,
1.277,65433.0,,,1.284,58522.0,,,,
1.291,65415.0,,,1.296,58514.0,,,,
1.302,65403.0,,,1.309,58486.0,,,,
1.315,65430.0,,,1.321,58505.0,,,,
1.328,65416.0,,,1.334,58511.0,,,,
1.34,65388.0,,,1.346,58490.0,,,,
1.353,65428.0,,,1.359,58509.0,,,,
1.366,65416.0,,,1.372,58504.0,,,,
1.379,65403.0,,,1.385,58498.0,,,,
1.39,65434.0,,,1.396,58511.0,,,,
1.401,65428.0,,,1.406,58497.0,,,,
1.414,65447.0,,,1.419,58500.0,,,,
1.424,65384.0,,,1.429,58489.0,,,,
1.436,65528.0,,,1.441,58478.0,,,,
1.446,65488.0,,,1.452,58497.0,,,,
1.459,65499.0,,,1.464,58493.0,,,,
1.469,65462.0,,,1.474,58497.0,,,,
1.481,65492.0,,,1.487,58483.0,,,,
1.495,65329.0,,,1.499,58643.0,,,,
1.504,65667.0,,,1.51,58341.0,,,,
1.517,65489.0,,,1.521,58478.0,,,,
1.526,65481.0,,,1.532,58462.0,,,,
1.537,65440.0,,,1.542,58500.0,,,,
1.548,65438.0,,,1.555,58480.0,,,,
1.559,65451.0,,,1.564,58569.0,,,,
1.57,65422.0,,,1.577,58407.0,,,,
1.583,65430.0,,,1.589,58499.0,,,,
1.594,65443.0,,,1.6,58492.0,,,,
1.605,65428.0,,,1.612,58489.0,,,,
1.618,65427.0,,,1.624,58479.0,,,,
1.63,65455.0,,,1.634,58452.0,,,,
1.641,65419.0,,,1.646,58487.0,,,,
1.653,65425.0,,,,,,,,
0.245,59603.0,0.245,59603.0,0.25,61142.0,0.25,61142.0,0.017000000000000015,1.011764705882352
0.258,59610.0,0.258,59610.0,0.264,61147.0,0.264,61147.0,,
0.269,59604.0,0.269,59604.0,0.275,61149.0,0.275,61149.0,,
0.28,59508.0,,,0.286,61144.0,0.275,61149.0,,
0.292,59704.0,,,0.299,61122.0,,,,
0.306,59603.0,,,0.31,61158.0,,,,
0.315,59561.0,,,0.321,61167.0,,,,
0.325,59569.0,,,0.33,61154.0,,,,
0.335,59572.0,,,0.339,61145.0,,,,
0.346,59361.0,,,0.351,61163.0,,,,
0.355,59752.0,,,0.36,61261.0,,,,
0.366,59532.0,,,0.37,60975.0,,,,
0.375,59541.0,,,0.381,61129.0,,,,
0.386,59548.0,,,0.391,61096.0,,,,
0.396,59563.0,,,0.403,61113.0,,,,
0.409,59528.0,,,0.415,61222.0,,,,
0.421,59553.0,,,0.429,61027.0,,,,
0.434,59557.0,,,0.441,61139.0,,,,
0.447,59546.0,,,0.452,61135.0,,,,
0.458,59579.0,,,0.463,61135.0,,,,
0.468,59551.0,,,0.476,61162.0,,,,
0.482,59566.0,,,0.489,61102.0,,,,
0.494,59557.0,,,0.5,61120.0,,,,
0.507,59554.0,,,0.513,61132.0,,,,
0.52,59564.0,,,0.525,61126.0,,,,
0.532,59578.0,,,0.538,61121.0,,,,
0.543,59569.0,,,0.547,61104.0,,,,
0.555,59560.0,,,0.561,61137.0,,,,
0.567,59568.0,,,0.573,61109.0,,,,
0.58,59566.0,,,0.585,61130.0,,,,
0.592,59574.0,,,0.599,61138.0,,,,
0.606,59552.0,,,0.611,61139.0,,,,
0.618,59537.0,,,0.623,61138.0,,,,
0.63,59582.0,,,0.636,61119.0,,,,
0.642,59557.0,,,0.648,61129.0,,,,
0.653,59579.0,,,0.659,61131.0,,,,
0.665,59464.0,,,0.671,61127.0,,,,
0.678,59698.0,,,0.684,61121.0,,,,
0.691,59580.0,,,0.695,61143.0,,,,
0.701,59562.0,,,0.706,61137.0,,,,
0.713,59583.0,,,0.718,61127.0,,,,
0.726,59399.0,,,0.732,61188.0,,,,
0.739,59809.0,,,0.743,61174.0,,,,
0.748,59594.0,,,0.754,61012.0,,,,
0.758,59605.0,,,0.763,61145.0,,,,
0.769,59589.0,,,0.773,61122.0,,,,
0.779,59617.0,,,0.784,61123.0,,,,
0.788,59628.0,,,0.793,61119.0,,,,
0.799,59627.0,,,0.806,61141.0,,,,
0.812,59638.0,,,0.819,61066.0,,,,
0.824,59608.0,,,0.831,61108.0,,,,
0.837,59615.0,,,0.844,61091.0,,,,
0.849,59633.0,,,0.856,61113.0,,,,
0.863,59619.0,,,0.868,61128.0,,,,
0.874,59625.0,,,0.879,61083.0,,,,
0.884,59661.0,,,0.891,61097.0,,,,
0.898,59653.0,,,0.903,61115.0,,,,
0.91,59655.0,,,0.916,61075.0,,,,
0.922,59669.0,,,0.928,61077.0,,,,
0.935,59661.0,,,0.941,61092.0,,,,
0.948,59677.0,,,0.954,61077.0,,,,
0.96,59670.0,,,0.966,61082.0,,,,
0.972,59707.0,,,0.978,61071.0,,,,
0.985,59696.0,,,0.992,61087.0,,,,
0.997,59702.0,,,1.004,61066.0,,,,
1.01,59717.0,,,1.015,61091.0,,,,
1.019,59726.0,,,1.027,61079.0,,,,
1.033,59711.0,,,1.038,61097.0,,,,
1.044,59643.0,,,1.049,61119.0,,,,
1.056,59835.0,,,1.06,61084.0,,,,
1.067,59732.0,,,1.072,61102.0,,,,
1.079,59749.0,,,1.083,61093.0,,,,
1.089,59690.0,,,1.094,61052.0,,,,
1.101,59703.0,,,1.105,61108.0,,,,
1.112,59553.0,,,1.117,61290.0,,,,
1.124,59831.0,,,1.128,60947.0,,,,
1.134,59687.0,,,1.139,61111.0,,,,
1.143,59673.0,,,1.148,61116.0,,,,
1.155,59657.0,,,1.162,61124.0,,,,
1.166,59677.0,,,1.171,61135.0,,,,
1.177,59644.0,,,1.184,61182.0,,,,
1.189,59661.0,,,1.197,61047.0,,,,
1.201,59640.0,,,1.207,61083.0,,,,
1.212,59652.0,,,1.219,61108.0,,,,
1.225,59649.0,,,1.23,61111.0,,,,
1.236,59658.0,,,1.242,61099.0,,,,
1.248,59657.0,,,1.253,61126.0,,,,
1.26,59648.0,,,1.266,61123.0,,,,
1.271,59680.0,,,1.275,61093.0,,,,
1.283,59663.0,,,1.289,61131.0,,,,
1.296,59635.0,,,1.301,61125.0,,,,
1.307,59661.0,,,1.314,61127.0,,,,
1.319,59627.0,,,1.327,61136.0,,,,
1.333,59644.0,,,1.338,61107.0,,,,
1.342,59659.0,,,1.349,61118.0,,,,
1.355,59670.0,,,1.36,61121.0,,,,
1.364,59674.0,,,1.372,61142.0,,,,
1.378,59660.0,,,1.383,61149.0,,,,
1.389,59636.0,,,1.394,61134.0,,,,
1.401,59669.0,,,1.408,61154.0,,,,
1.413,59679.0,,,1.419,61150.0,,,,
1.424,59573.0,,,1.43,61119.0,,,,
1.436,59788.0,,,1.441,61136.0,,,,
1.446,59687.0,,,1.453,61123.0,,,,
1.459,59708.0,,,1.464,61161.0,,,,
1.469,59687.0,,,1.475,61145.0,,,,
1.481,59653.0,,,1.486,61180.0,,,,
1.491,59592.0,,,1.497,61299.0,,,,
1.504,59808.0,,,1.509,60985.0,,,,
1.514,59695.0,,,1.519,61107.0,,,,
1.524,59707.0,,,1.529,61126.0,,,,
1.534,59726.0,,,1.542,61130.0,,,,
1.547,59710.0,,,1.552,61144.0,,,,
1.557,59735.0,,,1.564,61162.0,,,,
1.57,59715.0,,,1.577,61122.0,,,,
1.582,59730.0,,,1.587,61128.0,,,,
1.593,59724.0,,,1.6,61140.0,,,,
1.605,59719.0,,,1.611,61145.0,,,,
1.616,59722.0,,,1.622,61135.0,,,,
1.628,59737.0,,,1.634,61119.0,,,,
1.641,59749.0,,,1.646,61136.0,,,,
1.652,59738.0,,,1.656,61134.0,,,,
1.664,59743.0,,,1.669,61133.0,,,,
1.676,59758.0,,,1.682,61106.0,,,,
1.687,59734.0,,,1.694,61128.0,,,,
1.7,59731.0,,,1.708,61120.0,,,,
1.713,59750.0,,,1.719,61122.0,,,,
1.726,59754.0,,,1.731,61108.0,,,,
1.738,59753.0,,,1.744,61119.0,,,,
1.752,59761.0,,,1.757,61138.0,,,,
1.764,59763.0,,,1.77,61132.0,,,,
1.775,59762.0,,,1.781,61132.0,,,,
1.786,59754.0,,,1.793,61135.0,,,,
1.8,59693.0,,,1.804,61134.0,,,,
1.809,59821.0,,,1.815,61118.0,,,,
1.822,59778.0,,,1.826,61122.0,,,,
1.831,59751.0,,,1.838,61160.0,,,,
1.845,59779.0,,,1.849,61158.0,,,,
1.854,59774.0,,,1.86,61155.0,,,,
1.867,59581.0,,,1.871,61296.0,,,,
1.876,59983.0,,,1.883,61069.0,,,,
1.887,59791.0,,,1.892,61103.0,,,,
1.898,59717.0,,,1.904,61196.0,,,,
1.909,59745.0,,,1.914,61165.0,,,,
1.921,59674.0,,,1.927,61183.0,,,,
1.933,59716.0,,,1.94,61243.0,,,,
1.944,59671.0,,,1.95,61073.0,,,,
1.955,59683.0,,,1.963,61181.0,,,,
1.968,59691.0,,,1.974,61171.0,,,,
1.98,59692.0,,,1.985,61149.0,,,,
1.99,59690.0,,,1.996,61165.0,,,,
2.003,59674.0,,,2.01,61178.0,,,,
2.015,59688.0,,,2.019,61168.0,,,,
2.026,59692.0,,,2.032,61183.0,,,,
2.038,59674.0,,,2.044,61189.0,,,,
2.051,59706.0,,,2.057,61183.0,,,,
2.063,59689.0,,,2.07,61179.0,,,,
2.076,59688.0,,,2.081,61174.0,,,,
2.085,59694.0,,,2.093,61182.0,,,,
2.099,59693.0,,,2.104,61216.0,,,,
2.108,59673.0,,,2.115,61176.0,,,,
2.12,59686.0,,,2.127,61167.0,,,,
2.134,59702.0,,,2.14,61199.0,,,,
2.144,59692.0,,,2.15,61176.0,,,,
2.156,59705.0,,,2.162,61183.0,,,,
2.166,59711.0,,,2.172,61193.0,,,,
2.179,59610.0,,,2.185,61181.0,,,,
2.19,59814.0,,,2.195,61165.0,,,,
2.202,59745.0,,,2.207,61172.0,,,,
2.212,59722.0,,,2.217,61186.0,,,,
2.225,59730.0,,,2.229,61177.0,,,,
2.235,59567.0,,,2.24,61222.0,,,,
2.247,59912.0,,,2.251,61315.0,,,,
2.257,59717.0,,,2.263,61012.0,,,,
2.267,59690.0,,,2.273,61172.0,,,,
2.278,59700.0,,,2.285,61201.0,,,,
2.289,59680.0,,,2.295,61180.0,,,,
2.3,59669.0,,,2.308,61273.0,,,,
2.312,59744.0,,,2.318,61071.0,,,,
2.323,59683.0,,,2.33,61172.0,,,,
2.336,59703.0,,,2.343,61170.0,,,,
2.348,59743.0,,,2.353,61152.0,,,,
2.359,59727.0,,,2.366,61177.0,,,,
2.371,59716.0,,,2.377,61153.0,,,,
2.382,59733.0,,,2.386,61161.0,,,,
2.394,59741.0,,,2.4,61156.0,,,,
2.407,59743.0,,,2.412,61169.0,,,,
2.418,59731.0,,,2.425,61157.0,,,,
2.43,59727.0,,,2.438,61175.0,,,,
2.444,59752.0,,,2.451,61175.0,,,,
2.456,59748.0,,,2.462,61168.0,,,,
2.469,59751.0,,,2.475,61152.0,,,,
2.482,59760.0,,,2.488,61156.0,,,,
2.495,59721.0,,,2.5,61166.0,,,,
2.506,59774.0,,,2.513,61163.0,,,,
2.519,59772.0,,,2.525,61141.0,,,,
2.529,59779.0,,,2.536,61147.0,,,,
2.541,59765.0,,,2.547,61133.0,,,,
2.552,59662.0,,,2.558,61130.0,,,,
2.566,59915.0,,,2.57,61149.0,,,,
2.575,59789.0,,,2.581,61144.0,,,,
2.588,59784.0,,,2.592,61153.0,,,,
2.597,59785.0,,,2.604,61138.0,,,,
2.611,59640.0,,,2.615,61124.0,,,,
2.62,59874.0,,,2.626,61277.0,,,,
2.632,59794.0,,,2.637,61030.0,,,,
2.642,59771.0,,,2.649,61167.0,,,,
2.653,59762.0,,,2.658,61160.0,,,,
2.663,59798.0,,,2.67,61177.0,,,,
2.675,59747.0,,,2.68,61181.0,,,,
2.685,59789.0,,,2.693,61075.0,,,,
2.699,59760.0,,,2.706,61156.0,,,,
2.71,59766.0,,,2.716,61134.0,,,,
2.721,59752.0,,,2.728,61152.0,,,,
2.734,59737.0,,,2.74,61137.0,,,,
2.746,59758.0,,,2.75,61127.0,,,,
2.756,59764.0,,,2.762,61139.0,,,,
2.769,59752.0,,,2.775,61145.0,,,,
2.781,59698.0,,,2.785,61130.0,,,,
2.792,59748.0,,,2.797,61148.0,,,,
2.804,59761.0,,,2.81,61130.0,,,,
2.816,59747.0,,,2.823,61135.0,,,,
2.829,59756.0,,,2.836,61117.0,,,,
2.841,59754.0,,,2.847,61103.0,,,,
2.851,59767.0,,,2.859,61129.0,,,,
2.864,59763.0,,,2.87,61137.0,,,,
2.874,59758.0,,,2.881,61145.0,,,,
2.886,59747.0,,,2.892,61147.0,,,,
2.897,59746.0,,,2.904,61124.0,,,,
2.911,59744.0,,,2.915,61146.0,,,,
2.92,59765.0,,,2.926,61156.0,,,,
2.933,59752.0,,,2.937,61130.0,,,,
2.942,59825.0,,,2.949,61146.0,,,,
2.956,59720.0,,,2.96,61180.0,,,,
2.965,59701.0,,,2.971,61168.0,,,,
2.978,59770.0,,,2.983,61197.0,,,,
2.991,59577.0,,,2.995,61305.0,,,,
3.001,59961.0,,,3.006,61037.0,,,,
3.013,59760.0,,,3.017,61162.0,,,,
3.023,59785.0,,,3.028,61167.0,,,,
3.033,59747.0,,,3.039,61167.0,,,,
3.044,59783.0,,,3.051,61180.0,,,,
3.055,59781.0,,,3.061,61270.0,,,,
3.066,59785.0,,,3.074,61050.0,,,,
3.08,59772.0,,,3.085,61147.0,,,,
3.091,59786.0,,,3.096,61178.0,,,,
3.101,59786.0,,,,,,,,
0.245,59970.0,0.245,59970.0,0.25,62101.0,0.25,62101.0,0.02799999999999997,0.614285714285715
0.258,59967.0,0.258,59967.0,0.264,62110.0,0.264,62110.0,,
0.269,59986.0,0.269,59986.0,0.275,62094.0,0.275,62094.0,,
0.28,59861.0,0.28,59861.0,0.285,62093.0,0.285,62093.0,,
0.292,60138.0,0.292,60138.0,0.299,62108.0,0.311,62096.0,,
0.306,59988.0,0.306,59988.0,0.311,62096.0,0.311,62096.0,,
0.318,59990.0,,,0.322,62105.0,,,,
0.328,59989.0,,,0.333,62101.0,,,,
0.337,59862.0,,,0.343,62101.0,,,,
0.349,60011.0,,,0.353,62310.0,,,,
0.358,60111.0,,,0.363,61909.0,,,,
0.367,60025.0,,,0.373,62112.0,,,,
0.378,59981.0,,,0.386,62103.0,,,,
0.392,60004.0,,,0.398,62119.0,,,,
0.404,59996.0,,,0.411,62253.0,,,,
0.415,59985.0,,,0.42,61950.0,,,,
0.427,60008.0,,,0.433,62117.0,,,,
0.439,60052.0,,,0.446,62095.0,,,,
0.451,60005.0,,,0.458,62113.0,,,,
0.464,60020.0,,,0.472,62119.0,,,,
0.477,60001.0,,,0.483,62112.0,,,,
0.489,59993.0,,,0.495,62139.0,,,,
0.502,59964.0,,,0.507,62138.0,,,,
0.514,60015.0,,,0.518,62137.0,,,,
0.525,59983.0,,,0.53,62145.0,,,,
0.537,59981.0,,,0.542,62154.0,,,,
0.549,59987.0,,,0.556,62121.0,,,,
0.563,59991.0,,,0.568,62143.0,,,,
0.575,59991.0,,,0.581,62147.0,,,,
0.587,59969.0,,,0.593,62136.0,,,,
0.601,59943.0,,,0.606,62148.0,,,,
0.613,59998.0,,,0.619,62141.0,,,,
0.624,60007.0,,,0.631,62132.0,,,,
0.637,60000.0,,,0.643,62145.0,,,,
0.648,59901.0,,,0.654,62148.0,,,,
0.661,60154.0,,,0.666,62154.0,,,,
0.673,60033.0,,,0.677,62175.0,,,,
0.684,60032.0,,,0.689,62132.0,,,,
0.693,60024.0,,,0.698,62168.0,,,,
0.704,60025.0,,,0.708,62172.0,,,,
0.713,59815.0,,,0.718,62234.0,,,,
0.722,60268.0,,,0.729,62165.0,,,,
0.734,60000.0,,,0.738,62075.0,,,,
0.743,60038.0,,,0.749,62176.0,,,,
0.753,60039.0,,,0.758,62164.0,,,,
0.764,60042.0,,,0.771,62146.0,,,,
0.777,60050.0,,,0.784,62289.0,,,,
0.789,60063.0,,,0.796,62062.0,,,,
0.802,60045.0,,,0.808,62162.0,,,,
0.814,60059.0,,,0.819,62142.0,,,,
0.824,60076.0,,,0.831,62161.0,,,,
0.837,60107.0,,,0.844,62186.0,,,,
0.849,60076.0,,,0.857,62171.0,,,,
0.862,60085.0,,,0.868,62193.0,,,,
0.875,60102.0,,,0.88,62182.0,,,,
0.887,60097.0,,,0.893,62177.0,,,,
0.901,60063.0,,,0.906,62175.0,,,,
0.912,60062.0,,,0.918,62166.0,,,,
0.924,60051.0,,,0.931,62190.0,,,,
0.936,59994.0,,,0.944,62164.0,,,,
0.95,60035.0,,,0.957,62152.0,,,,
0.962,60053.0,,,0.968,62171.0,,,,
0.973,60017.0,,,0.978,62168.0,,,,
0.986,59995.0,,,0.992,62152.0,,,,
0.999,60012.0,,,1.004,62145.0,,,,
1.01,60024.0,,,1.015,62131.0,,,,
1.021,59889.0,,,1.027,62141.0,,,,
1.034,60129.0,,,1.038,62112.0,,,,
1.044,60014.0,,,1.049,62113.0,,,,
1.056,60028.0,,,1.06,62109.0,,,,
1.067,60010.0,,,1.072,62129.0,,,,
1.079,59903.0,,,1.083,62132.0,,,,
1.089,60073.0,,,1.094,62314.0,,,,
1.101,60046.0,,,1.105,61961.0,,,,
1.112,60026.0,,,1.117,62144.0,,,,
1.121,60041.0,,,1.126,62141.0,,,,
1.132,60020.0,,,1.139,62139.0,,,,
1.143,60062.0,,,1.148,62208.0,,,,
1.155,60057.0,,,1.162,62046.0,,,,
1.167,60044.0,,,1.174,62147.0,,,,
1.178,60045.0,,,1.184,62186.0,,,,
1.189,60063.0,,,1.197,62142.0,,,,
1.203,60058.0,,,1.208,62159.0,,,,
1.214,60060.0,,,1.219,62179.0,,,,
1.225,60063.0,,,1.23,62162.0,,,,
1.238,60049.0,,,1.244,62166.0,,,,
1.249,60043.0,,,1.253,62183.0,,,,
1.26,60051.0,,,1.266,62144.0,,,,
1.273,60070.0,,,1.278,62170.0,,,,
1.285,60066.0,,,1.292,62167.0,,,,
1.297,60058.0,,,1.304,62162.0,,,,
1.31,60067.0,,,1.315,62134.0,,,,
1.319,60066.0,,,1.327,62160.0,,,,
1.333,60056.0,,,1.338,62138.0,,,,
1.342,60039.0,,,1.349,62173.0,,,,
1.355,60069.0,,,1.362,62163.0,,,,
1.368,60058.0,,,1.374,62156.0,,,,
1.378,60075.0,,,1.385,62179.0,,,,
1.39,59971.0,,,1.396,62171.0,,,,
1.401,60154.0,,,1.408,62178.0,,,,
1.414,60088.0,,,1.419,62133.0,,,,
1.424,60078.0,,,1.429,62150.0,,,,
1.436,60071.0,,,1.441,62161.0,,,,
1.446,60076.0,,,1.452,62159.0,,,,
1.459,60055.0,,,1.464,62397.0,,,,
1.469,60246.0,,,1.474,61972.0,,,,
1.481,60107.0,,,1.486,62172.0,,,,
1.491,60088.0,,,1.497,62190.0,,,,
1.502,60099.0,,,1.507,62189.0,,,,
1.512,60124.0,,,1.519,62241.0,,,,
1.523,60090.0,,,1.529,62265.0,,,,
1.534,60119.0,,,1.542,62144.0,,,,
1.548,60099.0,,,1.555,62204.0,,,,
1.559,60110.0,,,1.564,62174.0,,,,
1.57,60118.0,,,1.577,62193.0,,,,
1.583,60119.0,,,1.589,62198.0,,,,
1.594,60142.0,,,1.599,62189.0,,,,
1.605,60160.0,,,1.611,62188.0,,,,
1.618,60121.0,,,1.624,62194.0,,,,
1.63,60149.0,,,1.634,62153.0,,,,
1.641,60142.0,,,1.646,62204.0,,,,
1.653,60138.0,,,1.659,62194.0,,,,
1.665,60135.0,,,1.672,62205.0,,,,
1.678,60159.0,,,1.685,62186.0,,,,
1.69,60161.0,,,1.696,62193.0,,,,
1.7,60142.0,,,1.708,62189.0,,,,
1.713,60158.0,,,1.719,62191.0,,,,
1.723,60173.0,,,1.73,62194.0,,,,
1.735,60169.0,,,1.741,62207.0,,,,
1.746,60183.0,,,1.753,62188.0,,,,
1.759,60111.0,,,1.764,62206.0,,,,
1.769,60199.0,,,1.775,62183.0,,,,
1.781,60192.0,,,1.786,62188.0,,,,
1.792,60157.0,,,1.798,62205.0,,,,
1.804,60176.0,,,1.809,62209.0,,,,
1.814,60178.0,,,1.82,62212.0,,,,
1.826,59993.0,,,1.831,62416.0,,,,
1.837,60407.0,,,1.843,62049.0,,,,
1.847,60177.0,,,1.852,62211.0,,,,
1.857,60180.0,,,1.864,62222.0,,,,
1.869,60179.0,,,1.874,62224.0,,,,
1.88,60192.0,,,1.887,62229.0,,,,
1.893,60146.0,,,1.9,62212.0,,,,
1.904,60196.0,,,1.909,62153.0,,,,
1.915,60118.0,,,1.923,62195.0,,,,
1.928,60158.0,,,1.935,62202.0,,,,
1.939,60149.0,,,1.945,62188.0,,,,
1.95,60135.0,,,1.957,62175.0,,,,
1.964,60141.0,,,1.969,62171.0,,,,
1.975,60155.0,,,1.979,62184.0,,,,
1.986,60136.0,,,1.991,62165.0,,,,
1.998,60130.0,,,2.004,62167.0,,,,
2.01,60149.0,,,2.017,62156.0,,,,
2.023,60147.0,,,2.03,62163.0,,,,
2.035,60128.0,,,2.042,62143.0,,,,
2.049,60118.0,,,2.054,62160.0,,,,
2.061,60123.0,,,2.067,62177.0,,,,
2.074,60123.0,,,2.079,62162.0,,,,
2.086,60151.0,,,2.093,62146.0,,,,
2.1,60132.0,,,2.105,62152.0,,,,
2.111,60125.0,,,2.116,62153.0,,,,
2.122,60122.0,,,2.127,62151.0,,,,
2.135,59975.0,,,2.139,62151.0,,,,
2.145,60259.0,,,2.15,62150.0,,,,
2.157,60139.0,,,2.161,62175.0,,,,
2.167,60131.0,,,2.172,62168.0,,,,
2.18,60125.0,,,2.184,62165.0,,,,
2.19,59982.0,,,2.195,62209.0,,,,
2.202,60281.0,,,2.206,62312.0,,,,
2.212,60166.0,,,2.217,61911.0,,,,
2.222,60113.0,,,2.228,62147.0,,,,
2.233,60119.0,,,2.24,62144.0,,,,
2.244,60101.0,,,2.25,62134.0,,,,
2.255,60121.0,,,2.263,62282.0,,,,
2.269,60107.0,,,2.275,62017.0,,,,
2.28,60103.0,,,2.285,62132.0,,,,
2.29,60107.0,,,2.297,62147.0,,,,
2.304,60104.0,,,2.31,62122.0,,,,
2.315,60102.0,,,2.319,62133.0,,,,
2.326,60122.0,,,2.332,62135.0,,,,
2.338,60131.0,,,2.344,62147.0,,,,
2.351,60055.0,,,2.355,62120.0,,,,
2.361,60114.0,,,2.367,62134.0,,,,
2.374,60103.0,,,2.379,62142.0,,,,
2.385,60094.0,,,2.393,62114.0,,,,
2.399,60101.0,,,2.405,62141.0,,,,
2.411,60113.0,,,2.417,62156.0,,,,
2.423,60120.0,,,2.429,62134.0,,,,
2.437,60115.0,,,2.443,62119.0,,,,
2.449,60107.0,,,2.455,62132.0,,,,
2.462,60113.0,,,2.468,62124.0,,,,
2.473,60117.0,,,2.48,62125.0,,,,
2.485,60098.0,,,2.49,62159.0,,,,
2.497,60099.0,,,2.502,62151.0,,,,
2.507,59975.0,,,2.512,62156.0,,,,
2.52,60181.0,,,2.525,62129.0,,,,
2.53,60099.0,,,2.535,62139.0,,,,
2.542,60125.0,,,2.547,62154.0,,,,
2.552,60103.0,,,2.557,62153.0,,,,
2.565,59882.0,,,2.57,62211.0,,,,
2.575,60328.0,,,2.58,62257.0,,,,
2.585,60147.0,,,2.59,61980.0,,,,
2.595,60106.0,,,2.603,62151.0,,,,
2.607,60132.0,,,2.613,62128.0,,,,
2.618,60141.0,,,2.625,62143.0,,,,
2.631,60121.0,,,2.638,62287.0,,,,
2.642,60105.0,,,2.648,62002.0,,,,
2.654,60146.0,,,2.661,62154.0,,,,
2.666,60141.0,,,2.672,62152.0,,,,
2.677,60150.0,,,2.683,62132.0,,,,
2.689,60164.0,,,2.695,62167.0,,,,
2.702,60143.0,,,2.707,62149.0,,,,
2.713,60139.0,,,2.717,62156.0,,,,
2.724,60140.0,,,2.729,62178.0,,,,
2.737,60155.0,,,2.743,62180.0,,,,
2.748,60135.0,,,2.755,62158.0,,,,
2.761,60115.0,,,2.768,62171.0,,,,
2.774,60128.0,,,2.781,62168.0,,,,
2.787,60126.0,,,2.792,62159.0,,,,
2.799,60090.0,,,2.805,62131.0,,,,
2.812,60078.0,,,2.818,62145.0,,,,
2.825,60063.0,,,2.831,62148.0,,,,
2.836,60087.0,,,2.843,62150.0,,,,
2.849,60080.0,,,2.854,62132.0,,,,
2.859,60090.0,,,2.866,62111.0,,,,
2.872,59974.0,,,2.877,62119.0,,,,
2.883,60115.0,,,2.888,62113.0,,,,
2.895,60083.0,,,2.899,62110.0,,,,
2.906,60068.0,,,2.911,62125.0,,,,
2.918,60048.0,,,2.922,62108.0,,,,
2.928,60035.0,,,2.933,62099.0,,,,
2.94,59926.0,,,2.945,62308.0,,,,
2.951,60243.0,,,2.956,61899.0,,,,
2.963,60051.0,,,2.967,62088.0,,,,
2.973,60063.0,,,2.978,62066.0,,,,
2.982,60046.0,,,2.989,62091.0,,,,
2.994,60052.0,,,3.001,62127.0,,,,
3.005,60059.0,,,3.011,62176.0,,,,
3.016,60044.0,,,3.023,62037.0,,,,
3.03,60034.0,,,3.035,62098.0,,,,
3.041,60052.0,,,3.046,62098.0,,,,
3.051,60040.0,,,3.058,62088.0,,,,
3.064,60020.0,,,3.07,62080.0,,,,
3.076,60023.0,,,3.08,62089.0,,,,
3.087,60027.0,,,3.093,62093.0,,,,
3.099,60018.0,,,3.105,62082.0,,,,
3.111,60010.0,,,3.118,62085.0,,,,
3.124,60002.0,,,3.131,62082.0,,,,
3.137,60021.0,,,3.143,62098.0,,,,
3.149,60021.0,,,3.155,62100.0,,,,
3.162,60016.0,,,3.168,62063.0,,,,
3.175,60031.0,,,3.181,62084.0,,,,
3.187,60031.0,,,3.193,62085.0,,,,
3.2,59992.0,,,3.207,62065.0,,,,
3.212,60017.0,,,3.218,62066.0,,,,
3.222,60017.0,,,3.228,62075.0,,,,
3.234,60020.0,,,3.24,62080.0,,,,
3.246,59891.0,,,3.251,62068.0,,,,
3.258,60152.0,,,3.263,62054.0,,,,
3.268,59993.0,,,3.273,62069.0,,,,
3.28,60024.0,,,3.286,62082.0,,,,
3.291,60020.0,,,3.296,62056.0,,,,
3.303,59810.0,,,3.308,62101.0,,,,
3.313,60199.0,,,3.318,62115.0,,,,
3.325,60021.0,,,3.331,61950.0,,,,
3.336,60037.0,,,3.341,62094.0,,,,
3.345,59982.0,,,3.351,62082.0,,,,
3.356,60029.0,,,3.363,62072.0,,,,
3.367,60001.0,,,3.374,62215.0,,,,
3.379,60013.0,,,3.386,61951.0,,,,
3.392,60021.0,,,3.399,62067.0,,,,
3.403,60036.0,,,3.408,62072.0,,,,
3.415,60027.0,,,3.422,62078.0,,,,
3.427,60034.0,,,3.433,62072.0,,,,
3.438,60022.0,,,3.442,62057.0,,,,
3.449,60019.0,,,3.456,62070.0,,,,
3.463,60033.0,,,3.468,62079.0,,,,
3.474,59999.0,,,3.478,62036.0,,,,
3.485,60031.0,,,3.49,62069.0,,,,
3.497,60026.0,,,3.504,62087.0,,,,
3.509,60042.0,,,3.516,62083.0,,,,
3.522,60046.0,,,3.529,62080.0,,,,
3.534,60041.0,,,3.54,62050.0,,,,
3.545,60051.0,,,3.552,62085.0,,,,
3.557,60053.0,,,3.563,62100.0,,,,
3.567,60027.0,,,3.574,62077.0,,,,
3.579,60030.0,,,3.586,62087.0,,,,
3.591,60038.0,,,3.597,62093.0,,,,
3.603,60019.0,,,3.608,62079.0,,,,
3.613,59903.0,,,3.619,62100.0,,,,
3.625,60129.0,,,3.631,62088.0,,,,
3.636,59996.0,,,3.642,62066.0,,,,
3.648,59978.0,,,3.653,62071.0,,,,
3.658,59998.0,,,3.664,62054.0,,,,
3.671,59841.0,,,3.676,62052.0,,,,
3.681,59999.0,,,3.687,62251.0,,,,
3.691,60118.0,,,3.696,61859.0,,,,
3.701,59920.0,,,3.708,62059.0,,,,
3.714,59933.0,,,3.719,62040.0,,,,
3.724,59953.0,,,3.731,62060.0,,,,
3.737,59949.0,,,3.744,62197.0,,,,
3.748,59907.0,,,3.753,61928.0,,,,
3.76,59923.0,,,3.767,62053.0,,,,
3.772,59929.0,,,3.778,62052.0,,,,
3.784,59921.0,,,3.789,62050.0,,,,
3.794,59909.0,,,3.801,62069.0,,,,
3.808,59932.0,,,3.813,62044.0,,,,
3.819,59929.0,,,3.823,62020.0,,,,
3.83,59882.0,,,3.835,62036.0,,,,
3.843,59910.0,,,3.849,62053.0,,,,
3.854,59933.0,,,3.861,62071.0,,,,
3.867,59907.0,,,3.874,62064.0,,,,
3.879,59903.0,,,3.886,62049.0,,,,
3.893,59893.0,,,3.898,62041.0,,,,
3.905,59901.0,,,3.911,62046.0,,,,
3.918,59924.0,,,3.923,62050.0,,,,
3.931,59905.0,,,3.937,62060.0,,,,
3.942,59899.0,,,3.948,62054.0,,,,
3.953,59867.0,,,3.959,62054.0,,,,
3.966,59876.0,,,3.971,62043.0,,,,
3.976,59875.0,,,3.982,62036.0,,,,
3.989,59764.0,,,3.993,62053.0,,,,
3.998,60026.0,,,4.004,62084.0,,,,
4.012,59899.0,,,4.016,62078.0,,,,
4.021,59891.0,,,4.027,62071.0,,,,
4.034,59881.0,,,4.038,62063.0,,,,
4.043,59723.0,,,4.049,62048.0,,,,
4.054,60043.0,,,4.059,62261.0,,,,
4.065,59877.0,,,4.072,61901.0,,,,
4.076,59906.0,,,4.081,62057.0,,,,
4.087,59891.0,,,4.094,62057.0,,,,
4.099,59900.0,,,4.104,62075.0,,,,
4.11,59924.0,,,4.117,62215.0,,,,
4.122,59917.0,,,4.129,61939.0,,,,
4.133,59907.0,,,4.14,62075.0,,,,
4.145,59923.0,,,4.152,62070.0,,,,
4.158,59924.0,,,4.163,62050.0,,,,
4.169,59938.0,,,4.174,62062.0,,,,
4.18,59931.0,,,4.186,62074.0,,,,
4.193,59937.0,,,4.199,62062.0,,,,
4.204,59954.0,,,4.208,62067.0,,,,
4.215,59948.0,,,4.221,62050.0,,,,
4.229,59948.0,,,4.234,62055.0,,,,
4.24,59947.0,,,4.247,62069.0,,,,
4.252,59926.0,,,4.259,62070.0,,,,
4.265,59937.0,,,4.271,62054.0,,,,
4.275,59917.0,,,4.282,62074.0,,,,
4.288,59958.0,,,4.295,62092.0,,,,
4.3,59959.0,,,4.306,62078.0,,,,
4.311,59969.0,,,4.318,62073.0,,,,
4.323,59989.0,,,4.329,62077.0,,,,
4.333,59981.0,,,4.34,62081.0,,,,
4.345,59976.0,,,4.352,62085.0,,,,
4.357,59851.0,,,4.363,62077.0,,,,
4.369,60129.0,,,4.374,62081.0,,,,
4.379,59976.0,,,4.385,62081.0,,,,
4.391,60005.0,,,4.397,62078.0,,,,
4.402,59981.0,,,4.407,62091.0,,,,
4.414,59874.0,,,4.419,62092.0,,,,
4.424,60005.0,,,4.429,62275.0,,,,
4.436,59980.0,,,4.442,61916.0,,,,
4.447,59961.0,,,4.452,62075.0,,,,
4.457,59957.0,,,4.462,62084.0,,,,
4.467,59922.0,,,4.474,62073.0,,,,
4.48,59919.0,,,4.485,62095.0,,,,
4.49,59976.0,,,4.497,61963.0,,,,
4.503,59920.0,,,4.51,62059.0,,,,
4.514,59900.0,,,4.519,62026.0,,,,
4.526,59913.0,,,4.533,62055.0,,,,
4.538,59889.0,,,4.544,62049.0,,,,
4.549,59894.0,,,4.554,62055.0,,,,
4.56,59910.0,,,4.567,62051.0,,,,
4.574,59915.0,,,4.579,62046.0,,,,
4.585,59879.0,,,4.589,62045.0,,,,
4.596,59898.0,,,4.601,62053.0,,,,
4.609,59908.0,,,4.615,62041.0,,,,
4.62,59886.0,,,4.627,62049.0,,,,
4.633,59889.0,,,4.64,62041.0,,,,
4.645,59889.0,,,4.652,62013.0,,,,
4.656,59899.0,,,4.663,62029.0,,,,
4.668,59890.0,,,4.674,62039.0,,,,
4.678,59896.0,,,4.685,62050.0,,,,
4.69,59912.0,,,4.697,62048.0,,,,
4.702,59885.0,,,4.708,62042.0,,,,
4.714,59897.0,,,4.719,62044.0,,,,
4.724,59865.0,,,4.73,62049.0,,,,
4.737,59937.0,,,4.742,62027.0,,,,
4.747,59907.0,,,4.753,62043.0,,,,
4.759,59898.0,,,4.765,62042.0,,,,
4.772,59889.0,,,4.776,62032.0,,,,
4.783,59879.0,,,4.788,62049.0,,,,
4.795,59744.0,,,4.799,62275.0,,,,
4.805,60119.0,,,4.81,61844.0,,,,
4.817,59909.0,,,4.822,62041.0,,,,
4.828,59919.0,,,4.833,62056.0,,,,
4.837,59927.0,,,4.842,62048.0,,,,
4.848,59874.0,,,4.855,62066.0,,,,
4.859,59928.0,,,4.865,62161.0,,,,
4.871,59896.0,,,4.878,61989.0,,,,
4.883,59896.0,,,4.889,62067.0,,,,
4.895,59902.0,,,4.9,62067.0,,,,
4.905,59892.0,,,4.913,62073.0,,,,
4.919,59905.0,,,4.924,62066.0,,,,
4.93,59881.0,,,4.934,62065.0,,,,
4.941,59914.0,,,4.946,62082.0,,,,
4.954,59925.0,,,4.96,62078.0,,,,
4.965,59924.0,,,4.972,62078.0,,,,
4.978,59906.0,,,4.985,62074.0,,,,
4.99,59921.0,,,4.998,62083.0,,,,
5.004,59942.0,,,5.009,62050.0,,,,
5.016,59941.0,,,5.022,62077.0,,,,
5.029,59940.0,,,5.035,62112.0,,,,
5.042,59917.0,,,5.048,62086.0,,,,
5.054,59966.0,,,5.06,62079.0,,,,
5.066,59936.0,,,5.072,62083.0,,,,
5.076,59959.0,,,5.083,62091.0,,,,
5.089,59968.0,,,5.095,62098.0,,,,
5.1,59825.0,,,5.105,62088.0,,,,
5.112,60092.0,,,5.116,62111.0,,,,
5.123,59955.0,,,5.128,62089.0,,,,
5.135,59969.0,,,5.139,62111.0,,,,
5.145,59965.0,,,5.15,62104.0,,,,
5.157,59814.0,,,5.161,62124.0,,,,
5.168,60089.0,,,5.173,62263.0,,,,
5.18,59974.0,,,5.184,61962.0,,,,
5.19,59976.0,,,5.195,62131.0,,,,
5.199,59952.0,,,5.206,62142.0,,,,
5.211,60000.0,,,5.218,62127.0,,,,
5.222,59950.0,,,5.228,62198.0,,,,
5.233,59995.0,,,5.24,62008.0,,,,
5.246,59967.0,,,5.253,62147.0,,,,
5.258,59984.0,,,5.263,62131.0,,,,
5.269,59952.0,,,5.275,62150.0,,,,
5.281,59928.0,,,5.287,62127.0,,,,
5.293,59959.0,,,5.297,62088.0,,,,
5.304,59955.0,,,5.31,62114.0,,,,
5.316,59939.0,,,5.322,62127.0,,,,
5.328,59895.0,,,5.332,62119.0,,,,
5.339,59946.0,,,5.345,62114.0,,,,
5.352,59926.0,,,5.358,62131.0,,,,
5.363,59920.0,,,5.37,62133.0,,,,
5.377,59910.0,,,5.383,62110.0,,,,
5.389,59919.0,,,5.395,62071.0,,,,
5.399,59914.0,,,5.405,62104.0,,,,
5.411,59920.0,,,5.417,62099.0,,,,
5.422,59933.0,,,5.428,62113.0,,,,
5.434,59917.0,,,5.44,62125.0,,,,
5.444,59925.0,,,5.45,62124.0,,,,
5.456,59937.0,,,5.463,62126.0,,,,
5.468,59805.0,,,5.473,62116.0,,,,
5.48,60049.0,,,5.485,62085.0,,,,
5.49,59954.0,,,5.495,62149.0,,,,
5.502,59936.0,,,5.508,62111.0,,,,
5.513,59918.0,,,5.518,62149.0,,,,
5.525,59865.0,,,5.53,62132.0,,,,
5.535,59853.0,,,5.54,62298.0,,,,
5.544,60146.0,,,5.551,61938.0,,,,
5.556,59933.0,,,5.563,62126.0,,,,
5.567,59945.0,,,5.573,62122.0,,,,
5.578,59920.0,,,5.585,62140.0,,,,
5.592,59948.0,,,5.599,62240.0,,,,
5.603,59938.0,,,5.608,62071.0,,,,
5.614,59959.0,,,5.621,62116.0,,,,
5.626,59980.0,,,5.633,62132.0,,,,
5.638,59970.0,,,5.644,62128.0,,,,
5.649,59950.0,,,5.655,62136.0,,,,
5.662,59963.0,,,5.667,62127.0,,,,
5.673,59980.0,,,5.678,62117.0,,,,
5.685,59979.0,,,5.69,62115.0,,,,
5.697,59975.0,,,5.703,62153.0,,,,
5.708,60015.0,,,5.715,62139.0,,,,
5.722,59955.0,,,5.729,62146.0,,,,
5.734,59982.0,,,5.74,62140.0,,,,
5.747,59976.0,,,5.752,62131.0,,,,
5.76,59996.0,,,5.766,62135.0,,,,
5.773,60019.0,,,5.778,62150.0,,,,
5.785,59995.0,,,5.791,62152.0,,,,
5.796,59986.0,,,5.803,62152.0,,,,
5.808,59981.0,,,5.814,62148.0,,,,
5.821,60005.0,,,5.825,62137.0,,,,
5.83,59994.0,,,5.836,62134.0,,,,
5.843,59912.0,,,5.848,62117.0,,,,
5.853,60089.0,,,5.859,62153.0,,,,
5.866,60004.0,,,5.871,62148.0,,,,
5.878,60010.0,,,5.882,62177.0,,,,
5.889,60018.0,,,5.894,62168.0,,,,
5.901,59768.0,,,5.905,62258.0,,,,
5.911,60252.0,,,5.916,61994.0,,,,
5.923,60038.0,,,5.927,62142.0,,,,
5.934,60004.0,,,5.939,62125.0,,,,
5.943,60052.0,,,5.949,62166.0,,,,
5.954,60033.0,,,5.961,62145.0,,,,
5.965,60072.0,,,5.971,62281.0,,,,
5.977,60018.0,,,5.984,62051.0,,,,
5.989,60039.0,,,5.996,62168.0,,,,
6.001,60041.0,,,6.006,62164.0,,,,
6.011,60050.0,,,,,,,,
