0.245,46767.0,0.09046284557735725,0.258,46774.0,0.25,44442.0,0.09095669806879296,0.25,44442.0,0.006000000000000005,2.866666666666664
0.258,46774.0,0.09046284557735725,,,0.264,44446.0,0.09095669806879296,0.264,44446.0,,
0.269,46777.0,0.09046284557735725,,,0.275,44418.0,0.09095669806879296,,,,
0.28,46710.0,0.09046284557735725,,,0.286,44467.0,0.09095669806879296,,,,
0.292,46817.0,0.09046284557735725,,,0.299,44424.0,0.09095669806879296,,,,
0.306,46774.0,0.09046284557735725,,,0.311,44442.0,0.09095669806879296,,,,
0.318,46795.0,0.09046284557735725,,,0.322,44459.0,0.09095669806879296,,,,
0.328,46791.0,0.09046284557735725,,,0.333,44453.0,0.09095669806879296,,,,
0.34,46637.0,0.09046284557735725,,,0.346,44480.0,0.09095669806879296,,,,
0.353,46967.0,0.09046284557735725,,,0.357,44581.0,0.09095669806879296,,,,
0.363,46843.0,0.09046284557735725,,,0.368,44284.0,0.09095669806879296,,,,
0.372,46795.0,0.09046613231967707,,,0.377,44404.0,0.09095536759824277,,,,
0.384,46789.0,0.0904700957442392,,,0.388,44436.0,0.09095332072047324,,,,
0.393,46787.0,0.0904731891487755,,,0.399,44438.0,0.09095577697379667,,,,
0.404,46761.0,0.09048517609135366,,,0.411,44459.0,0.09095362775213868,,,,
0.416,46793.0,0.09048237269349264,,,0.423,44386.0,0.09095250196936543,,,,
0.428,46811.0,0.09048652945583831,,,0.434,44444.0,0.09095209259381153,,,,
0.439,46781.0,0.09048633611805477,,,0.446,44448.0,0.09094779415049552,,,,
0.451,46809.0,0.09048759281364765,,,0.458,44387.0,0.09094482617772971,,,,
0.464,46823.0,0.09050576656529842,,,0.472,44438.0,0.0909401183588598,,,,
0.477,46801.0,0.0904927162649109,,,0.483,44429.0,0.09092527849503075,,,,
0.489,46815.0,0.09049039621150869,,,0.495,44426.0,0.09094073242219067,,,,
0.502,46809.0,0.09049290960269442,,,0.507,44442.0,0.09094431445828734,,,,
0.515,46834.0,0.09049706636504007,,,0.521,44446.0,0.09094421211439885,,,,
0.526,46788.0,0.09049919308065878,,,0.53,44413.0,0.09094103945385609,,,,
0.537,46817.0,0.09050431653192204,,,0.542,44438.0,0.09093745741775942,,,,
0.549,46793.0,0.09050315650522092,,,0.556,44417.0,0.09094175586107543,,,,
0.563,46804.0,0.09050779661202538,,,0.568,44424.0,0.09093950429552895,,,,
0.575,46825.0,0.09051234004993806,,,0.581,44434.0,0.09094073242219067,,,,
0.587,46832.0,0.09051475677223206,,,0.593,44436.0,0.09094544024106058,,,,
0.601,46819.0,0.09051475677223206,,,0.606,44435.0,0.0909453378971721,,,,
0.613,46821.0,0.09049667968947304,,,0.619,44439.0,0.09096068948044353,,,,
0.625,46832.0,0.09051495011001556,,,0.631,44435.0,0.09095833557100858,,,,
0.636,46809.0,0.0905148534411238,,,0.643,44407.0,0.09094625899216838,,,,
0.648,46814.0,0.0905136934144227,,,0.654,44424.0,0.09094339336329105,,,,
0.661,46781.0,0.09051804351455187,,,0.666,44428.0,0.09094513320939515,,,,
0.673,46859.0,0.09051920354125298,,,0.678,44422.0,0.09094390508273344,,,,
0.686,46828.0,0.09052162026354696,,,0.69,44460.0,0.09095117149881524,,,,
0.696,46834.0,0.0905234569724904,,,0.701,44433.0,0.09094482617772971,,,,
0.708,46823.0,0.09052374697916568,,,0.714,44437.0,0.09094370039495647,,,,
0.72,46614.0,0.09052645370813493,,,0.727,44579.0,0.09094277929996018,,,,
0.734,47004.0,0.09052780707261958,,,0.738,44403.0,0.09093940195164048,,,,
0.743,46808.0,0.09053041713269708,,,0.749,44324.0,0.09093684335442857,,,,
0.753,46822.0,0.09053119048383115,,,0.758,44418.0,0.09093694569831705,,,,
0.763,46833.0,0.09053544391506856,,,0.768,44430.0,0.09093960663941743,,,,
0.774,46829.0,0.09053931067073893,,,0.779,44426.0,0.09093848085664419,,,,
0.784,46818.0,0.090547720864322,,,0.791,44488.0,0.090937150386094,,,,
0.795,46823.0,0.0905455941487033,,,0.801,44362.0,0.09093663866665162,,,,
0.806,46828.0,0.0905475275265385,,,0.814,44423.0,0.09093274959888951,,,,
0.82,46860.0,0.09055023425550776,,,0.826,44427.0,0.09093111209667391,,,,
0.832,46833.0,0.09055390767339462,,,0.839,44402.0,0.09092998631390066,,,,
0.844,46848.0,0.09057981493638614,,,0.851,44414.0,0.09091443004285228,,,,
0.858,46840.0,0.09056415457592111,,,0.863,44436.0,0.09091483941840618,,,,
0.87,46853.0,0.09056695797378214,,,0.876,44433.0,0.09092517615114229,,,,
0.882,46854.0,0.0905715980805866,,,0.888,44413.0,0.09092384568059209,,,,
0.893,46868.0,0.09057778488965919,,,0.898,44415.0,0.09092005895671848,,,,
0.905,46837.0,0.09058377836094827,,,0.911,44417.0,0.09091657926451027,,,,
0.917,46848.0,0.09059199521674782,,,0.923,44422.0,0.09089979486680018,,,,
0.93,46862.0,0.09059392859458301,,,0.935,44417.0,0.0908971339256998,,,,
0.943,46861.0,0.09060282213262487,,,0.949,44426.0,0.09089252845071837,,,,
0.956,46882.0,0.09060378882154246,,,0.961,44427.0,0.0908872065685176,,,,
0.968,46842.0,0.09060833225945518,,,0.973,44407.0,0.09088505734685962,,,,
0.98,46837.0,0.09061297236625962,,,0.987,44425.0,0.09087789327466628,,,,
0.992,46870.0,0.09059934205252154,,,0.999,44405.0,0.09088393156408636,,,,
1.005,46897.0,0.09062128589095093,,,1.01,44393.0,0.09087912140132799,,,,
1.016,46891.0,0.0906225425865438,,,1.021,44392.0,0.090874822958012,,,,
1.029,46903.0,0.09062167256651796,,,1.033,44324.0,0.09087165029746923,,,,
1.039,46843.0,0.09062341260656963,,,1.044,44336.0,0.09086929638803427,,,,
1.051,46920.0,0.0906235092754614,,,1.055,44378.0,0.09086561200804913,,,,
1.061,46870.0,0.09062012586424982,,,1.067,44375.0,0.09086898935636883,,,,
1.074,46880.0,0.09061790247973935,,,1.08,44381.0,0.09086100653306771,,,,
1.086,46896.0,0.09061403572406897,,,1.091,44344.0,0.09085783387252494,,,,
1.096,46699.0,0.09061306903515137,,,1.101,44495.0,0.09085640105808628,,,,
1.108,47080.0,0.09061403572406897,,,1.114,44386.0,0.09085670808975169,,,,
1.119,46867.0,0.09061103898842443,,,1.124,44371.0,0.09085660574586323,,,,
1.131,46859.0,0.09060523885491886,,,1.136,44384.0,0.09085681043364018,,,,
1.141,46855.0,0.09060166210592377,,,1.146,44394.0,0.09085936903085208,,,,
1.152,46849.0,0.0905942186012583,,,1.157,44386.0,0.09086561200804913,,,,
1.162,46827.0,0.09059431527015006,,,1.169,44450.0,0.09087267373635398,,,,
1.175,46838.0,0.09058416503651531,,,1.182,44348.0,0.09087666514800455,,,,
1.186,46842.0,0.0905805882875202,,,1.191,44396.0,0.09087912140132799,,,,
1.198,46832.0,0.090575851511824,,,1.205,44393.0,0.09088086124743208,,,,
1.209,46847.0,0.09056860134494205,,,1.214,44428.0,0.09088526203463657,,,,
1.22,46839.0,0.09058107163197901,,,1.227,44404.0,0.09087410655079264,,,,
1.232,46837.0,0.09055825777352379,,,1.239,44395.0,0.09087615342856217,,,,
1.244,46854.0,0.09055236097112646,,,1.249,44417.0,0.09087635811633914,,,,
1.255,46826.0,0.09055033092439953,,,1.261,44385.0,0.09087768858688931,,,,
1.268,46844.0,0.09054491746646098,,,1.273,44405.0,0.0908777909307778,,,,
1.28,46815.0,0.09054269408195052,,,1.284,44417.0,0.09087748389911236,,,,
1.291,46833.0,0.090542500744167,,,1.296,44399.0,0.09087154795358074,,,,
1.303,46831.0,0.09053718395512024,,,1.309,44398.0,0.09087686983578151,,,,
1.316,46821.0,0.09053882732628014,,,1.321,44387.0,0.09087973546465884,,,,
1.328,46828.0,0.09053766729957903,,,1.335,44386.0,0.09088045187187818,,,,
1.34,46844.0,0.09053283385499106,,,1.346,44406.0,0.09087891671355104,,,,
1.35,46806.0,0.09053003045713004,,,1.357,44373.0,0.09087963312077037,,,,
1.362,46838.0,0.0905224902835728,,,1.369,44397.0,0.09088188468631685,,,,
1.373,46799.0,0.09051823685233538,,,1.38,44395.0,0.09090081830568494,,,,
1.385,46826.0,0.09052326363470688,,,1.391,44383.0,0.09088147531076295,,,,
1.396,46825.0,0.09052094358130465,,,1.402,44392.0,0.09088290812520161,,,,
1.409,46783.0,0.09052220027689753,,,1.414,44400.0,0.09088106593520903,,,,
1.419,46859.0,0.09051901020346946,,,1.425,44424.0,0.09088198703020532,,,,
1.431,46820.0,0.09051930021014475,,,1.437,44400.0,0.0908820893740938,,,,
1.444,46797.0,0.09051968688571177,,,1.448,44413.0,0.0908820893740938,,,,
1.455,46810.0,0.09051939687903651,,,1.46,44411.0,0.09088311281297856,,,,
1.467,46759.0,0.09051785017676835,,,1.471,44417.0,0.09088331750075551,,,,
1.477,46810.0,0.09052104025019642,,,1.482,44602.0,0.09088577375407894,,,,
1.489,46878.0,0.09052258695246455,,,1.494,44196.0,0.09088515969074808,,,,
1.5,46820.0,0.09052790374151132,,,1.505,44419.0,0.09088352218853248,,,,
1.509,46828.0,0.09052993378823827,,,1.514,44399.0,0.09088649016129828,,,,
1.52,46800.0,0.09053206050385698,,,1.527,44408.0,0.09088751360018303,,,,
1.531,46834.0,0.09053438055725922,,,1.537,44399.0,0.09088546672241352,,,,
1.543,46825.0,0.09053351053723338,,,1.55,44387.0,0.0908820893740938,,,,
1.555,46825.0,0.09051968688571177,,,1.562,44396.0,0.0908820893740938,,,,
1.566,46828.0,0.09051968688571177,,,1.572,44408.0,0.0908820893740938,,,,
1.577,46839.0,0.09051968688571177,,,1.585,44397.0,0.0908820893740938,,,,
1.591,46854.0,0.09051968688571177,,,1.596,44391.0,0.0908820893740938,,,,
1.602,46854.0,0.09051968688571177,,,1.606,44379.0,0.0908820893740938,,,,
1.613,46847.0,0.09051968688571177,,,1.618,44412.0,0.0908820893740938,,,,
1.626,46847.0,0.09051968688571177,,,1.632,44402.0,0.0908820893740938,,,,
1.637,46807.0,0.09051968688571177,,,1.641,44380.0,0.0908820893740938,,,,
1.648,46850.0,0.09051968688571177,,,1.654,44405.0,0.0908820893740938,,,,
1.661,46865.0,0.09051968688571177,,,,,,,,,
0.245,47363.0,0.09049076526046608,0.245,47363.0,0.25,44192.0,0.09090141857693149,0.25,44192.0,0.0050000000000000044,3.439999999999997
0.258,47375.0,0.09049076526046608,,,0.264,44189.0,0.09090141857693149,,,,
0.269,47381.0,0.09049076526046608,,,0.275,44179.0,0.09090141857693149,,,,
0.28,47301.0,0.09049076526046608,,,0.285,44188.0,0.09090141857693149,,,,
0.292,47413.0,0.09049076526046608,,,0.299,44187.0,0.09090141857693149,,,,
0.306,47375.0,0.09049076526046608,,,0.311,44146.0,0.09090141857693149,,,,
0.318,47356.0,0.09049076526046608,,,0.322,44181.0,0.09090141857693149,,,,
0.328,47336.0,0.09049076526046608,,,0.333,44159.0,0.09090141857693149,,,,
0.337,47215.0,0.09049076526046608,,,0.343,44172.0,0.09090141857693149,,,,
0.349,47452.0,0.09049076526046608,,,0.353,44397.0,0.09090141857693149,,,,
0.358,47437.0,0.09049076526046608,,,0.363,44007.0,0.09090141857693149,,,,
0.367,47363.0,0.0904911473694596,,,0.373,44190.0,0.09089946412581469,,,,
0.378,47363.0,0.09049047867872095,,,0.386,44181.0,0.09089853833318041,,,,
0.392,47355.0,0.0904886636610018,,,0.398,44203.0,0.0908983326014839,,,,
0.404,47334.0,0.09049535056838817,,,0.411,44229.0,0.0908963781503671,,,,
0.416,47363.0,0.09049229369644012,,,0.423,44135.0,0.09089565808942933,,,,
0.428,47380.0,0.09049286685993037,,,0.434,44185.0,0.09089936125996644,,,,
0.439,47362.0,0.0904931534416755,,,0.446,44225.0,0.0908998755892077,,,,
0.451,47376.0,0.09049515951389142,,,0.458,44163.0,0.09090275583295879,,,,
0.464,47377.0,0.0905111125643703,,,0.472,44181.0,0.0909051217474686,,,,
0.477,47367.0,0.09050442565698394,,,0.483,44173.0,0.09088403424857673,,,,
0.489,47368.0,0.09049945824006836,,,0.495,44180.0,0.09090265296711054,,,,
0.502,47362.0,0.09049649689536868,,,0.507,44177.0,0.09090368162559308,,,,
0.515,47371.0,0.09049745216785245,,,0.521,44169.0,0.09090347589389655,,,,
0.528,47381.0,0.09050070009429727,,,0.533,44180.0,0.09090306443050354,,,,
0.539,47381.0,0.09050060456704888,,,0.545,44182.0,0.09089925839411818,,,,
0.551,47359.0,0.0905049988204742,,,0.559,44186.0,0.09090532747916512,,,,
0.564,47357.0,0.09050690936544174,,,0.571,44187.0,0.09090594467425464,,,,
0.577,47382.0,0.09050929754665116,,,0.583,44195.0,0.09090275583295879,,,,
0.589,47382.0,0.09051206783685407,,,0.595,44192.0,0.09090203577202102,,,,
0.601,47385.0,0.0905112080916187,,,0.606,44188.0,0.09090265296711054,,,,
0.613,47332.0,0.09049773874959759,,,0.619,44200.0,0.09092754650238778,,,,
0.625,47373.0,0.0905193279077307,,,0.631,44179.0,0.09091273382023933,,,,
0.638,47389.0,0.09052314899766577,,,0.643,44199.0,0.09090933924724699,,,,
0.648,47333.0,0.09052477296088816,,,0.654,44192.0,0.09091191089345332,,,,
0.661,47409.0,0.09052601481511707,,,0.666,44194.0,0.09091232235684632,,,,
0.673,47400.0,0.09052878510531999,,,0.678,44191.0,0.09091643699077645,,,,
0.686,47387.0,0.09053231961350992,,,0.69,44194.0,0.09091900863698278,,,,
0.696,47405.0,0.09053680939418361,,,0.701,44156.0,0.09091571692983869,,,,
0.705,47368.0,0.09053871993915115,,,0.711,44187.0,0.0909163341249282,,,,
0.716,47226.0,0.09054196786559596,,,0.72,44415.0,0.09091664272247295,,,,
0.726,47594.0,0.0905438784105635,,,0.732,44036.0,0.09091684845416946,,,,
0.736,47402.0,0.0905499921544596,,,0.741,44144.0,0.09091489400305265,,,,
0.746,47388.0,0.0905524758629174,,,0.75,44194.0,0.09091695132001772,,,,
0.756,47394.0,0.09055304902640764,,,0.761,44184.0,0.09091520260059742,,,,
0.765,47410.0,0.09056279280574207,,,0.771,44222.0,0.0909163341249282,,,,
0.777,47396.0,0.09056317491473558,,,0.784,44211.0,0.0909163341249282,,,,
0.789,47404.0,0.09056365255097745,,,0.796,44155.0,0.09091797997850025,,,,
0.802,47402.0,0.09056594520493849,,,0.808,44201.0,0.09091942010037578,,,,
0.815,47416.0,0.09056718705916739,,,0.822,44195.0,0.09092404906354717,,,,
0.827,47405.0,0.09057320527581511,,,0.833,44190.0,0.09092631211220875,,,,
0.84,47396.0,0.09059106887126155,,,0.845,44181.0,0.09090491601577211,,,,
0.851,47399.0,0.09057416054829888,,,0.856,44199.0,0.09092435766109194,,,,
0.862,47395.0,0.09057568898427291,,,0.869,44182.0,0.09093114680707665,,,,
0.875,47435.0,0.09057740847474369,,,0.88,44203.0,0.09093135253877314,,,,
0.887,47413.0,0.09058294905514953,,,0.893,44194.0,0.0909351585751585,,,,
0.9,47405.0,0.09058323563689466,,,0.906,44207.0,0.09093484997761375,,,,
0.913,47411.0,0.09058075192843687,,,0.918,44208.0,0.09093577577024804,,,,
0.925,47418.0,0.09058505065461381,,,0.931,44201.0,0.09094235918453623,,,,
0.939,47431.0,0.09058820305381024,,,0.944,44209.0,0.09094595948922508,,,,
0.951,47413.0,0.09058954043528752,,,0.956,44207.0,0.09094750247694888,,,,
0.962,47417.0,0.09058992254428103,,,0.969,44225.0,0.09094997125730697,,,,
0.974,47418.0,0.09058304458239791,,,0.982,44210.0,0.09095521741556786,,,,
0.988,47406.0,0.09059680050616414,,,0.993,44196.0,0.09097568771937024,,,,
0.999,47452.0,0.09060052606885084,,,1.004,44221.0,0.09095840625686372,,,,
1.011,47413.0,0.09059565417918362,,,1.016,44219.0,0.09095861198856021,,,,
1.024,47370.0,0.09059469890669986,,,1.029,44220.0,0.09096015497628401,,,,
1.034,47449.0,0.09059508101569336,,,1.039,44219.0,0.09095727473253293,,,,
1.046,47435.0,0.09059317047072582,,,1.051,44236.0,0.09096087503722179,,,,
1.056,47430.0,0.09059116439850992,,,1.061,44210.0,0.09095501168387136,,,,
1.069,47409.0,0.09058753436307161,,,1.073,44214.0,0.09095213144012028,,,,
1.079,47324.0,0.09058724778132647,,,1.084,44232.0,0.09095192570842377,,,,
1.091,47543.0,0.0905842864366268,,,1.095,44398.0,0.09094781107449365,,,,
1.101,47434.0,0.09058132509192712,,,1.106,44014.0,0.09094256491623273,,,,
1.111,47384.0,0.09057836374722744,,,1.117,44205.0,0.09094205058699147,,,,
1.122,47403.0,0.09057110367635084,,,1.129,44209.0,0.09093947894078513,,,,
1.133,47409.0,0.09057139025809596,,,1.139,44179.0,0.09093690729457882,,,,
1.144,47391.0,0.09057320527581511,,,1.152,44243.0,0.09093412991667597,,,,
1.158,47397.0,0.09056670942292551,,,1.164,44144.0,0.09093032388029061,,,,
1.169,47393.0,0.09056231516950018,,,1.174,44181.0,0.090926003514664,,,,
1.18,47410.0,0.09055868513406187,,,1.186,44205.0,0.0909229175392164,,,,
1.192,47386.0,0.09055801644332324,,,1.199,44185.0,0.09091942010037578,,,,
1.204,47387.0,0.09056518098695149,,,1.21,44159.0,0.09091468827135615,,,,
1.215,47375.0,0.09054951451821772,,,1.221,44191.0,0.09089257211398173,,,,
1.227,47376.0,0.09054607553727616,,,1.233,44196.0,0.09091098510081903,,,,
1.24,47416.0,0.09054712633700829,,,1.244,44194.0,0.09090789912537144,,,,
1.25,47389.0,0.09054445157405375,,,1.256,44193.0,0.0909051217474686,,,,
1.263,47381.0,0.09054254102908621,,,1.269,44182.0,0.09090378449144132,,,,
1.274,47389.0,0.09053757361217063,,,1.282,44194.0,0.09089514376018806,,,,
1.288,47392.0,0.09053356146773882,,,1.294,44180.0,0.09089606955282234,,,,
1.3,47402.0,0.09053738255767388,,,1.306,44180.0,0.09089534949188456,,,,
1.31,47399.0,0.0905340391039807,,,1.316,44186.0,0.09088989760192714,,,,
1.323,47379.0,0.09053451674022259,,,1.329,44183.0,0.0908867087606313,,,,
1.333,47398.0,0.09053050459579076,,,1.339,44193.0,0.09089020619947191,,,,
1.345,47395.0,0.09052859405082324,,,1.351,44175.0,0.09088454857781798,,,,
1.355,47375.0,0.09051063492812843,,,1.361,44182.0,0.09089339504076777,,,,
1.369,47389.0,0.09052658797860733,,,1.374,44166.0,0.0908897947360789,,,,
1.379,47339.0,0.09052553717887518,,,1.384,44159.0,0.09088403424857673,,,,
1.391,47355.0,0.09052534612437842,,,1.397,44153.0,0.09088269699254943,,,,
1.404,47433.0,0.09052658797860733,,,1.409,44174.0,0.0908799196146466,,,,
1.414,47375.0,0.0905241997973979,,,1.422,44152.0,0.0908801253463431,,,,
1.426,47391.0,0.09052429532464629,,,1.431,44154.0,0.09088094827312913,,,,
1.437,47345.0,0.0905193279077307,,,1.441,44193.0,0.09087590784656474,,,,
1.446,47355.0,0.09051971001672421,,,1.451,44136.0,0.09087405626129617,,,,
1.457,47188.0,0.09051607998128589,,,1.462,44282.0,0.09087107315169683,,,,
1.466,47583.0,0.09051416943631836,,,1.472,44159.0,0.09086922156642828,,,,
1.477,47378.0,0.0905132141638346,,,1.484,44137.0,0.09086870723718701,,,,
1.488,47379.0,0.09051493365430538,,,1.495,44169.0,0.0908685015054905,,,,
1.5,47402.0,0.09052018765296609,,,1.507,44167.0,0.09087127888339334,,,,
1.513,47367.0,0.09052228925243037,,,1.519,44182.0,0.09087477632223395,,,,
1.524,47403.0,0.09051369180007647,,,1.529,44188.0,0.09087415912714442,,,,
1.534,47347.0,0.09051359627282811,,,1.542,44137.0,0.09088094827312913,,,,
1.548,47383.0,0.0905193279077307,,,1.555,44165.0,0.09088094827312913,,,,
1.559,47360.0,0.0905193279077307,,,1.565,44164.0,0.09088094827312913,,,,
1.57,47375.0,0.0905193279077307,,,1.577,44157.0,0.09088094827312913,,,,
1.583,47365.0,0.0905193279077307,,,1.589,44177.0,0.09088094827312913,,,,
1.595,47407.0,0.0905193279077307,,,1.599,44164.0,0.09088094827312913,,,,
1.605,47394.0,0.0905193279077307,,,1.611,44186.0,0.09088094827312913,,,,
1.618,47377.0,0.0905193279077307,,,1.624,44187.0,0.09088094827312913,,,,
1.63,47343.0,0.0905193279077307,,,1.634,44168.0,0.09088094827312913,,,,
1.641,47374.0,0.0905193279077307,,,1.646,44178.0,0.09088094827312913,,,,
1.653,47390.0,0.0905193279077307,,,,,,,,,
0.245,47747.0,0.09054816605277934,0.245,47747.0,0.25,44340.0,0.09091565340942613,0.25,44340.0,0.019000000000000017,0.905263157894736
0.258,47762.0,0.09054816605277934,,,0.264,44355.0,0.09091565340942613,0.264,44355.0,,
0.269,47750.0,0.09054816605277934,,,0.275,44332.0,0.09091565340942613,,,,
0.28,47746.0,0.09054816605277934,,,0.285,44358.0,0.09091565340942613,,,,
0.292,47795.0,0.09054816605277934,,,0.299,44350.0,0.09091565340942613,,,,
0.306,47745.0,0.09054816605277934,,,0.311,44339.0,0.09091565340942613,,,,
0.318,47754.0,0.09054816605277934,,,0.322,44357.0,0.09091565340942613,,,,
0.328,47715.0,0.09054816605277934,,,0.333,44321.0,0.09091565340942613,,,,
0.337,47658.0,0.09054816605277934,,,0.343,44342.0,0.09091565340942613,,,,
0.349,47692.0,0.09054816605277934,,,0.353,44551.0,0.09091565340942613,,,,
0.358,47890.0,0.09054816605277934,,,0.363,44178.0,0.09091565340942613,,,,
0.367,47748.0,0.09054712303063296,,,0.373,44328.0,0.09091421825088485,,,,
0.378,47752.0,0.09054570072770611,,,0.386,44360.0,0.09091278309234357,,,,
0.392,47740.0,0.09054399396419387,,,0.398,44344.0,0.09091350067161422,,,,
0.404,47726.0,0.09054418360458412,,,0.411,44360.0,0.09091216802439729,,,,
0.416,47737.0,0.09053669280916933,,,0.423,44301.0,0.09090693994685403,,,,
0.428,47749.0,0.09053640834858397,,,0.434,44332.0,0.09090581232228588,,,,
0.439,47748.0,0.09053517568604735,,,0.446,44366.0,0.09090396711844707,,,,
0.451,47752.0,0.09053745137073033,,,0.458,44335.0,0.0909047872090421,,,,
0.464,47740.0,0.09054560590751097,,,0.472,44335.0,0.09090376209579833,,,,
0.477,47736.0,0.09055082101824279,,,0.483,44326.0,0.09088161964973272,,,,
0.489,47747.0,0.0905389684938523,,,0.495,44341.0,0.0908983289956063,,,,
0.502,47732.0,0.0905381151120962,,,0.507,44339.0,0.09089955913149883,,,,
0.515,47748.0,0.09053754619092545,,,0.521,44345.0,0.09089679132574063,,,,
0.526,47716.0,0.0905373565505352,,,0.53,44299.0,0.0908979189503088,,,,
0.537,47742.0,0.09053953741502305,,,0.542,44328.0,0.09089863652957944,,,,
0.549,47741.0,0.09054181309970602,,,0.556,44339.0,0.09090181438063515,,,,
0.563,47739.0,0.09054361468341339,,,0.568,44329.0,0.09090355707314958,,,,
0.575,47744.0,0.09054314058243776,,,0.581,44332.0,0.09089904657487695,,,,
0.587,47747.0,0.09054361468341339,,,0.593,44335.0,0.0909001741994451,,,,
0.601,47765.0,0.09054314058243776,,,0.606,44341.0,0.09090027671076947,,,,
0.613,47739.0,0.09052237495970562,,,0.619,44340.0,0.09090529976566399,,,,
0.625,47746.0,0.09053849439287669,,,0.631,44333.0,0.09092559700789078,,,,
0.637,47738.0,0.09054389914399875,,,0.643,44355.0,0.0909070424581784,,,,
0.648,47749.0,0.09054494216614511,,,0.654,44367.0,0.09090837510539532,,,,
0.661,47761.0,0.0905460800084866,,,0.666,44332.0,0.09091206551307292,,,,
0.673,47768.0,0.0905468385700476,,,0.677,44349.0,0.09091145044512665,,,,
0.684,47743.0,0.09054664892965734,,,0.689,44322.0,0.09091667852266991,,,,
0.693,47757.0,0.0905460800084866,,,0.698,44346.0,0.09091319313764107,,,,
0.704,47735.0,0.09054721785082809,,,0.708,44336.0,0.0909162684773724,,,,
0.713,47517.0,0.09054930389512082,,,0.718,44375.0,0.09091831870385995,,,,
0.722,47917.0,0.09054920907492568,,,0.729,44539.0,0.0909186262378331,,,,
0.734,47789.0,0.09055186404038916,,,0.738,44158.0,0.0909190362831306,,,,
0.743,47759.0,0.09055423454526726,,,0.749,44358.0,0.0909231367361057,,,,
0.753,47728.0,0.09055707915112098,,,0.758,44335.0,0.09091780614723807,,,,
0.764,47750.0,0.09055935483580393,,,0.771,44322.0,0.09091647350002116,,,,
0.777,47739.0,0.0905595444761942,,,0.784,44390.0,0.09091821619253558,,,,
0.789,47733.0,0.09055926001560882,,,0.796,44295.0,0.09091872874915746,,,,
0.802,47756.0,0.0905607771387308,,,0.808,44362.0,0.09092036893034752,,,,
0.815,47769.0,0.09056182016087717,,,0.822,44355.0,0.09092057395299627,,,,
0.827,47764.0,0.09056200980126741,,,0.833,44344.0,0.09092036893034752,,,,
0.838,47767.0,0.09058514592887765,,,0.844,44344.0,0.0909171910792918,,,,
0.849,47771.0,0.09057168146117005,,,0.857,44373.0,0.0908987390409038,,,,
0.862,47768.0,0.09056969023707245,,,0.868,44303.0,0.09091954883975249,,,,
0.875,47773.0,0.09056978505726757,,,0.88,44354.0,0.09091872874915746,,,,
0.887,47763.0,0.09057376750546278,,,0.893,44349.0,0.0909204714416719,,,,
0.901,47765.0,0.09057490534780427,,,0.906,44354.0,0.09092395682670074,,,,
0.913,47759.0,0.0905738623256579,,,0.918,44338.0,0.09092118902094254,,,,
0.925,47768.0,0.09057632765073112,,,0.931,44348.0,0.09092754472305396,,,,
0.936,47737.0,0.09057556908917014,,,0.944,44334.0,0.09092262417948382,,,,
0.95,47761.0,0.09057281930351155,,,0.956,44344.0,0.09092528947391765,,,,
0.962,47775.0,0.09057063843902369,,,0.969,44359.0,0.09092867234762211,,,,
0.974,47768.0,0.09056902649570658,,,0.982,44361.0,0.09092908239291962,,,,
0.988,47760.0,0.09054882979414519,,,0.993,44350.0,0.09094056366124993,,,,
0.999,47770.0,0.09056523368790163,,,1.004,44352.0,0.09093451549311164,,,,
1.011,47762.0,0.09056163052048692,,,1.016,44356.0,0.09092436687199824,,,,
1.022,47728.0,0.09056039785795031,,,1.029,44363.0,0.09092211162286193,,,,
1.034,47759.0,0.0905587859146332,,,1.039,44357.0,0.09091770363591369,,,,
1.046,47748.0,0.09055423454526726,,,1.051,44314.0,0.09091616596604803,,,,
1.056,47740.0,0.0905520536807794,,,1.061,44381.0,0.09091995888505001,,,,
1.069,47741.0,0.09055034691726717,,,1.074,44377.0,0.09091370569426296,,,,
1.079,47750.0,0.09054864015375495,,,1.084,44348.0,0.09091155295645102,,,,
1.091,47558.0,0.0905452266267305,,,1.095,44485.0,0.09090878515069283,,,,
1.101,47941.0,0.0905420975602914,,,1.106,44244.0,0.09090406962977146,,,,
1.111,47735.0,0.09053934777463281,,,1.117,44255.0,0.09090119931268888,,,,
1.122,47750.0,0.09053432230429125,,,1.129,44327.0,0.09089771392766002,,,,
1.133,47748.0,0.09053308964175463,,,1.139,44311.0,0.09089207580481926,,,,
1.144,47711.0,0.09053346892253512,,,1.152,44323.0,0.09088746279522225,,,,
1.158,47745.0,0.09052948647433992,,,1.164,44385.0,0.0908840799215178,,,,
1.169,47719.0,0.09052787453102282,,,1.174,44273.0,0.09088643768197847,,,,
1.18,47743.0,0.09052806417141306,,,1.186,44323.0,0.09088172216105711,,,,
1.192,47739.0,0.09052654704829108,,,1.199,44332.0,0.09087751919675761,,,,
1.204,47735.0,0.09052322834146175,,,1.21,44315.0,0.0908734187437825,,,,
1.215,47731.0,0.09053820993229132,,,1.221,44322.0,0.09085855460174774,,,,
1.228,47717.0,0.09051763394994942,,,1.233,44318.0,0.09086521783783229,,,,
1.24,47749.0,0.09051602200663232,,,1.244,44301.0,0.09087218860788998,,,,
1.25,47732.0,0.09051336704116886,,,1.256,44318.0,0.09087280367583625,,,,
1.263,47717.0,0.0905108068959005,,,1.269,44324.0,0.0908753664589457,,,,
1.274,47731.0,0.09051147063726638,,,1.282,44337.0,0.09087628906086509,,,,
1.288,47742.0,0.0905095742333639,,,1.295,44335.0,0.09087044591537556,,,,
1.3,47725.0,0.09050616070633945,,,1.306,44336.0,0.09087516143629693,,,,
1.31,47715.0,0.09050777264965655,,,1.316,44308.0,0.0908781342647039,,,,
1.323,47716.0,0.09050739336887606,,,1.33,44340.0,0.09087936440059642,,,,
1.336,47724.0,0.09050521250438821,,,1.341,44309.0,0.09088161964973272,,,,
1.345,47718.0,0.0905032212802906,,,1.352,44323.0,0.0908831573195984,,,,
1.358,47722.0,0.09048823968946103,,,1.363,44333.0,0.09089299840673866,,,,
1.368,47721.0,0.09050540214477845,,,1.375,44336.0,0.09090827259407094,,,,
1.38,47718.0,0.09050388502165646,,,1.386,44332.0,0.0909033520505008,,,,
1.391,47725.0,0.09050549696497358,,,1.397,44328.0,0.09090529976566399,,,,
1.404,47683.0,0.09050464358321746,,,1.409,44319.0,0.0909103228205585,,,,
1.414,47760.0,0.0905055917851687,,,1.42,44352.0,0.09091145044512665,,,,
1.427,47735.0,0.09050350574087597,,,1.431,44344.0,0.09091811368121121,,,,
1.436,47712.0,0.09050369538126622,,,1.442,44337.0,0.09091739610194056,,,,
1.449,47710.0,0.09050369538126622,,,1.454,44337.0,0.09091801116988682,,,,
1.459,47559.0,0.09050331610048573,,,1.465,44414.0,0.09092354678140323,,,,
1.472,47930.0,0.09050360056107111,,,1.476,44450.0,0.09092631458716142,,,,
1.481,47716.0,0.09050388502165646,,,1.487,44270.0,0.09092938992689276,,,,
1.495,47734.0,0.09050435912263208,,,1.499,44343.0,0.09093226024397534,,,,
1.504,47722.0,0.09050492804380283,,,1.51,44386.0,0.09093718078754547,,,,
1.514,47752.0,0.09050483322360771,,,1.519,44346.0,0.09094312644435937,,,,
1.525,47703.0,0.09050862603141266,,,1.532,44401.0,0.09094968716911955,,,,
1.537,47717.0,0.09050616070633945,,,1.542,44301.0,0.09091811368121121,,,,
1.548,47716.0,0.09050369538126622,,,1.555,44346.0,0.09091811368121121,,,,
1.56,47720.0,0.09050369538126622,,,1.567,44363.0,0.09091811368121121,,,,
1.571,47721.0,0.09050369538126622,,,1.577,44350.0,0.09091811368121121,,,,
1.583,47725.0,0.09050369538126622,,,1.59,44363.0,0.09091811368121121,,,,
1.596,47726.0,0.09050369538126622,,,1.601,44364.0,0.09091811368121121,,,,
1.607,47724.0,0.09050369538126622,,,1.611,44380.0,0.09091811368121121,,,,
1.618,47724.0,0.09050369538126622,,,1.624,44386.0,0.09091811368121121,,,,
1.631,47723.0,0.09050369538126622,,,1.637,44383.0,0.09091811368121121,,,,
1.642,47734.0,0.09050369538126622,,,1.646,44380.0,0.09091811368121121,,,,
1.653,47744.0,0.09050369538126622,,,,,,,,,
0.245,47221.0,0.09051533427676314,0.245,47221.0,0.25,46704.0,0.09090228149285282,0.25,46704.0,0.006000000000000005,2.866666666666664
0.258,47230.0,0.09051533427676314,0.258,47230.0,0.264,46722.0,0.09090228149285282,0.264,46722.0,,
0.271,47228.0,0.09051533427676314,,,0.275,46695.0,0.09090228149285282,,,,
0.28,47194.0,0.09051533427676314,,,0.285,46713.0,0.09090228149285282,,,,
0.292,47269.0,0.09051533427676314,,,0.299,46750.0,0.09090228149285282,,,,
0.306,47224.0,0.09051533427676314,,,0.311,46683.0,0.09090228149285282,,,,
0.318,47221.0,0.09051533427676314,,,0.322,46729.0,0.09090228149285282,,,,
0.328,47187.0,0.09051533427676314,,,0.333,46717.0,0.09090228149285282,,,,
0.337,47062.0,0.09051533427676314,,,0.343,46755.0,0.09090228149285282,,,,
0.349,47368.0,0.09051533427676314,,,0.353,46904.0,0.09090228149285282,,,,
0.358,47222.0,0.09051533427676314,,,0.363,46565.0,0.09090228149285282,,,,
0.367,47220.0,0.09051312934710626,,,0.373,46711.0,0.09090111390722837,,,,
0.378,47194.0,0.09050958228635389,,,0.386,46705.0,0.0908978057479591,,,,
0.392,47196.0,0.09050833602176521,,,0.398,46724.0,0.09089790304676112,,,,
0.404,47151.0,0.09050728149019018,,,0.411,46727.0,0.09089566517431427,,,,
0.416,47183.0,0.09050076256772634,,,0.423,46655.0,0.09089070293541035,,,,
0.428,47224.0,0.09050152949978091,,,0.434,46691.0,0.0908903137402022,,,,
0.439,47211.0,0.0904973113734808,,,0.446,46702.0,0.09088418391567384,,,,
0.451,47187.0,0.09049846177156264,,,0.458,46716.0,0.0908797081707801,,,,
0.464,47189.0,0.09051207481553122,,,0.472,46691.0,0.09087036748578449,,,,
0.477,47198.0,0.09049501057731708,,,0.483,46692.0,0.09084516709605675,,,,
0.489,47193.0,0.09049366844622159,,,0.495,46688.0,0.09085188071339735,,,,
0.502,47215.0,0.0904913676500579,,,0.507,46696.0,0.09084487519965063,,,,
0.515,47183.0,0.090491846982592,,,0.521,46690.0,0.09083709129548763,,,,
0.528,47201.0,0.09048935445341465,,,0.533,46699.0,0.09082648572606553,,,,
0.539,47232.0,0.09048695779074412,,,0.545,46679.0,0.09081695044346584,,,,
0.551,47177.0,0.09048964205293511,,,0.559,46666.0,0.09081646394945565,,,,
0.564,47199.0,0.09048714952375776,,,0.571,46671.0,0.09080945843570895,,,,
0.577,47204.0,0.0904845611280736,,,0.584,46659.0,0.09080147993394187,,,,
0.589,47190.0,0.0904809182008144,,,0.595,46645.0,0.09079067976691568,,,,
0.6,47208.0,0.09046577129273667,,,0.606,46634.0,0.09078795540045863,,,,
0.613,47196.0,0.09048072646780075,,,0.619,46639.0,0.09079836637227667,,,,
0.625,47199.0,0.0904822603319099,,,0.631,46625.0,0.09077676603822431,,,,
0.637,47170.0,0.09047976780273255,,,0.643,46615.0,0.09077170650051836,,,,
0.648,47126.0,0.09047871327115752,,,0.654,46629.0,0.0907686902376552,,,,
0.661,47211.0,0.09047459101136422,,,0.666,46650.0,0.09076547937718796,,,,
0.673,47198.0,0.09046529196020257,,,0.678,46619.0,0.09076810644484297,,,,
0.686,47184.0,0.09046644235828444,,,0.691,46620.0,0.09076499288317777,,,,
0.696,47149.0,0.09046577129273667,,,0.701,46605.0,0.09076567397479203,,,,
0.705,47031.0,0.09046184076595702,,,0.711,46663.0,0.09076518748078184,,,,
0.716,47354.0,0.09045982756931377,,,0.72,46799.0,0.09077034431728984,,,,
0.726,47209.0,0.09045819783869782,,,0.732,46466.0,0.0907710254089041,,,,
0.736,47189.0,0.0904590606372592,,,0.741,46644.0,0.0907741389705693,,,,
0.746,47172.0,0.09046011516883425,,,0.753,46659.0,0.09078133908192008,,,,
0.759,47158.0,0.0904630870305457,,,0.766,46666.0,0.09078883108967697,,,,
0.772,47135.0,0.09047056461807772,,,0.779,46706.0,0.09079544740821553,,,,
0.785,47189.0,0.09047190674917323,,,0.791,46634.0,0.09080167453154595,,,,
0.796,47192.0,0.09047439927835056,,,0.801,46678.0,0.09081043142372933,,,,
0.806,47163.0,0.09047900087067798,,,0.814,46654.0,0.09082006400513104,,,,
0.82,47169.0,0.0904822603319099,,,0.826,46698.0,0.09083115606856333,,,,
0.832,47191.0,0.0905010501672468,,,0.839,46641.0,0.09083592370986318,,,,
0.844,47205.0,0.09048935445341465,,,0.85,46671.0,0.09082833440330423,,,,
0.858,47210.0,0.09049117591704424,,,0.863,46699.0,0.09085353479303199,,,,
0.87,47201.0,0.09049481884430344,,,0.876,46692.0,0.09086054030677869,,,,
0.882,47204.0,0.0905005708347127,,,0.888,46697.0,0.09086812961333762,,,,
0.896,47225.0,0.09050862362128567,,,0.901,46714.0,0.09087221616302321,,,,
0.907,47224.0,0.09051543014326996,,,0.914,46709.0,0.09087357834625173,,,,
0.919,47232.0,0.09052453746141795,,,0.926,46719.0,0.09088165414682085,,,,
0.932,47183.0,0.09052808452217033,,,0.939,46719.0,0.09088720017853699,,,,
0.945,47227.0,0.0905361373087433,,,0.952,46712.0,0.09089274621025314,,,,
0.957,47232.0,0.09054351902976851,,,0.963,46721.0,0.09089722195514686,,,,
0.968,47228.0,0.0905352745101819,,,0.974,46725.0,0.09090500585930987,,,,
0.98,47227.0,0.09054562809291858,,,0.987,46716.0,0.09093079004184984,,,,
0.994,47232.0,0.0905553106101075,,,0.999,46737.0,0.0909161952215442,,,,
1.006,47242.0,0.09055866593784624,,,1.01,46708.0,0.09092232504607257,,,,
1.016,47206.0,0.09056250059811907,,,1.021,46720.0,0.09092641159575815,,,,
1.029,47284.0,0.09056326753017364,,,1.033,46717.0,0.09092884406580909,,,,
1.039,47229.0,0.09056652699140555,,,1.044,46735.0,0.09093769825679451,,,,
1.051,47247.0,0.09056652699140555,,,1.055,46711.0,0.09093448739632727,,,,
1.061,47246.0,0.09057419631195124,,,1.067,46744.0,0.0909366279699721,,,,
1.074,47105.0,0.09057822270523772,,,1.078,46721.0,0.09093867124481489,,,,
1.084,47313.0,0.09058109870044234,,,1.089,46936.0,0.09094032532444953,,,,
1.093,47311.0,0.09058416642866061,,,1.099,46549.0,0.09094314698970861,,,,
1.104,47236.0,0.0905872341568789,,,1.112,46755.0,0.09094684434418605,,,,
1.116,47244.0,0.09059269854776769,,,1.122,46739.0,0.09094723353939421,,,,
1.127,47233.0,0.09059442414489047,,,1.134,46739.0,0.09095268227230831,,,,
1.139,47258.0,0.09059998440228607,,,1.146,46800.0,0.09095540663876536,,,,
1.152,47232.0,0.09060123066687475,,,1.157,46686.0,0.0909586174992326,,,,
1.162,47263.0,0.09060439426159986,,,1.169,46741.0,0.09096241215251206,,,,
1.175,47269.0,0.09060679092427038,,,1.181,46733.0,0.09096727709261394,,,,
1.186,47262.0,0.09060957105296819,,,1.192,46738.0,0.09096980686146693,,,,
1.198,47260.0,0.09062385516248452,,,1.204,46754.0,0.0909746718015688,,,,
1.21,47259.0,0.09062165023282763,,,1.216,46754.0,0.09095920129204482,,,,
1.222,47289.0,0.09061752797303432,,,1.226,46741.0,0.0909808989248992,,,,
1.232,47260.0,0.09061982876919804,,,1.239,46764.0,0.09098323409614811,,,,
1.246,47264.0,0.09061954116967758,,,1.251,46748.0,0.09098751524343777,,,,
1.257,47297.0,0.09062165023282763,,,1.264,46750.0,0.09098926662187445,,,,
1.27,47262.0,0.09061810317207526,,,1.276,46774.0,0.09098537466979295,,,,
1.283,47272.0,0.0906146519778297,,,1.289,46761.0,0.09099179639072742,,,,
1.295,47275.0,0.09061091318406368,,,1.301,46770.0,0.09099014231109279,,,,
1.308,47254.0,0.09060880412091363,,,1.314,46771.0,0.09099199098833151,,,,
1.32,47290.0,0.09060487359413395,,,1.327,46777.0,0.09099490995239264,,,,
1.334,47268.0,0.09060161413290205,,,1.34,46772.0,0.09099529914760078,,,,
1.345,47260.0,0.09058330363009923,,,1.351,46779.0,0.09100065058171285,,,,
1.356,47241.0,0.09059528694345186,,,1.361,46783.0,0.09098868282906222,,,,
1.369,47255.0,0.09059193161571312,,,1.374,46757.0,0.09098352599255422,,,,
1.379,47221.0,0.09058982255256307,,,1.384,46760.0,0.09098712604822963,,,,
1.391,47196.0,0.09058454989468791,,,1.397,46752.0,0.09098926662187445,,,,
1.404,47224.0,0.09057745577318314,,,1.409,46724.0,0.09098955851828057,,,,
1.415,47247.0,0.0905726624478421,,,1.42,46752.0,0.0909963694344232,,,,
1.427,47221.0,0.09056528072681688,,,1.431,46768.0,0.09099510454999671,,,,
1.437,47226.0,0.09056240473161226,,,1.442,46758.0,0.09099812081285986,,,,
1.449,47068.0,0.09055655687469617,,,1.454,46809.0,0.09099928839848433,,,,
1.459,47414.0,0.09055329741346425,,,1.465,46618.0,0.09099938569728636,,,,
1.472,47225.0,0.0905488875541505,,,1.476,46711.0,0.09099938569728636,,,,
1.481,47242.0,0.09054610742545267,,,1.487,46785.0,0.09099958029489043,,,,
1.491,47242.0,0.09054505289387765,,,1.497,46772.0,0.09100279115535767,,,,
1.503,47188.0,0.09054457356134354,,,1.51,46777.0,0.09100522362540861,,,,
1.514,47222.0,0.09054476529435719,,,1.519,46831.0,0.09100697500384529,,,,
1.525,47198.0,0.09054610742545267,,,1.532,46757.0,0.0910127156331655,,,,
1.538,47224.0,0.0905457239594254,,,1.545,46802.0,0.09101398051759199,,,,
1.549,47229.0,0.0905488875541505,,,1.555,46789.0,0.09099812081285986,,,,
1.56,47234.0,0.09055655687469617,,,1.567,46773.0,0.09099812081285986,,,,
1.573,47214.0,0.09055655687469617,,,1.579,46779.0,0.09099812081285986,,,,
1.585,47212.0,0.09055655687469617,,,1.589,46785.0,0.09099812081285986,,,,
1.596,47244.0,0.09055655687469617,,,1.601,46790.0,0.09099812081285986,,,,
1.608,47216.0,0.09055655687469617,,,1.614,46785.0,0.09099812081285986,,,,
1.619,47198.0,0.09055655687469617,,,1.624,46770.0,0.09099812081285986,,,,
1.631,47238.0,0.09055655687469617,,,1.637,46783.0,0.09099812081285986,,,,
1.644,47243.0,0.09055655687469617,,,1.649,46765.0,0.09099812081285986,,,,
1.655,47254.0,0.09055655687469617,,,1.662,46777.0,0.09099812081285986,,,,
1.668,47215.0,0.09055655687469617,,,,,,,,,
0.245,47097.0,0.09057911621533463,0.245,47097.0,0.25,46821.0,0.09082710070206772,0.25,46821.0,0.006000000000000005,2.866666666666664
0.258,47111.0,0.09057911621533463,0.258,47111.0,0.264,46833.0,0.09082710070206772,0.264,46833.0,,
0.271,47117.0,0.09057911621533463,,,0.275,46803.0,0.09082710070206772,,,,
0.28,47112.0,0.09057911621533463,,,0.285,46815.0,0.09082710070206772,,,,
0.292,47158.0,0.09057911621533463,,,0.299,46855.0,0.09082710070206772,,,,
0.306,47124.0,0.09057911621533463,,,0.311,46823.0,0.09082710070206772,,,,
0.318,47133.0,0.09057911621533463,,,0.322,46852.0,0.09082710070206772,,,,
0.328,47119.0,0.09057911621533463,,,0.333,46858.0,0.09082710070206772,,,,
0.337,47052.0,0.09057911621533463,,,0.343,46840.0,0.09082710070206772,,,,
0.349,47110.0,0.09057911621533463,,,0.353,47060.0,0.09082710070206772,,,,
0.358,47251.0,0.09057911621533463,,,0.363,46650.0,0.09082710070206772,,,,
0.367,47145.0,0.09057969283897156,,,0.373,46823.0,0.09082777948159523,,,,
0.378,47137.0,0.0905783473838187,,,0.386,46836.0,0.09082991278868169,,,,
0.392,47125.0,0.09057517595381559,,,0.398,46830.0,0.09083388849734282,,,,
0.404,47125.0,0.0905749837459366,,,0.411,46857.0,0.09083582786742142,,,,
0.416,47145.0,0.09056864088593036,,,0.423,46790.0,0.09083476121387818,,,,
0.428,47123.0,0.09056479672835081,,,0.434,46820.0,0.09083592483592534,,,,
0.439,47126.0,0.09055912659592098,,,0.446,46871.0,0.09083476121387818,,,,
0.451,47108.0,0.09055922269986047,,,0.458,46827.0,0.09083291881230351,,,,
0.464,47094.0,0.09056383568895593,,,0.472,46802.0,0.090832240032776,,,,
0.477,47103.0,0.09056143309046871,,,0.483,46828.0,0.09081013121387997,,,,
0.489,47097.0,0.09054547983651359,,,0.495,46855.0,0.0908273916075795,,,,
0.502,47084.0,0.09053798372923347,,,0.507,46844.0,0.09082904007214632,,,,
0.515,47110.0,0.09053212138892468,,,0.521,46835.0,0.09082710070206772,,,,
0.528,47092.0,0.09052712398407127,,,0.533,46844.0,0.09082535526899697,,,,
0.539,47084.0,0.09051876294133573,,,0.545,46835.0,0.09082002200128084,,,,
0.551,47074.0,0.09051165124981359,,,0.559,46840.0,0.09082360983592624,,,,
0.564,47120.0,0.09050694215677865,,,0.571,46839.0,0.09081944019025724,,,,
0.577,47100.0,0.09050242527162267,,,0.583,46833.0,0.09081168270994285,,,,
0.589,47085.0,0.09050088760859086,,,0.596,46832.0,0.09080596156821098,,,,
0.602,47085.0,0.09049819669828517,,,0.608,46828.0,0.09080508885167561,,,,
0.612,47067.0,0.09047926422220591,,,0.619,46840.0,0.09081071302490355,,,,
0.625,47076.0,0.09049156552646045,,,0.631,46816.0,0.09080984030836818,,,,
0.638,47073.0,0.0904885863043363,,,0.644,46812.0,0.0907894769225429,,,,
0.65,47038.0,0.09048301227584596,,,0.655,46802.0,0.09078482243435425,,,,
0.661,47071.0,0.09048032136554028,,,0.666,46827.0,0.09078007097766169,,,,
0.673,47074.0,0.09048147461281415,,,0.678,46777.0,0.09077716192254379,,,,
0.686,47079.0,0.09047926422220591,,,0.691,46791.0,0.09077609526900056,,,,
0.696,47092.0,0.09047465123311045,,,0.701,46768.0,0.09076668932411935,,,,
0.705,47066.0,0.09046955772431756,,,0.711,46793.0,0.09076407117451324,,,,
0.716,46906.0,0.09046696291795135,,,0.72,46886.0,0.09076348936348966,,,,
0.726,47225.0,0.0904649447352221,,,0.732,46846.0,0.09076407117451324,,,,
0.736,47053.0,0.09046446421552465,,,0.741,46634.0,0.09076242270994642,,,,
0.746,47052.0,0.0904624460327954,,,0.75,46787.0,0.0907639742060093,,,,
0.756,47064.0,0.09046090836976357,,,0.761,46795.0,0.09076504085955255,,,,
0.765,47096.0,0.09046340707219028,,,0.771,46805.0,0.0907723134973473,,,,
0.777,47051.0,0.09046436811158516,,,0.784,46829.0,0.09076882263120581,,,,
0.789,47072.0,0.09046388759188773,,,0.796,46742.0,0.0907749316469534,,,,
0.802,47047.0,0.09046292655249284,,,0.808,46806.0,0.0907791982611263,,,,
0.815,47058.0,0.09046148499340051,,,0.822,46826.0,0.09078637393041714,,,,
0.827,47064.0,0.09046110057764255,,,0.833,46834.0,0.09079287082018044,,,,
0.84,47062.0,0.09047782266311358,,,0.845,46823.0,0.09078899208002324,,,,
0.852,47055.0,0.09046379148794823,,,0.859,46832.0,0.09078986479655861,,,,
0.864,47057.0,0.09046734733370931,,,0.868,46823.0,0.09081274936348609,,,,
0.875,47064.0,0.09047003824401499,,,0.88,46877.0,0.09082128259183192,,,,
0.887,47081.0,0.09047484344098942,,,0.893,46791.0,0.09082981582017775,,,,
0.9,47069.0,0.09047599668826328,,,0.906,46840.0,0.09083631270994107,,,,
0.913,47069.0,0.09047830318281103,,,0.918,46835.0,0.09084135507214543,,,,
0.925,47077.0,0.09048503045857523,,,0.931,46842.0,0.09085386400915238,,,,
0.939,47062.0,0.09049108500676302,,,0.944,46860.0,0.09086074877293142,,,,
0.951,47080.0,0.09049512137222154,,,0.956,46846.0,0.09086656688316722,,,,
0.962,47079.0,0.09049915773768005,,,0.969,46855.0,0.09087122137135586,,,,
0.974,47090.0,0.09050194475192523,,,0.982,46870.0,0.09087684554458378,,,,
0.988,47080.0,0.09050924865132637,,,0.993,46875.0,0.0908995361745034,,,,
0.999,47114.0,0.09052097333194398,,,1.004,46883.0,0.0908881908595436,,,,
1.011,47108.0,0.09052789281558717,,,1.016,46872.0,0.0908878999540318,,,,
1.024,47075.0,0.09052885385498205,,,1.029,46881.0,0.0908956574343462,,,,
1.034,47142.0,0.0905360616504437,,,1.039,46871.0,0.09089662711938551,,,,
1.046,47110.0,0.09054182788681302,,,1.051,46877.0,0.0909037058201724,,,,
1.056,47100.0,0.09054730581136389,,,1.061,46886.0,0.0909053542847392,,,,
1.069,47106.0,0.0905539369831886,,,1.074,46882.0,0.09090806940284925,,,,
1.079,47091.0,0.09055941490773944,,,1.084,46881.0,0.09091252995403001,,,,
1.091,47131.0,0.09056518114410876,,,1.095,47066.0,0.09091689353670686,,,,
1.101,47179.0,0.09056902530168831,,,1.106,46706.0,0.0909211601508798,,,,
1.111,47136.0,0.09057479153805763,,,1.117,46874.0,0.09092552373355664,,,,
1.122,47091.0,0.09057661751290792,,,1.129,46871.0,0.09092979034772955,,,,
1.133,47144.0,0.0905783473838187,,,1.139,46850.0,0.09093783873355574,,,,
1.144,47129.0,0.09058469024382497,,,1.152,46908.0,0.09094346290678368,,,,
1.158,47134.0,0.0905844019320065,,,1.165,46859.0,0.09095170522961774,,,,
1.169,47131.0,0.09058459413988547,,,1.174,46888.0,0.0909593657414282,,,,
1.18,47137.0,0.09058911102504145,,,1.187,46892.0,0.09096625050520722,,,,
1.192,47139.0,0.09059333959837894,,,1.199,46900.0,0.09097177770993123,,,,
1.204,47130.0,0.09059699154807951,,,1.208,46914.0,0.09097711097764738,,,,
1.215,47140.0,0.09059679934020054,,,1.221,46920.0,0.0909632444815854,,,,
1.228,47133.0,0.0905928590786815,,,1.233,46927.0,0.09098661389103252,,,,
1.24,47126.0,0.09058911102504145,,,1.244,46955.0,0.09099553499339408,,,,
1.251,47141.0,0.09059180193534712,,,1.256,46939.0,0.09100494093827528,,,,
1.263,47139.0,0.09058651621867525,,,1.269,46956.0,0.09101580141071543,,,,
1.274,47112.0,0.09058565128321985,,,1.282,46956.0,0.09102045589890408,,,,
1.288,47147.0,0.09057853959169769,,,1.295,46957.0,0.09103054062331278,,,,
1.3,47150.0,0.09058055777442695,,,1.306,46939.0,0.09103742538709182,,,,
1.313,47129.0,0.09057594478533149,,,1.318,46936.0,0.09104324349732762,,,,
1.326,47129.0,0.09057229283563094,,,1.332,46923.0,0.09104983735559485,,,,
1.339,47138.0,0.09056816036623291,,,1.344,46947.0,0.09105614030835031,,,,
1.351,47097.0,0.09055095776106444,,,1.357,46966.0,0.0910590493634682,,,,
1.362,47119.0,0.0905529759437937,,,1.369,46968.0,0.09108426117448999,,,,
1.374,47089.0,0.09055710841319173,,,1.38,46962.0,0.09106700078079046,,,,
1.387,47120.0,0.09055518633440195,,,1.391,46956.0,0.09107010377291622,,,,
1.396,47060.0,0.09055105386500394,,,1.402,46963.0,0.09106835833984547,,,,
1.41,47152.0,0.09055182269651985,,,1.414,46959.0,0.09107049164693194,,,,
1.419,47089.0,0.09054855516257722,,,1.425,46952.0,0.09107727944220705,,,,
1.432,47101.0,0.09054692139560593,,,1.436,46968.0,0.09107592188315201,,,,
1.441,47087.0,0.09054355775772381,,,1.447,46979.0,0.09107824912724634,,,,
1.455,46961.0,0.09054221230257098,,,1.459,46950.0,0.09108173999338781,,,,
1.464,47154.0,0.09053961749620479,,,1.47,47187.0,0.09108261270992318,,,,
1.474,47169.0,0.09054086684741813,,,1.479,46777.0,0.09108387330047427,,,,
1.484,47121.0,0.09054067463953916,,,1.491,46971.0,0.09108552176504109,,,,
1.497,47096.0,0.09054298113408689,,,1.502,46938.0,0.09108503692252144,,,,
1.507,47120.0,0.09054298113408689,,,1.514,46978.0,0.09108513389102536,,,,
1.52,47113.0,0.09054720970742439,,,1.527,47027.0,0.09108542479653715,,,,
1.531,47133.0,0.0905411551592366,,,1.538,46925.0,0.0910868793240961,,,,
1.543,47094.0,0.0905453837325741,,,1.55,46960.0,0.09107592188315201,,,,
1.555,47115.0,0.09054355775772381,,,1.561,46959.0,0.09107592188315201,,,,
1.567,47111.0,0.09054355775772381,,,1.572,46956.0,0.09107592188315201,,,,
1.577,47110.0,0.09054355775772381,,,1.585,46979.0,0.09107592188315201,,,,
1.591,47117.0,0.09054355775772381,,,1.596,46985.0,0.09107592188315201,,,,
1.602,47113.0,0.09054355775772381,,,1.606,46957.0,0.09107592188315201,,,,
1.613,47120.0,0.09054355775772381,,,1.618,46957.0,0.09107592188315201,,,,
1.626,47104.0,0.09054355775772381,,,1.632,46966.0,0.09107592188315201,,,,
1.637,47089.0,0.09054355775772381,,,1.644,46974.0,0.09107592188315201,,,,
1.65,47133.0,0.09054355775772381,,,1.657,46973.0,0.09107592188315201,,,,
1.662,47092.0,0.09054355775772381,,,,,,,,,
0.245,48096.0,0.0904829372988223,0.245,48096.0,0.25,46058.0,0.09079097284386899,0.25,46058.0,0.019000000000000017,0.905263157894736
0.258,48095.0,0.0904829372988223,,,0.264,46076.0,0.09079097284386899,0.264,46076.0,,
0.271,48117.0,0.0904829372988223,,,0.275,46053.0,0.09079097284386899,,,,
0.28,48080.0,0.0904829372988223,,,0.285,46068.0,0.09079097284386899,,,,
0.292,48164.0,0.0904829372988223,,,0.299,46113.0,0.09079097284386899,,,,
0.306,48121.0,0.0904829372988223,,,0.311,46048.0,0.09079097284386899,,,,
0.318,48137.0,0.0904829372988223,,,0.322,46087.0,0.09079097284386899,,,,
0.328,48126.0,0.0904829372988223,,,0.333,46059.0,0.09079097284386899,,,,
0.337,47990.0,0.0904829372988223,,,0.343,46094.0,0.09079097284386899,,,,
0.349,48234.0,0.0904829372988223,,,0.353,46264.0,0.09079097284386899,,,,
0.358,48163.0,0.0904829372988223,,,0.363,45901.0,0.09079097284386899,,,,
0.367,48124.0,0.09048688515297716,,,0.373,46080.0,0.09078959343566723,,,,
0.378,48111.0,0.09049299492726444,,,0.382,46079.0,0.09078328756960206,,,,
0.388,48144.0,0.09049619080919934,,,0.394,46093.0,0.0907859478568483,,,,
0.398,48151.0,0.09050314655223408,,,0.403,46094.0,0.09078604638600557,,,,
0.409,48170.0,0.0905026765695966,,,0.415,46065.0,0.09077619347027875,,,,
0.421,48174.0,0.09050455650014654,,,0.429,46057.0,0.09077786846595232,,,,
0.434,48126.0,0.09050521447583901,,,0.441,46074.0,0.09077501112039153,,,,
0.447,48147.0,0.09050643643069646,,,0.453,46055.0,0.09077481406207699,,,,
0.459,48150.0,0.09052175786467842,,,0.465,46045.0,0.09077225230398803,,,,
0.472,48138.0,0.0905165880556661,,,0.478,46044.0,0.09075382735157886,,,,
0.483,48160.0,0.09051461412858867,,,0.487,46012.0,0.09077116848325807,,,,
0.494,48151.0,0.09051602407650113,,,0.501,46080.0,0.09077185818735894,,,,
0.506,48154.0,0.09051818599663355,,,0.513,46069.0,0.09077274494977436,,,,
0.52,48159.0,0.09051442613553368,,,0.525,46013.0,0.09077363171218977,,,,
0.532,48141.0,0.09051029028832383,,,0.538,46065.0,0.09077481406207699,,,,
0.545,48144.0,0.09050878634388389,,,0.55,46058.0,0.09077845964089593,,,,
0.558,48139.0,0.09050408651750905,,,0.563,46057.0,0.09078545521106196,,,,
0.57,48153.0,0.09050352253834407,,,0.576,46068.0,0.09079126843134079,,,,
0.583,48179.0,0.09050314655223408,,,0.588,46077.0,0.0907943228352161,,,,
0.594,48142.0,0.09049741276405679,,,0.602,46077.0,0.09080328898852752,,,,
0.607,48139.0,0.09049346490990193,,,0.614,46087.0,0.09083304479402253,,,,
0.619,48134.0,0.09050634243416897,,,0.625,46088.0,0.09082762569037277,,,,
0.63,48104.0,0.09050850435430138,,,0.636,46102.0,0.09083412861475249,,,,
0.644,48107.0,0.09050935032304887,,,0.649,46106.0,0.0908412227140758,,,,
0.656,48154.0,0.09051198222581876,,,0.661,46102.0,0.09085373591704886,,,,
0.668,48124.0,0.09051141824665379,,,0.672,46128.0,0.0908623079537312,,,,
0.678,48120.0,0.09051517810775365,,,0.684,46133.0,0.09087600350659149,,,,
0.691,48143.0,0.09051827999316105,,,0.697,46086.0,0.09088112702276943,,,,
0.703,48089.0,0.0905225098368984,,,0.708,46136.0,0.09088950200113724,,,,
0.713,48096.0,0.09052260383342589,,,0.718,46346.0,0.09089383728405703,,,,
0.722,48297.0,0.09052570571883328,,,0.729,45957.0,0.09089876374192045,,,,
0.734,48174.0,0.09052993556257063,,,0.738,46146.0,0.09090300049568298,,,,
0.743,48163.0,0.09053613933338542,,,0.749,46141.0,0.09090684313281644,,,,
0.753,48187.0,0.09054328306947515,,,0.758,46140.0,0.09090812401186092,,,,
0.763,48135.0,0.09055023881250991,,,0.768,46152.0,0.09091147400320805,,,,
0.774,48184.0,0.09055399867360978,,,0.779,46197.0,0.0909147254653979,,,,
0.785,48172.0,0.09056142439928201,,,0.791,46109.0,0.09091462693624064,,,,
0.797,48198.0,0.09056687619787682,,,0.804,46153.0,0.09091511958202698,,,,
0.808,48180.0,0.09056969609370172,,,0.814,46121.0,0.09091896221916043,,,,
0.82,48175.0,0.09058172764922129,,,0.826,46127.0,0.09091837104421684,,,,
0.832,48184.0,0.09059140929155343,,,0.839,46130.0,0.09089738433371869,,,,
0.844,48200.0,0.0905837015762987,,,0.85,46127.0,0.09091610487359966,,,,
0.858,48180.0,0.09058623948254112,,,0.863,46115.0,0.09091709016517234,,,,
0.87,48181.0,0.09058708545128859,,,0.876,46140.0,0.09091846957337409,,,,
0.882,48194.0,0.09058915337489351,,,0.888,46135.0,0.09092053868567673,,,,
0.896,48203.0,0.09059479316654331,,,0.901,46127.0,0.09092112986062033,,,,
0.908,48178.0,0.09059131529502594,,,0.914,46138.0,0.09091502105286971,,,,
0.919,48173.0,0.0905951691526533,,,0.926,46125.0,0.09091797692758775,,,,
0.932,48217.0,0.09059469917001581,,,0.939,46130.0,0.0909147254653979,,,,
0.945,48199.0,0.0905951691526533,,,0.952,46133.0,0.09091502105286971,,,,
0.957,48215.0,0.09059263124641088,,,0.964,46147.0,0.09091236076562347,,,,
0.97,48201.0,0.09057383194091156,,,0.975,46156.0,0.09092615484764102,,,,
0.98,48172.0,0.09058576949990363,,,0.987,46155.0,0.09090802548270367,,,,
0.994,48209.0,0.09058191564227627,,,0.999,46161.0,0.09090487254967107,,,,
1.006,48195.0,0.09057890775339639,,,1.01,46158.0,0.09089659610046054,,,,
1.016,48147.0,0.09057185801383413,,,1.021,46135.0,0.09089334463827069,,,,
1.029,48213.0,0.09056809815273427,,,1.033,46139.0,0.09088822112209274,,,,
1.039,48193.0,0.09055973246178706,,,1.044,46120.0,0.09088782700546368,,,,
1.051,48185.0,0.09055653657985219,,,1.055,46124.0,0.09088733435967733,,,,
1.061,48148.0,0.09054873486806995,,,1.067,46100.0,0.09088871376787909,,,,
1.074,47984.0,0.09054394104516762,,,1.08,46270.0,0.0908893049428227,,,,
1.086,48327.0,0.09053839525004533,,,1.091,45943.0,0.09089097993849626,,,,
1.096,48139.0,0.09053529336463793,,,1.102,46083.0,0.09089265493416981,,,,
1.108,48149.0,0.09053463538894546,,,1.114,46056.0,0.09089482257562971,,,,
1.119,48119.0,0.09053115751742809,,,1.124,46102.0,0.09089708874624688,,,,
1.129,48163.0,0.09052824362507568,,,1.134,46075.0,0.09089876374192045,,,,
1.139,48089.0,0.09053284945492303,,,1.146,46134.0,0.09090319755399752,,,,
1.153,48139.0,0.09053125151395558,,,1.16,46120.0,0.09090812401186092,,,,
1.164,48134.0,0.09053078153131809,,,1.169,46144.0,0.09091502105286971,,,,
1.175,48148.0,0.09053049954173562,,,1.182,46139.0,0.09092142544809215,,,,
1.187,48156.0,0.09053190948964807,,,1.193,46164.0,0.09092970189730268,,,,
1.199,48168.0,0.09054892286112495,,,1.204,46173.0,0.09092103133146308,,,,
1.21,48165.0,0.090533413434088,,,1.216,46177.0,0.0909438900959493,,,,
1.223,48172.0,0.09053378942019799,,,1.228,46184.0,0.09095433418661975,,,,
1.234,48164.0,0.09053435339936297,,,1.239,46175.0,0.09096793121032275,,,,
1.246,48196.0,0.09053698530213287,,,1.251,46180.0,0.09097640471784782,,,,
1.258,48196.0,0.0905364213229679,,,1.264,46189.0,0.0909870458668328,,,,
1.269,48188.0,0.09054121514587023,,,1.276,46190.0,0.0909929576162689,,,,
1.283,48182.0,0.09054647895141005,,,1.29,46189.0,0.0909991649531768,,,,
1.295,48163.0,0.09054835888195997,,,1.301,46184.0,0.09100359876525387,,,,
1.305,48165.0,0.09054948684028993,,,1.312,46182.0,0.09100891933974635,,,,
1.317,48162.0,0.09054676094099252,,,1.324,46175.0,0.09101335315182342,,,,
1.328,48143.0,0.09054600896877256,,,1.335,46189.0,0.09101571785159784,,,,
1.34,48155.0,0.09054572697919007,,,1.346,46194.0,0.09103690162041052,,,,
1.351,48147.0,0.09055522062846721,,,1.357,46188.0,0.09101985607620312,,,,
1.364,48157.0,0.09055446865624726,,,1.369,46183.0,0.09102379724249386,,,,
1.374,48140.0,0.09055164876042236,,,1.38,46194.0,0.09102675311721191,,,,
1.386,48195.0,0.09054817088890497,,,1.391,46183.0,0.09102813252541365,,,,
1.396,48154.0,0.09054365905558515,,,1.402,46189.0,0.09103256633749073,,,,
1.409,48160.0,0.09054177912503521,,,1.414,46193.0,0.09103404427484975,,,,
1.419,48127.0,0.09054102715281523,,,1.425,46209.0,0.09103552221220877,,,,
1.431,48160.0,0.09054215511114519,,,1.437,46197.0,0.09103906926187043,,,,
1.444,48162.0,0.09054234310420019,,,1.448,46392.0,0.0910437986614193,,,,
1.455,48273.0,0.0905446930173876,,,1.46,46011.0,0.09104862659012546,,,,
1.467,48156.0,0.09054647895141005,,,1.471,46215.0,0.09105414422293247,,,,
1.477,48166.0,0.09054911085417994,,,1.482,46210.0,0.09105759274343685,,,,
1.486,48159.0,0.09055155476389486,,,1.491,46203.0,0.09106448978444563,,,,
1.498,48140.0,0.09055418666666476,,,1.505,46235.0,0.09107030300472446,,,,
1.509,48162.0,0.09054995682292742,,,1.514,46204.0,0.09107444122932973,,,,
1.52,48155.0,0.0905503328090374,,,1.527,46199.0,0.0910813382703385,,,,
1.532,48177.0,0.09055052080209239,,,1.54,46218.0,0.09103552221220877,,,,
1.545,48164.0,0.09054215511114519,,,1.55,46223.0,0.09103552221220877,,,,
1.555,48168.0,0.09054215511114519,,,1.562,46238.0,0.09103552221220877,,,,
1.568,48174.0,0.09054215511114519,,,1.573,46250.0,0.09103552221220877,,,,
1.58,48175.0,0.09054215511114519,,,1.584,46223.0,0.09103552221220877,,,,
1.591,48183.0,0.09054215511114519,,,1.596,46253.0,0.09103552221220877,,,,
1.603,48168.0,0.09054215511114519,,,1.609,46253.0,0.09103552221220877,,,,
1.614,48150.0,0.09054215511114519,,,1.619,46225.0,0.09103552221220877,,,,
1.626,48158.0,0.09054215511114519,,,1.632,46259.0,0.09103552221220877,,,,
1.639,48162.0,0.09054215511114519,,,1.644,46245.0,0.09103552221220877,,,,
1.65,48167.0,0.09054215511114519,,,,,,,,,
0.245,47928.0,0.09051059796700694,0.245,47928.0,0.25,46837.0,0.090810894158792,0.25,46837.0,0.006000000000000005,2.866666666666664
0.258,47933.0,0.09051059796700694,0.258,47933.0,0.264,46854.0,0.090810894158792,0.264,46854.0,,
0.271,47936.0,0.09051059796700694,,,0.275,46825.0,0.090810894158792,,,,
0.28,47902.0,0.09051059796700694,,,0.285,46845.0,0.090810894158792,,,,
0.292,47983.0,0.09051059796700694,,,0.299,46865.0,0.090810894158792,,,,
0.306,47936.0,0.09051059796700694,,,0.311,46823.0,0.090810894158792,,,,
0.318,47931.0,0.09051059796700694,,,0.322,46845.0,0.090810894158792,,,,
0.328,47923.0,0.09051059796700694,,,0.333,46811.0,0.090810894158792,,,,
0.337,47784.0,0.09051059796700694,,,0.343,46875.0,0.090810894158792,,,,
0.349,48130.0,0.09051059796700694,,,0.353,46974.0,0.090810894158792,,,,
0.358,47967.0,0.09051059796700694,,,0.363,46703.0,0.090810894158792,,,,
0.367,47947.0,0.09051541120590074,,,0.373,46817.0,0.0908132206597664,,,,
0.378,47941.0,0.09052088508542702,,,0.386,46824.0,0.09081486859795658,,,,
0.392,47975.0,0.09052664209665294,,,0.398,46822.0,0.09081990935006778,,,,
0.406,47947.0,0.0905342866525431,,,0.41,46860.0,0.09082543478988198,,,,
0.415,47974.0,0.09053513604764199,,,0.421,46789.0,0.09082824597855936,,,,
0.427,47960.0,0.09054013804100221,,,0.434,46856.0,0.09083483773132014,,,,
0.439,47969.0,0.09054721633349308,,,0.446,46861.0,0.09083871523294414,,,,
0.452,47996.0,0.09055240708131973,,,0.457,46875.0,0.09084608248602973,,,,
0.463,47968.0,0.09057052751009637,,,0.468,46837.0,0.09084782736176052,,,,
0.474,47979.0,0.09055816409254563,,,0.481,46861.0,0.09084007235851253,,,,
0.487,47991.0,0.09056156167294126,,,0.492,46871.0,0.0908591690540107,,,,
0.499,47997.0,0.09056731868416718,,,0.505,46877.0,0.09086769955758346,,,,
0.513,47983.0,0.09057062188732959,,,0.518,46902.0,0.09087409743526306,,,,
0.525,47992.0,0.09057175441412812,,,0.53,46894.0,0.09088030143786144,,,,
0.537,47989.0,0.09057430259942484,,,0.543,46891.0,0.09088699012816283,,,,
0.55,48006.0,0.09057449135389126,,,0.556,46885.0,0.09089784713271,,,,
0.563,47978.0,0.09057486886282412,,,0.569,46887.0,0.0909000766961438,,,,
0.574,47976.0,0.09057307569539308,,,0.581,46893.0,0.0909029848223618,,,,
0.586,47999.0,0.09056410985823797,,,0.593,46894.0,0.090903663385146,,,,
0.6,48003.0,0.09055070829112191,,,0.605,46900.0,0.09092770389521473,,,,
0.611,48008.0,0.09055957975104381,,,0.616,46905.0,0.09090628069874218,,,,
0.623,47976.0,0.09055495526661644,,,0.628,46890.0,0.09090511744825498,,,,
0.635,47987.0,0.0905505195366555,,,0.642,46886.0,0.09090308175990239,,,,
0.649,47974.0,0.09054806572859199,,,0.653,46929.0,0.0909027909472806,,,,
0.658,47976.0,0.09054211996289965,,,0.664,46901.0,0.0909003675087656,,,,
0.67,47964.0,0.09053438102977629,,,0.676,46879.0,0.09089571450681681,,,,
0.684,47950.0,0.09052654771941972,,,0.689,46891.0,0.0908929033181394,,,,
0.696,47901.0,0.09052277263009124,,,0.7,46882.0,0.09088854112881242,,,,
0.706,47826.0,0.09051805376843067,,,0.711,47085.0,0.09088437281456664,,,,
0.715,48073.0,0.0905109754759398,,,0.72,46640.0,0.09087991368769904,,,,
0.727,47942.0,0.09050540721918031,,,0.731,46859.0,0.09087196480936986,,,,
0.736,47950.0,0.0904988951900887,,,0.741,46856.0,0.09086837812036767,,,,
0.746,47957.0,0.09049663013649162,,,0.751,46899.0,0.09086808730774587,,,,
0.756,47929.0,0.09049172252036461,,,0.763,46869.0,0.0908625618679317,,,,
0.77,47907.0,0.09048936308953431,,,0.776,46843.0,0.09085587317763029,,,,
0.782,47923.0,0.09048587113190548,,,0.789,46856.0,0.09085160792584392,,,,
0.794,47938.0,0.09048256792874308,,,0.801,46842.0,0.09084957223749131,,,,
0.807,47926.0,0.09048209604257702,,,0.814,46850.0,0.09084598554848912,,,,
0.82,47924.0,0.09048539924573944,,,0.826,46848.0,0.09084540392324551,,,,
0.831,47944.0,0.09049634700479198,,,0.836,46818.0,0.09082378685169178,,,,
0.842,47939.0,0.09048322856937556,,,0.849,46868.0,0.09084608248602973,,,,
0.855,47952.0,0.09048398358724126,,,0.861,46887.0,0.09084869979962591,,,,
0.867,47935.0,0.0904836060783084,,,0.873,46829.0,0.09085005692519431,,,,
0.88,47949.0,0.09048171853364416,,,0.885,46860.0,0.09084869979962591,,,,
0.892,47939.0,0.09048096351577849,,,0.899,46857.0,0.09085063855043791,,,,
0.906,47929.0,0.09048870244890184,,,0.911,46858.0,0.09085432217698071,,,,
0.918,47945.0,0.09049172252036461,,,0.923,46854.0,0.0908579088659829,,,,
0.93,47936.0,0.09049351568779562,,,0.936,46876.0,0.09086430674366247,,,,
0.942,47942.0,0.09049606387309235,,,0.949,46862.0,0.09086866893298946,,,,
0.955,47934.0,0.09048785305380293,,,0.962,46870.0,0.09087467906050666,,,,
0.967,47950.0,0.09049747953159053,,,0.973,46886.0,0.09089251556797702,,,,
0.978,47946.0,0.09049983896242082,,,0.984,46870.0,0.09088020450032085,,,,
0.991,47937.0,0.09049861205838906,,,0.997,46885.0,0.09088059225048324,,,,
1.004,47921.0,0.09049851768115585,,,1.009,46889.0,0.09088466362718843,,,,
1.016,47989.0,0.09049738515435732,,,1.02,46881.0,0.09088689319062222,,,,
1.027,47955.0,0.09049823454945621,,,1.032,46893.0,0.09089474513141081,,,,
1.039,47957.0,0.09049936707625476,,,1.043,46908.0,0.09089309719322061,,,,
1.049,47953.0,0.09049927269902154,,,1.054,46895.0,0.09089522981911381,,,,
1.061,47837.0,0.09050040522582008,,,1.065,46910.0,0.0908953267566544,,,,
1.072,48046.0,0.0905013489981522,,,1.077,47002.0,0.0908979440702506,,,,
1.084,47964.0,0.09050295341111679,,,1.088,46741.0,0.09090065832138738,,,,
1.094,47939.0,0.09050399156068213,,,1.099,46891.0,0.0909025001346588,,,,
1.103,47934.0,0.09050559597364673,,,1.108,46871.0,0.09090841332463537,,,,
1.115,47937.0,0.09050946544020841,,,1.122,46883.0,0.09091500507739617,,,,
1.126,47948.0,0.09051399554740258,,,1.131,46938.0,0.09091888257902016,,,,
1.137,47941.0,0.09051239113443797,,,1.144,46841.0,0.09092528045669974,,,,
1.149,47944.0,0.09051522245143431,,,1.157,46876.0,0.09093022427127032,,,,
1.162,47948.0,0.09051682686439892,,,1.167,46877.0,0.09093225995962292,,,,
1.172,47952.0,0.09051843127736352,,,1.179,46889.0,0.09093681602403111,,,,
1.185,47951.0,0.090532021598946,,,1.19,46898.0,0.09093720377419352,,,,
1.197,47961.0,0.09052805775515112,,,1.201,46905.0,0.09093148445929812,,,,
1.208,47963.0,0.09053164409001316,,,1.213,46931.0,0.09095300459331127,,,,
1.22,47978.0,0.09053806174187155,,,1.226,46953.0,0.09095891778328787,,,,
1.231,47969.0,0.09054466814819638,,,1.236,46929.0,0.09096676972407645,,,,
1.243,47972.0,0.09054967014155658,,,1.249,46947.0,0.09097248903897183,,,,
1.256,47985.0,0.09055202957238688,,,1.261,46944.0,0.09097433085224323,,,,
1.267,47974.0,0.09055259583578615,,,1.274,46929.0,0.09098489704416861,,,,
1.28,47970.0,0.09056118416400842,,,1.287,46942.0,0.0909919734846324,,,,
1.293,47981.0,0.09056694117523433,,,1.298,46914.0,0.09099972848788038,,,,
1.303,48004.0,0.0905707162645628,,,1.309,46943.0,0.09100515699015395,,,,
1.315,48002.0,0.09057364195879236,,,1.32,46963.0,0.09100951917948094,,,,
1.326,48007.0,0.09056099540954199,,,1.332,46952.0,0.09101785580797253,,,,
1.338,48004.0,0.09058090900574965,,,1.343,46952.0,0.0910341413147933,,,,
1.349,47990.0,0.09058185277808177,,,1.354,46942.0,0.09101620786978233,,,,
1.361,47973.0,0.09058336281381317,,,1.366,46957.0,0.09101746805781012,,,,
1.372,47947.0,0.0905836459455128,,,1.377,46950.0,0.09101291199340193,,,,
1.384,48035.0,0.09058600537634308,,,1.388,46949.0,0.09101087630504935,,,,
1.394,48009.0,0.09058751541207448,,,1.399,46957.0,0.09101678949502592,,,,
1.406,47992.0,0.09058996922013798,,,1.411,46945.0,0.09100699880342536,,,,
1.417,47982.0,0.09058638288527594,,,1.422,46943.0,0.09100661105326295,,,,
1.429,47827.0,0.09058336281381317,,,1.433,46991.0,0.09100350905196376,,,,
1.439,48174.0,0.09058034274235038,,,1.444,47099.0,0.09099236123479479,,,,
1.448,47988.0,0.09057581263515624,,,1.455,46768.0,0.09098887148333319,,,,
1.46,47985.0,0.09057345320432594,,,1.467,46942.0,0.0909835399186002,,,,
1.471,47975.0,0.09057326444985951,,,1.477,46900.0,0.09097888691665142,,,,
1.482,48010.0,0.0905715656596617,,,1.489,46923.0,0.09097404003962144,,,,
1.495,47990.0,0.09057326444985951,,,1.502,46990.0,0.09096977478783504,,,,
1.507,47996.0,0.09056703555246755,,,1.512,46841.0,0.09096444322310204,,,,
1.517,47943.0,0.09056042914614272,,,1.524,46910.0,0.09095882084574726,,,,
1.53,47972.0,0.09055731469744674,,,1.538,46911.0,0.09095513721920448,,,,
1.542,47970.0,0.09055589903894856,,,1.547,46848.0,0.09100350905196376,,,,
1.553,47959.0,0.09058034274235038,,,1.558,46916.0,0.09100350905196376,,,,
1.565,47979.0,0.09058034274235038,,,1.571,46897.0,0.09100350905196376,,,,
1.577,47988.0,0.09058034274235038,,,1.582,46894.0,0.09100350905196376,,,,
1.588,47955.0,0.09058034274235038,,,1.594,46907.0,0.09100350905196376,,,,
1.601,47965.0,0.09058034274235038,,,1.606,46906.0,0.09100350905196376,,,,
1.612,47969.0,0.09058034274235038,,,1.619,46894.0,0.09100350905196376,,,,
1.625,47939.0,0.09058034274235038,,,1.632,46899.0,0.09100350905196376,,,,
1.638,47959.0,0.09058034274235038,,,1.645,46907.0,0.09100350905196376,,,,
1.65,47967.0,0.09058034274235038,,,1.656,46927.0,0.09100350905196376,,,,
1.664,47954.0,0.09058034274235038,,,,,,,,,
