0.245,47960.0,0.245,47960.0,0.25,53435.0,0.25,53435.0,0.04199999999999998,0.4095238095238097
0.258,47970.0,0.258,47970.0,0.264,53403.0,0.264,53403.0,,
0.269,47971.0,0.269,47971.0,0.275,53415.0,0.275,53415.0,,
0.28,47878.0,0.28,47878.0,0.286,53418.0,0.286,53418.0,,
0.292,48047.0,0.292,48047.0,0.299,53388.0,0.299,53388.0,,
0.306,47993.0,0.306,47993.0,0.31,53376.0,0.31,53376.0,,
0.315,48010.0,0.306,47993.0,0.321,53374.0,0.31,53376.0,,
0.325,48032.0,,,0.33,53366.0,,,,
0.335,48028.0,,,0.339,53380.0,,,,
0.346,47640.0,,,0.351,53408.0,,,,
0.355,48385.0,,,0.36,53850.0,,,,
0.366,48111.0,,,0.37,52893.0,,,,
0.375,48070.0,,,0.381,53398.0,,,,
0.386,48109.0,,,0.391,53367.0,,,,
0.396,48106.0,,,0.403,53384.0,,,,
0.409,48114.0,,,0.415,53452.0,,,,
0.421,48106.0,,,0.429,53287.0,,,,
0.434,48123.0,,,0.441,53424.0,,,,
0.445,48138.0,,,0.451,53399.0,,,,
0.456,48115.0,,,0.463,53407.0,,,,
0.468,48137.0,,,0.476,53429.0,,,,
0.482,48134.0,,,0.489,53401.0,,,,
0.494,48140.0,,,0.5,53438.0,,,,
0.507,48147.0,,,0.513,53452.0,,,,
0.52,48153.0,,,0.525,53458.0,,,,
0.532,48173.0,,,0.538,53473.0,,,,
0.543,48153.0,,,0.547,53441.0,,,,
0.555,48166.0,,,0.561,53488.0,,,,
0.567,48180.0,,,0.573,53531.0,,,,
0.58,48187.0,,,0.585,53495.0,,,,
0.592,48188.0,,,0.599,53532.0,,,,
0.605,48229.0,,,0.611,53560.0,,,,
0.618,48218.0,,,0.623,53546.0,,,,
0.63,48213.0,,,0.636,53584.0,,,,
0.644,48216.0,,,0.649,53596.0,,,,
0.655,48247.0,,,0.66,53602.0,,,,
0.665,48156.0,,,0.671,53647.0,,,,
0.678,48351.0,,,0.684,53614.0,,,,
0.691,48265.0,,,0.697,53654.0,,,,
0.703,48266.0,,,0.708,53728.0,,,,
0.713,48240.0,,,0.718,53694.0,,,,
0.722,48267.0,,,0.729,53708.0,,,,
0.734,47890.0,,,0.738,54165.0,,,,
0.743,48756.0,,,0.749,53412.0,,,,
0.753,48293.0,,,0.758,53561.0,,,,
0.763,48286.0,,,0.771,53691.0,,,,
0.777,48287.0,,,0.784,53675.0,,,,
0.789,48291.0,,,0.796,53742.0,,,,
0.8,48255.0,,,0.806,53738.0,,,,
0.812,48307.0,,,0.819,53612.0,,,,
0.824,48280.0,,,0.831,53631.0,,,,
0.837,48242.0,,,0.844,53659.0,,,,
0.849,48265.0,,,0.857,53662.0,,,,
0.862,48261.0,,,0.868,53652.0,,,,
0.875,48253.0,,,0.88,53661.0,,,,
0.887,48274.0,,,0.893,53657.0,,,,
0.899,48282.0,,,0.903,53650.0,,,,
0.91,48269.0,,,0.915,53643.0,,,,
0.922,48260.0,,,0.928,53625.0,,,,
0.935,48259.0,,,0.941,53652.0,,,,
0.948,48257.0,,,0.954,53660.0,,,,
0.96,48245.0,,,0.966,53653.0,,,,
0.973,48230.0,,,0.978,53671.0,,,,
0.986,48222.0,,,0.992,53668.0,,,,
0.997,48281.0,,,1.004,53681.0,,,,
1.01,48267.0,,,1.015,53681.0,,,,
1.021,48261.0,,,1.027,53682.0,,,,
1.034,48279.0,,,1.038,53685.0,,,,
1.043,48197.0,,,1.049,53678.0,,,,
1.056,48354.0,,,1.06,53718.0,,,,
1.065,48285.0,,,1.072,53688.0,,,,
1.079,48285.0,,,1.083,53686.0,,,,
1.088,48273.0,,,1.094,53661.0,,,,
1.101,48280.0,,,1.105,53675.0,,,,
1.111,47857.0,,,1.117,54195.0,,,,
1.124,48576.0,,,1.128,53187.0,,,,
1.133,48274.0,,,1.139,53681.0,,,,
1.143,48259.0,,,1.148,53662.0,,,,
1.155,48272.0,,,1.162,53663.0,,,,
1.166,48271.0,,,1.171,53670.0,,,,
1.177,48275.0,,,1.184,53780.0,,,,
1.189,48266.0,,,1.197,53574.0,,,,
1.201,48268.0,,,1.207,53630.0,,,,
1.212,48276.0,,,1.219,53673.0,,,,
1.225,48279.0,,,1.23,53679.0,,,,
1.236,48273.0,,,1.241,53642.0,,,,
1.248,48294.0,,,1.253,53695.0,,,,
1.26,48286.0,,,1.266,53698.0,,,,
1.271,48289.0,,,1.275,53677.0,,,,
1.283,48298.0,,,1.289,53710.0,,,,
1.296,48293.0,,,1.301,53716.0,,,,
1.307,48295.0,,,1.314,53712.0,,,,
1.319,48313.0,,,1.327,53707.0,,,,
1.333,48320.0,,,1.338,53718.0,,,,
1.342,48316.0,,,1.349,53725.0,,,,
1.355,48306.0,,,1.36,53717.0,,,,
1.364,48305.0,,,1.372,53723.0,,,,
1.378,48314.0,,,1.383,53742.0,,,,
1.389,48323.0,,,1.394,53745.0,,,,
1.401,48336.0,,,1.405,53740.0,,,,
1.412,48313.0,,,1.417,53749.0,,,,
1.424,48242.0,,,1.428,53788.0,,,,
1.434,48393.0,,,1.439,53770.0,,,,
1.446,48364.0,,,1.452,53745.0,,,,
1.459,48335.0,,,1.464,53763.0,,,,
1.469,48348.0,,,1.474,53776.0,,,,
1.481,48321.0,,,1.486,53789.0,,,,
1.491,47942.0,,,1.497,54287.0,,,,
1.504,48704.0,,,1.509,53278.0,,,,
1.514,48364.0,,,1.519,53733.0,,,,
1.524,48356.0,,,1.529,53779.0,,,,
1.534,48384.0,,,1.542,53780.0,,,,
1.546,48384.0,,,1.552,53776.0,,,,
1.557,48386.0,,,1.564,53888.0,,,,
1.57,48361.0,,,1.577,53682.0,,,,
1.582,48383.0,,,1.587,53782.0,,,,
1.593,48385.0,,,1.6,53797.0,,,,
1.605,48394.0,,,1.611,53788.0,,,,
1.616,48400.0,,,1.62,53823.0,,,,
1.628,48398.0,,,1.634,53818.0,,,,
1.641,48400.0,,,1.646,53800.0,,,,
1.652,48366.0,,,1.656,53799.0,,,,
1.664,48412.0,,,1.669,53839.0,,,,
1.676,48402.0,,,1.682,53811.0,,,,
1.687,48390.0,,,1.694,53776.0,,,,
1.7,48388.0,,,1.708,53761.0,,,,
1.713,48406.0,,,1.719,53752.0,,,,
1.726,48384.0,,,1.731,53728.0,,,,
1.738,48371.0,,,1.744,53719.0,,,,
1.752,48351.0,,,1.757,53722.0,,,,
1.764,48367.0,,,1.77,53698.0,,,,
1.775,48333.0,,,1.781,53715.0,,,,
1.786,48355.0,,,1.793,53709.0,,,,
1.8,48337.0,,,1.804,53694.0,,,,
1.809,48231.0,,,1.815,53690.0,,,,
1.822,48435.0,,,1.826,53702.0,,,,
1.831,48340.0,,,1.838,53692.0,,,,
1.844,48347.0,,,1.849,53695.0,,,,
1.854,48316.0,,,1.86,53701.0,,,,
1.866,48120.0,,,1.872,53715.0,,,,
1.88,48596.0,,,1.884,54200.0,,,,
1.89,48484.0,,,1.895,53216.0,,,,
1.902,48317.0,,,1.906,53687.0,,,,
1.912,48321.0,,,1.917,53652.0,,,,
1.922,48340.0,,,1.927,53692.0,,,,
1.933,48312.0,,,1.94,53739.0,,,,
1.944,48336.0,,,1.949,53768.0,,,,
1.955,48311.0,,,1.963,53635.0,,,,
1.968,48339.0,,,1.974,53700.0,,,,
1.98,48319.0,,,1.985,53684.0,,,,
1.99,48323.0,,,1.997,53693.0,,,,
2.003,48314.0,,,2.009,53692.0,,,,
2.015,48339.0,,,2.019,53696.0,,,,
2.026,48348.0,,,2.031,53688.0,,,,
2.038,48334.0,,,2.044,53687.0,,,,
2.05,48324.0,,,2.057,53687.0,,,,
2.063,48318.0,,,2.07,53695.0,,,,
2.075,48317.0,,,2.082,53672.0,,,,
2.088,48313.0,,,2.094,53658.0,,,,
2.101,48330.0,,,2.107,53686.0,,,,
2.114,48338.0,,,2.119,53683.0,,,,
2.126,48339.0,,,2.132,53698.0,,,,
2.138,48328.0,,,2.145,53687.0,,,,
2.151,48336.0,,,2.157,53701.0,,,,
2.161,48326.0,,,2.167,53708.0,,,,
2.173,48324.0,,,2.179,53705.0,,,,
2.185,48337.0,,,2.19,53736.0,,,,
2.197,48260.0,,,2.201,53712.0,,,,
2.207,48447.0,,,2.212,53725.0,,,,
2.22,48352.0,,,2.224,53725.0,,,,
2.23,48344.0,,,2.235,53737.0,,,,
2.242,48342.0,,,2.246,53713.0,,,,
2.252,48037.0,,,2.257,53810.0,,,,
2.265,48749.0,,,2.269,54180.0,,,,
2.275,48421.0,,,2.28,53272.0,,,,
2.284,48370.0,,,2.29,53760.0,,,,
2.295,48362.0,,,2.302,53763.0,,,,
2.307,48390.0,,,2.313,53751.0,,,,
2.318,48374.0,,,2.325,53885.0,,,,
2.331,48389.0,,,2.337,53645.0,,,,
2.342,48382.0,,,2.348,53777.0,,,,
2.353,48381.0,,,2.36,53794.0,,,,
2.366,48390.0,,,2.372,53809.0,,,,
2.377,48384.0,,,2.383,53815.0,,,,
2.388,48419.0,,,2.394,53808.0,,,,
2.401,48407.0,,,2.407,53838.0,,,,
2.413,48430.0,,,2.417,53827.0,,,,
2.423,48410.0,,,2.429,53858.0,,,,
2.437,48429.0,,,2.442,53872.0,,,,
2.448,48434.0,,,2.455,53859.0,,,,
2.46,48399.0,,,2.467,53867.0,,,,
2.473,48441.0,,,2.481,53879.0,,,,
2.486,48431.0,,,2.492,53891.0,,,,
2.499,48433.0,,,2.504,53897.0,,,,
2.511,48439.0,,,2.518,53871.0,,,,
2.525,48400.0,,,2.53,53889.0,,,,
2.536,48450.0,,,2.543,53901.0,,,,
2.549,48457.0,,,2.554,53883.0,,,,
2.558,48456.0,,,2.566,53897.0,,,,
2.571,48364.0,,,2.577,53878.0,,,,
2.582,48525.0,,,2.588,53903.0,,,,
2.595,48491.0,,,2.599,53882.0,,,,
2.605,48472.0,,,2.611,53906.0,,,,
2.618,48456.0,,,2.622,53902.0,,,,
2.627,48472.0,,,2.633,53889.0,,,,
2.64,48112.0,,,2.644,54410.0,,,,
2.65,48954.0,,,2.656,53353.0,,,,
2.663,48425.0,,,2.667,53843.0,,,,
2.672,48471.0,,,2.678,53850.0,,,,
2.682,48442.0,,,2.688,53846.0,,,,
2.694,48445.0,,,2.701,53860.0,,,,
2.705,48418.0,,,2.71,54012.0,,,,
2.716,48438.0,,,2.723,53697.0,,,,
2.727,48434.0,,,2.733,53843.0,,,,
2.739,48455.0,,,2.746,53819.0,,,,
2.751,48434.0,,,2.757,53835.0,,,,
2.762,48443.0,,,2.768,53810.0,,,,
2.774,48432.0,,,2.78,53820.0,,,,
2.787,48416.0,,,2.792,53815.0,,,,
2.798,48478.0,,,2.802,53802.0,,,,
2.809,48449.0,,,2.814,53822.0,,,,
2.822,48449.0,,,2.828,53814.0,,,,
2.833,48416.0,,,2.84,53810.0,,,,
2.846,48403.0,,,2.853,53822.0,,,,
2.859,48426.0,,,2.866,53820.0,,,,
2.872,48419.0,,,2.877,53813.0,,,,
2.884,48426.0,,,2.89,53812.0,,,,
2.897,48435.0,,,2.903,53838.0,,,,
2.91,48430.0,,,2.916,53809.0,,,,
2.923,48430.0,,,2.928,53824.0,,,,
2.934,48438.0,,,2.939,53846.0,,,,
2.946,48437.0,,,2.951,53827.0,,,,
2.958,48392.0,,,2.962,53829.0,,,,
2.968,48550.0,,,2.973,53837.0,,,,
2.98,48469.0,,,2.984,53856.0,,,,
2.991,48442.0,,,2.996,53852.0,,,,
3.003,48474.0,,,3.007,53856.0,,,,
3.013,48044.0,,,3.018,54037.0,,,,
3.025,48923.0,,,3.03,54157.0,,,,
3.036,48463.0,,,3.041,53374.0,,,,
3.045,48451.0,,,3.051,53849.0,,,,
3.056,48478.0,,,3.063,53853.0,,,,
3.067,48438.0,,,3.074,53843.0,,,,
3.079,48466.0,,,3.086,53991.0,,,,
3.091,48460.0,,,3.098,53720.0,,,,
3.103,48462.0,,,3.108,53864.0,,,,
3.113,48465.0,,,3.121,53874.0,,,,
3.127,48462.0,,,3.132,53884.0,,,,
3.138,48479.0,,,3.142,53890.0,,,,
3.149,48491.0,,,3.154,53880.0,,,,
3.161,48506.0,,,3.165,53901.0,,,,
3.172,48474.0,,,3.177,53895.0,,,,
3.184,48501.0,,,3.19,53906.0,,,,
3.196,48496.0,,,3.201,53851.0,,,,
3.207,48493.0,,,3.213,53907.0,,,,
3.22,48497.0,,,3.225,53908.0,,,,
3.231,48503.0,,,3.238,53907.0,,,,
3.244,48492.0,,,3.251,53901.0,,,,
3.257,48492.0,,,3.262,53923.0,,,,
3.267,48496.0,,,3.273,53932.0,,,,
3.279,48505.0,,,3.284,53925.0,,,,
3.29,48518.0,,,3.296,53913.0,,,,
3.302,48519.0,,,3.307,53926.0,,,,
3.313,48517.0,,,3.318,53931.0,,,,
3.325,48506.0,,,3.33,53920.0,,,,
3.336,48394.0,,,3.341,53915.0,,,,
3.348,48587.0,,,3.354,53957.0,,,,
3.361,48510.0,,,3.365,53932.0,,,,
3.371,48512.0,,,3.377,53933.0,,,,
3.384,48513.0,,,3.388,53936.0,,,,
3.393,48115.0,,,3.399,54125.0,,,,
3.406,49026.0,,,3.41,54266.0,,,,
3.416,48544.0,,,3.422,53743.0,,,,
3.428,48559.0,,,3.433,53976.0,,,,
3.438,48534.0,,,3.444,54001.0,,,,
3.448,48558.0,,,3.453,53964.0,,,,
3.459,48521.0,,,3.466,54122.0,,,,
3.471,48579.0,,,3.476,53789.0,,,,
3.481,48541.0,,,3.488,53968.0,,,,
3.494,48533.0,,,3.501,53968.0,,,,
3.506,48534.0,,,3.512,53943.0,,,,
3.517,48544.0,,,3.524,53955.0,,,,
3.529,48533.0,,,3.535,53939.0,,,,
3.542,48532.0,,,3.546,53938.0,,,,
3.552,48515.0,,,3.558,53922.0,,,,
3.565,48508.0,,,3.57,53942.0,,,,
3.576,48504.0,,,3.58,53918.0,,,,
3.588,48512.0,,,3.593,53926.0,,,,
3.6,48504.0,,,3.606,53937.0,,,,
3.611,48488.0,,,3.618,53926.0,,,,
3.624,48498.0,,,3.632,53931.0,,,,
3.637,48498.0,,,3.643,53899.0,,,,
3.647,48508.0,,,3.654,53949.0,,,,
3.659,48495.0,,,3.665,53940.0,,,,
3.67,48500.0,,,3.677,53922.0,,,,
3.682,48496.0,,,3.688,53928.0,,,,
3.693,48494.0,,,3.699,53907.0,,,,
3.706,48483.0,,,3.71,53935.0,,,,
3.716,48395.0,,,3.722,53935.0,,,,
3.729,48564.0,,,3.733,53930.0,,,,
3.738,48511.0,,,3.744,53939.0,,,,
3.751,48489.0,,,3.756,53942.0,,,,
3.761,48485.0,,,3.767,53929.0,,,,
3.774,48058.0,,,3.779,54119.0,,,,
3.786,48988.0,,,3.79,54164.0,,,,
3.796,48512.0,,,3.802,53761.0,,,,
3.809,48511.0,,,3.813,53938.0,,,,
3.819,48507.0,,,3.824,53954.0,,,,
3.828,48523.0,,,3.833,53924.0,,,,
3.84,48487.0,,,3.847,54070.0,,,,
3.851,48495.0,,,3.856,53777.0,,,,
3.862,48473.0,,,3.869,53945.0,,,,
3.874,48507.0,,,3.881,53929.0,,,,
3.887,48496.0,,,3.892,53918.0,,,,
3.897,48505.0,,,3.904,53927.0,,,,
3.91,48489.0,,,3.915,53928.0,,,,
3.921,48501.0,,,3.926,53905.0,,,,
3.933,48507.0,,,3.938,53931.0,,,,
3.945,48499.0,,,3.951,53948.0,,,,
3.956,48493.0,,,3.961,53891.0,,,,
3.968,48506.0,,,3.974,53927.0,,,,
3.981,48515.0,,,3.986,53948.0,,,,
3.992,48502.0,,,3.999,53925.0,,,,
4.004,48507.0,,,4.012,53926.0,,,,
4.018,48505.0,,,4.023,53908.0,,,,
4.028,48518.0,,,4.034,53937.0,,,,
4.04,48507.0,,,4.045,53948.0,,,,
4.049,48526.0,,,4.057,53947.0,,,,
4.063,48519.0,,,4.068,53947.0,,,,
4.074,48523.0,,,4.079,53939.0,,,,
4.086,48508.0,,,4.09,53943.0,,,,
4.097,48408.0,,,4.102,53953.0,,,,
4.109,48547.0,,,4.113,53963.0,,,,
4.119,48522.0,,,4.124,53927.0,,,,
4.131,48527.0,,,4.135,53950.0,,,,
4.142,48516.0,,,4.147,53939.0,,,,
4.154,48068.0,,,4.158,54060.0,,,,
4.164,48959.0,,,4.169,54320.0,,,,
4.173,48589.0,,,4.179,53500.0,,,,
4.185,48500.0,,,4.192,53949.0,,,,
4.196,48545.0,,,4.202,53965.0,,,,
4.207,48529.0,,,4.214,53955.0,,,,
4.219,48539.0,,,4.227,54115.0,,,,
4.232,48525.0,,,4.237,53784.0,,,,
4.242,48545.0,,,4.249,53968.0,,,,
4.255,48556.0,,,4.26,53963.0,,,,
4.267,48540.0,,,4.272,53955.0,,,,
4.278,48552.0,,,4.285,53948.0,,,,
4.29,48550.0,,,4.296,53939.0,,,,
4.301,48576.0,,,4.306,53927.0,,,,
4.313,48547.0,,,4.319,53938.0,,,,
4.326,48511.0,,,4.331,53921.0,,,,
4.337,48522.0,,,4.344,53902.0,,,,
4.349,48534.0,,,4.357,53900.0,,,,
4.363,48508.0,,,4.37,53895.0,,,,
4.375,48513.0,,,4.381,53922.0,,,,
4.388,48497.0,,,4.393,53922.0,,,,
4.401,48509.0,,,4.407,53908.0,,,,
4.414,48531.0,,,4.419,53911.0,,,,
4.425,48487.0,,,4.432,53907.0,,,,
4.438,48510.0,,,4.444,53896.0,,,,
4.448,48507.0,,,4.455,53894.0,,,,
4.46,48498.0,,,4.466,53885.0,,,,
4.471,48391.0,,,4.477,53903.0,,,,
4.485,48608.0,,,4.489,53907.0,,,,
4.494,48499.0,,,4.5,53918.0,,,,
4.507,48490.0,,,4.511,53890.0,,,,
4.516,48480.0,,,4.523,53886.0,,,,
4.53,48269.0,,,4.534,53884.0,,,,
4.539,48321.0,,,4.545,54376.0,,,,
4.549,48889.0,,,4.554,53399.0,,,,
4.56,48471.0,,,4.567,53875.0,,,,
4.572,48498.0,,,4.577,53872.0,,,,
4.583,48457.0,,,4.589,53898.0,,,,
4.595,48469.0,,,4.602,53942.0,,,,
4.606,48416.0,,,4.613,53950.0,,,,
4.618,48468.0,,,4.625,53803.0,,,,
4.63,48458.0,,,4.636,53860.0,,,,
4.642,48468.0,,,4.647,53872.0,,,,
4.653,48476.0,,,4.659,53864.0,,,,
4.666,48459.0,,,4.671,53865.0,,,,
4.677,48500.0,,,4.681,53877.0,,,,
4.688,48467.0,,,4.694,53882.0,,,,
4.7,48481.0,,,4.704,53864.0,,,,
4.711,48456.0,,,4.716,53847.0,,,,
4.723,48449.0,,,4.729,53859.0,,,,
4.734,48459.0,,,4.742,53846.0,,,,
4.748,48447.0,,,4.755,53848.0,,,,
4.76,48448.0,,,4.766,53840.0,,,,
4.77,48441.0,,,4.777,53837.0,,,,
4.783,48459.0,,,4.789,53841.0,,,,
4.793,48428.0,,,4.8,53838.0,,,,
4.805,48459.0,,,4.812,53862.0,,,,
4.818,48454.0,,,4.824,53863.0,,,,
4.829,48476.0,,,4.835,53867.0,,,,
4.841,48458.0,,,4.846,53847.0,,,,
4.852,48373.0,,,4.857,53868.0,,,,
4.865,48582.0,,,4.869,53848.0,,,,
4.875,48469.0,,,4.88,53858.0,,,,
4.887,48500.0,,,4.891,53858.0,,,,
4.897,48486.0,,,4.902,53888.0,,,,
4.91,48259.0,,,4.914,53871.0,,,,
4.92,48493.0,,,4.925,54353.0,,,,
4.932,48577.0,,,4.936,53361.0,,,,
4.942,48492.0,,,4.947,53878.0,,,,
4.952,48481.0,,,4.958,53900.0,,,,
4.963,48521.0,,,4.97,53899.0,,,,
4.974,48456.0,,,4.98,53887.0,,,,
4.985,48482.0,,,4.993,53907.0,,,,
4.998,48491.0,,,5.005,53903.0,,,,
5.01,48501.0,,,5.015,53886.0,,,,
5.02,48512.0,,,5.027,53907.0,,,,
5.033,48503.0,,,5.04,53924.0,,,,
5.045,48502.0,,,5.049,53905.0,,,,
5.056,48523.0,,,5.061,53921.0,,,,
5.068,48542.0,,,5.074,53927.0,,,,
5.081,48503.0,,,5.085,53900.0,,,,
5.091,48516.0,,,5.097,53936.0,,,,
5.104,48545.0,,,5.109,53938.0,,,,
5.115,48491.0,,,5.123,53932.0,,,,
5.128,48525.0,,,5.135,53940.0,,,,
5.141,48537.0,,,5.147,53904.0,,,,
5.151,48536.0,,,5.157,53925.0,,,,
5.164,48547.0,,,5.169,53915.0,,,,
5.174,48505.0,,,5.18,53881.0,,,,
5.186,48518.0,,,5.193,53871.0,,,,
5.198,48532.0,,,5.204,53891.0,,,,
5.209,48515.0,,,5.216,53858.0,,,,
5.221,48515.0,,,5.227,53855.0,,,,
5.232,48392.0,,,5.238,53863.0,,,,
5.245,48595.0,,,5.25,53827.0,,,,
5.255,48507.0,,,5.261,53806.0,,,,
5.268,48511.0,,,5.272,53831.0,,,,
5.277,48484.0,,,5.283,53835.0,,,,
5.291,48084.0,,,5.295,53915.0,,,,
5.3,48918.0,,,5.306,53833.0,,,,
5.313,48482.0,,,5.317,53555.0,,,,
5.322,48491.0,,,5.328,53866.0,,,,
5.332,48479.0,,,5.338,53836.0,,,,
5.343,48522.0,,,5.35,53837.0,,,,
5.355,48455.0,,,5.36,53966.0,,,,
5.365,48491.0,,,5.372,53694.0,,,,
5.379,48486.0,,,5.386,53837.0,,,,
5.39,48468.0,,,5.395,53822.0,,,,
5.401,48480.0,,,5.408,53842.0,,,,
5.413,48485.0,,,5.42,53833.0,,,,
5.426,48489.0,,,5.43,53805.0,,,,
5.436,48481.0,,,5.442,53832.0,,,,
5.449,48496.0,,,5.454,53829.0,,,,
5.46,48482.0,,,5.465,53853.0,,,,
5.472,48477.0,,,5.477,53862.0,,,,
5.484,48489.0,,,5.49,53853.0,,,,
5.495,48473.0,,,5.502,53842.0,,,,
5.509,48470.0,,,5.516,53849.0,,,,
5.521,48464.0,,,5.527,53829.0,,,,
5.531,48470.0,,,5.538,53850.0,,,,
5.543,48467.0,,,5.55,53838.0,,,,
5.554,48461.0,,,5.561,53839.0,,,,
5.566,48472.0,,,5.572,53843.0,,,,
5.577,48467.0,,,5.583,53841.0,,,,
5.591,48468.0,,,5.595,53829.0,,,,
5.6,48405.0,,,5.606,53834.0,,,,
5.613,48545.0,,,5.617,53835.0,,,,
5.622,48466.0,,,5.628,53868.0,,,,
5.636,48469.0,,,5.64,53864.0,,,,
5.645,48441.0,,,5.651,53870.0,,,,
5.658,48456.0,,,5.663,53877.0,,,,
5.67,48216.0,,,5.675,54396.0,,,,
5.681,48879.0,,,5.686,53356.0,,,,
5.693,48520.0,,,5.697,53859.0,,,,
5.703,48462.0,,,5.708,53847.0,,,,
5.712,48513.0,,,5.719,53878.0,,,,
5.724,48466.0,,,5.731,53918.0,,,,
5.735,48489.0,,,5.741,53972.0,,,,
5.746,48473.0,,,5.753,53798.0,,,,
5.758,48475.0,,,5.766,53896.0,,,,
5.771,48496.0,,,5.776,53866.0,,,,
5.781,48496.0,,,5.788,53916.0,,,,
5.794,48489.0,,,5.799,53911.0,,,,
5.806,48497.0,,,5.81,53915.0,,,,
5.817,48504.0,,,5.822,53914.0,,,,
5.829,48490.0,,,5.835,53918.0,,,,
5.84,48497.0,,,5.846,53890.0,,,,
5.852,48507.0,,,5.858,53926.0,,,,
5.865,48506.0,,,5.87,53932.0,,,,
5.876,48497.0,,,5.883,53928.0,,,,
5.889,48509.0,,,5.896,53945.0,,,,
5.902,48507.0,,,5.907,53934.0,,,,
5.912,48522.0,,,5.918,53955.0,,,,
5.924,48520.0,,,5.929,53943.0,,,,
5.935,48519.0,,,5.941,53927.0,,,,
5.947,48533.0,,,5.952,53950.0,,,,
5.958,48536.0,,,5.963,53961.0,,,,
5.97,48507.0,,,5.975,53945.0,,,,
5.981,48436.0,,,5.986,53956.0,,,,
5.993,48638.0,,,5.997,53996.0,,,,
6.003,48516.0,,,,,,,,
0.245,47521.0,0.258,47511.0,0.25,49809.0,0.25,49809.0,0.008000000000000007,2.149999999999998
0.258,47511.0,,,0.264,49794.0,0.264,49794.0,,
0.269,47486.0,,,0.275,49806.0,,,,
0.28,47369.0,,,0.285,49820.0,,,,
0.292,47538.0,,,0.299,49798.0,,,,
0.306,47425.0,,,0.311,49803.0,,,,
0.318,47411.0,,,0.322,49821.0,,,,
0.328,47387.0,,,0.333,49824.0,,,,
0.34,47269.0,,,0.346,49830.0,,,,
0.353,47598.0,,,0.357,50274.0,,,,
0.363,47552.0,,,0.368,49404.0,,,,
0.372,47431.0,,,0.377,49812.0,,,,
0.384,47439.0,,,0.388,49829.0,,,,
0.393,47432.0,,,0.399,49843.0,,,,
0.404,47433.0,,,0.411,49840.0,,,,
0.415,47451.0,,,0.42,49968.0,,,,
0.427,47514.0,,,0.433,49768.0,,,,
0.439,47524.0,,,0.446,49833.0,,,,
0.451,47557.0,,,0.458,49867.0,,,,
0.464,47565.0,,,0.472,49880.0,,,,
0.477,47581.0,,,0.483,49883.0,,,,
0.489,47589.0,,,0.495,49890.0,,,,
0.502,47603.0,,,0.507,49873.0,,,,
0.514,47608.0,,,0.518,49865.0,,,,
0.525,47618.0,,,0.53,49913.0,,,,
0.537,47642.0,,,0.542,49826.0,,,,
0.549,47651.0,,,0.556,49904.0,,,,
0.563,47656.0,,,0.568,49919.0,,,,
0.575,47677.0,,,0.581,49923.0,,,,
0.587,47688.0,,,0.593,49937.0,,,,
0.599,47680.0,,,0.606,49956.0,,,,
0.612,47758.0,,,0.619,49972.0,,,,
0.624,47792.0,,,0.63,49979.0,,,,
0.635,47788.0,,,0.641,49994.0,,,,
0.648,47811.0,,,0.654,50009.0,,,,
0.661,47788.0,,,0.666,50037.0,,,,
0.673,47884.0,,,0.677,50045.0,,,,
0.684,47895.0,,,0.689,50075.0,,,,
0.696,47865.0,,,0.701,50057.0,,,,
0.708,47862.0,,,0.714,50081.0,,,,
0.72,47863.0,,,0.726,50100.0,,,,
0.731,47443.0,,,0.736,50487.0,,,,
0.74,48354.0,,,0.746,50044.0,,,,
0.751,47932.0,,,0.755,49895.0,,,,
0.76,47930.0,,,0.766,50144.0,,,,
0.771,47936.0,,,0.776,50178.0,,,,
0.782,47943.0,,,0.788,50155.0,,,,
0.794,47927.0,,,0.801,50337.0,,,,
0.806,47945.0,,,0.814,50071.0,,,,
0.82,47986.0,,,0.826,50208.0,,,,
0.832,47981.0,,,0.838,50198.0,,,,
0.843,47987.0,,,0.848,50188.0,,,,
0.855,47991.0,,,0.862,50216.0,,,,
0.867,47986.0,,,0.874,50219.0,,,,
0.88,47989.0,,,0.885,50227.0,,,,
0.892,48029.0,,,0.898,50244.0,,,,
0.905,48004.0,,,0.911,50237.0,,,,
0.918,48007.0,,,0.923,50247.0,,,,
0.93,48025.0,,,0.935,50245.0,,,,
0.942,48035.0,,,0.949,50252.0,,,,
0.954,48023.0,,,0.961,50255.0,,,,
0.967,48012.0,,,0.974,50259.0,,,,
0.979,48027.0,,,0.987,50274.0,,,,
0.992,48016.0,,,0.998,50281.0,,,,
1.003,48045.0,,,1.009,50287.0,,,,
1.016,48031.0,,,1.021,50292.0,,,,
1.028,48028.0,,,1.033,50298.0,,,,
1.039,48050.0,,,1.044,50309.0,,,,
1.051,47971.0,,,1.055,50318.0,,,,
1.061,48179.0,,,1.067,50337.0,,,,
1.074,48103.0,,,1.078,50344.0,,,,
1.084,48062.0,,,1.089,50313.0,,,,
1.096,48075.0,,,1.1,50330.0,,,,
1.106,48017.0,,,1.112,50374.0,,,,
1.119,48069.0,,,1.123,50861.0,,,,
1.129,48358.0,,,1.134,49914.0,,,,
1.138,48070.0,,,1.144,50381.0,,,,
1.148,48069.0,,,1.154,50423.0,,,,
1.16,48062.0,,,1.166,50431.0,,,,
1.172,48097.0,,,1.179,50445.0,,,,
1.183,48047.0,,,1.189,50582.0,,,,
1.195,48059.0,,,1.202,50356.0,,,,
1.207,48072.0,,,1.214,50468.0,,,,
1.219,48065.0,,,1.224,50479.0,,,,
1.229,48070.0,,,1.236,50489.0,,,,
1.243,48053.0,,,1.248,50473.0,,,,
1.254,48051.0,,,1.258,50488.0,,,,
1.265,48050.0,,,1.27,50514.0,,,,
1.277,48060.0,,,1.284,50531.0,,,,
1.289,48019.0,,,1.294,50529.0,,,,
1.3,48022.0,,,1.306,50552.0,,,,
1.313,48027.0,,,1.318,50546.0,,,,
1.325,47984.0,,,1.332,50545.0,,,,
1.337,47966.0,,,1.344,50560.0,,,,
1.35,47986.0,,,1.355,50527.0,,,,
1.36,47970.0,,,1.367,50539.0,,,,
1.373,47964.0,,,1.378,50533.0,,,,
1.383,47963.0,,,1.389,50536.0,,,,
1.395,47934.0,,,1.4,50540.0,,,,
1.406,47904.0,,,1.412,50520.0,,,,
1.419,47924.0,,,1.423,50524.0,,,,
1.429,47848.0,,,1.434,50512.0,,,,
1.441,47933.0,,,1.447,50529.0,,,,
1.455,47932.0,,,1.459,50517.0,,,,
1.464,47888.0,,,1.47,50520.0,,,,
1.477,47914.0,,,1.481,50507.0,,,,
1.486,47891.0,,,1.492,50516.0,,,,
1.5,47482.0,,,1.504,50718.0,,,,
1.509,48350.0,,,1.515,50272.0,,,,
1.522,47922.0,,,1.526,50349.0,,,,
1.531,47873.0,,,1.538,50467.0,,,,
1.542,47867.0,,,1.547,50506.0,,,,
1.553,47850.0,,,1.559,50504.0,,,,
1.564,47862.0,,,1.569,50640.0,,,,
1.575,47843.0,,,1.582,50382.0,,,,
1.588,47837.0,,,1.594,50491.0,,,,
1.599,47827.0,,,1.605,50517.0,,,,
1.61,47819.0,,,1.617,50488.0,,,,
1.622,47824.0,,,1.628,50519.0,,,,
1.633,47798.0,,,1.64,50494.0,,,,
1.645,47819.0,,,1.651,50487.0,,,,
1.657,47820.0,,,,,,,,
0.245,52654.0,0.245,52654.0,0.25,51283.0,0.25,51283.0,0.008000000000000007,2.149999999999998
0.258,52677.0,0.258,52677.0,0.264,51270.0,0.264,51270.0,,
0.269,52674.0,,,0.275,51240.0,,,,
0.28,52533.0,,,0.285,51268.0,,,,
0.292,52824.0,,,0.299,51267.0,,,,
0.306,52665.0,,,0.311,51246.0,,,,
0.318,52648.0,,,0.322,51249.0,,,,
0.328,52625.0,,,0.333,51259.0,,,,
0.337,52199.0,,,0.343,51292.0,,,,
0.349,53000.0,,,0.353,51804.0,,,,
0.358,52753.0,,,0.363,50705.0,,,,
0.367,52649.0,,,0.373,51279.0,,,,
0.378,52621.0,,,0.386,51266.0,,,,
0.391,52638.0,,,0.398,51268.0,,,,
0.404,52600.0,,,0.411,51425.0,,,,
0.416,52634.0,,,0.423,51086.0,,,,
0.428,52639.0,,,0.434,51233.0,,,,
0.439,52633.0,,,0.446,51270.0,,,,
0.451,52627.0,,,0.458,51291.0,,,,
0.464,52622.0,,,0.471,51223.0,,,,
0.477,52629.0,,,0.483,51253.0,,,,
0.489,52627.0,,,0.495,51258.0,,,,
0.502,52632.0,,,0.507,51275.0,,,,
0.515,52648.0,,,0.521,51265.0,,,,
0.527,52628.0,,,0.533,51257.0,,,,
0.54,52631.0,,,0.545,51265.0,,,,
0.551,52622.0,,,0.559,51256.0,,,,
0.564,52582.0,,,0.571,51246.0,,,,
0.577,52624.0,,,0.583,51250.0,,,,
0.589,52635.0,,,0.594,51252.0,,,,
0.601,52627.0,,,0.606,51249.0,,,,
0.613,52628.0,,,0.619,51262.0,,,,
0.625,52629.0,,,0.631,51256.0,,,,
0.638,52620.0,,,0.643,51297.0,,,,
0.648,52453.0,,,0.654,51228.0,,,,
0.66,52710.0,,,0.666,51248.0,,,,
0.673,52637.0,,,0.678,51283.0,,,,
0.686,52647.0,,,0.69,51260.0,,,,
0.696,52640.0,,,0.701,51268.0,,,,
0.705,52123.0,,,0.71,51475.0,,,,
0.716,53193.0,,,0.72,51411.0,,,,
0.726,52651.0,,,0.732,50919.0,,,,
0.736,52653.0,,,0.741,51281.0,,,,
0.746,52633.0,,,0.75,51279.0,,,,
0.756,52647.0,,,0.761,51278.0,,,,
0.765,52647.0,,,0.771,51397.0,,,,
0.777,52638.0,,,0.784,51159.0,,,,
0.789,52640.0,,,0.796,51273.0,,,,
0.801,52653.0,,,0.808,51311.0,,,,
0.815,52658.0,,,0.822,51321.0,,,,
0.827,52639.0,,,0.833,51306.0,,,,
0.84,52670.0,,,0.845,51318.0,,,,
0.852,52677.0,,,0.858,51318.0,,,,
0.864,52666.0,,,0.868,51300.0,,,,
0.875,52664.0,,,0.88,51307.0,,,,
0.887,52669.0,,,0.893,51291.0,,,,
0.9,52672.0,,,0.906,51305.0,,,,
0.913,52672.0,,,0.918,51307.0,,,,
0.925,52680.0,,,0.931,51327.0,,,,
0.937,52702.0,,,0.944,51326.0,,,,
0.951,52678.0,,,0.956,51327.0,,,,
0.963,52686.0,,,0.969,51339.0,,,,
0.974,52682.0,,,0.982,51329.0,,,,
0.988,52670.0,,,0.993,51314.0,,,,
0.998,52702.0,,,1.004,51321.0,,,,
1.011,52552.0,,,1.016,51324.0,,,,
1.024,52870.0,,,1.028,51314.0,,,,
1.034,52703.0,,,1.039,51296.0,,,,
1.046,52684.0,,,1.05,51284.0,,,,
1.056,52709.0,,,1.061,51298.0,,,,
1.069,52325.0,,,1.073,51322.0,,,,
1.079,52963.0,,,1.084,51684.0,,,,
1.091,52733.0,,,1.095,50863.0,,,,
1.101,52713.0,,,1.106,51331.0,,,,
1.111,52701.0,,,1.117,51322.0,,,,
1.122,52726.0,,,1.129,51323.0,,,,
1.133,52709.0,,,1.139,51447.0,,,,
1.144,52716.0,,,1.152,51135.0,,,,
1.157,52727.0,,,1.164,51295.0,,,,
1.169,52714.0,,,1.174,51293.0,,,,
1.179,52722.0,,,1.186,51259.0,,,,
1.192,52721.0,,,1.199,51290.0,,,,
1.204,52710.0,,,1.208,51282.0,,,,
1.215,52716.0,,,1.22,51269.0,,,,
1.227,52693.0,,,1.233,51255.0,,,,
1.24,52692.0,,,1.244,51283.0,,,,
1.25,52719.0,,,1.256,51266.0,,,,
1.263,52688.0,,,1.268,51290.0,,,,
1.275,52715.0,,,1.282,51268.0,,,,
1.287,52679.0,,,1.294,51286.0,,,,
1.3,52693.0,,,1.307,51301.0,,,,
1.312,52699.0,,,1.318,51272.0,,,,
1.323,52675.0,,,1.33,51289.0,,,,
1.335,52676.0,,,1.341,51292.0,,,,
1.345,52675.0,,,1.352,51303.0,,,,
1.357,52694.0,,,1.363,51292.0,,,,
1.369,52687.0,,,1.375,51292.0,,,,
1.382,52552.0,,,1.386,51285.0,,,,
1.391,52834.0,,,1.397,51306.0,,,,
1.404,52712.0,,,1.409,51313.0,,,,
1.414,52702.0,,,1.42,51299.0,,,,
1.426,52699.0,,,1.431,51319.0,,,,
1.436,52214.0,,,1.442,51663.0,,,,
1.448,53259.0,,,1.454,51262.0,,,,
1.459,52714.0,,,1.465,51117.0,,,,
1.469,52715.0,,,1.474,51337.0,,,,
1.479,52709.0,,,1.486,51340.0,,,,
1.491,52695.0,,,1.497,51289.0,,,,
1.502,52724.0,,,1.509,51535.0,,,,
1.515,52720.0,,,1.522,51214.0,,,,
1.526,52702.0,,,1.531,51352.0,,,,
1.538,52717.0,,,1.545,51361.0,,,,
1.55,52732.0,,,1.556,51372.0,,,,
1.562,52726.0,,,1.567,51400.0,,,,
1.572,52723.0,,,1.579,51398.0,,,,
1.586,52727.0,,,1.591,51388.0,,,,
1.597,52737.0,,,1.601,51387.0,,,,
1.608,52743.0,,,1.613,51418.0,,,,
1.62,52748.0,,,1.627,51431.0,,,,
1.632,52758.0,,,1.639,51438.0,,,,
1.645,52743.0,,,1.652,51472.0,,,,
1.657,52757.0,,,,,,,,
0.244,55119.0,0.244,55119.0,0.25,53712.0,0.25,53712.0,0.017000000000000015,1.011764705882352
0.256,55100.0,0.256,55100.0,0.261,53715.0,0.261,53715.0,,
0.268,55082.0,,,0.272,53687.0,,,,
0.278,54991.0,,,0.283,53721.0,,,,
0.29,55173.0,,,0.296,53711.0,,,,
0.303,55140.0,,,0.308,53681.0,,,,
0.313,55119.0,,,0.318,53724.0,,,,
0.325,55113.0,,,0.33,53718.0,,,,
0.335,54565.0,,,0.34,54134.0,,,,
0.345,55742.0,,,0.351,53610.0,,,,
0.356,55135.0,,,0.36,53476.0,,,,
0.366,55113.0,,,0.371,53693.0,,,,
0.375,55124.0,,,0.38,53750.0,,,,
0.387,55160.0,,,0.394,53744.0,,,,
0.398,55143.0,,,0.403,53916.0,,,,
0.409,55078.0,,,0.416,53581.0,,,,
0.421,55110.0,,,0.429,53762.0,,,,
0.434,55132.0,,,0.44,53770.0,,,,
0.446,55117.0,,,0.451,53794.0,,,,
0.456,55132.0,,,0.463,53775.0,,,,
0.47,55143.0,,,0.475,53785.0,,,,
0.482,55139.0,,,0.488,53765.0,,,,
0.493,55159.0,,,0.498,53777.0,,,,
0.504,55154.0,,,0.51,53774.0,,,,
0.518,55172.0,,,0.523,53774.0,,,,
0.53,55174.0,,,0.536,53779.0,,,,
0.541,55198.0,,,0.548,53788.0,,,,
0.555,55201.0,,,0.562,53766.0,,,,
0.567,55190.0,,,0.573,53822.0,,,,
0.577,55193.0,,,0.583,53811.0,,,,
0.589,55214.0,,,0.595,53804.0,,,,
0.601,55195.0,,,0.606,53805.0,,,,
0.613,55212.0,,,0.619,53809.0,,,,
0.624,55206.0,,,0.63,53800.0,,,,
0.635,55103.0,,,0.642,53813.0,,,,
0.649,55364.0,,,0.653,53809.0,,,,
0.658,55220.0,,,0.664,53833.0,,,,
0.67,55234.0,,,0.676,53839.0,,,,
0.684,55235.0,,,0.688,53823.0,,,,
0.693,55054.0,,,0.699,53831.0,,,,
0.706,55554.0,,,0.71,54475.0,,,,
0.715,55424.0,,,0.721,53185.0,,,,
0.726,55231.0,,,0.731,53787.0,,,,
0.737,55224.0,,,0.741,53840.0,,,,
0.746,55237.0,,,0.75,53840.0,,,,
0.755,55257.0,,,0.761,53847.0,,,,
0.766,55230.0,,,0.774,53910.0,,,,
0.78,55282.0,,,0.787,53807.0,,,,
0.791,55273.0,,,0.796,53823.0,,,,
0.802,55279.0,,,0.808,53818.0,,,,
0.815,55263.0,,,0.821,53838.0,,,,
0.826,55272.0,,,0.832,53839.0,,,,
0.837,55292.0,,,0.844,53776.0,,,,
0.849,55285.0,,,0.856,53801.0,,,,
0.863,55256.0,,,0.868,53816.0,,,,
0.875,55268.0,,,0.881,53805.0,,,,
0.886,55271.0,,,0.893,53814.0,,,,
0.9,55239.0,,,0.907,53807.0,,,,
0.912,55262.0,,,0.919,53803.0,,,,
0.925,55249.0,,,0.93,53819.0,,,,
0.937,55244.0,,,0.944,53803.0,,,,
0.951,55248.0,,,0.956,53834.0,,,,
0.963,55247.0,,,0.969,53783.0,,,,
0.975,55257.0,,,0.982,53798.0,,,,
0.989,55242.0,,,0.994,53800.0,,,,
1.0,55188.0,,,1.006,53787.0,,,,
1.011,55209.0,,,1.015,53792.0,,,,
1.021,55363.0,,,1.027,53783.0,,,,
1.034,55272.0,,,1.038,53798.0,,,,
1.044,55273.0,,,1.049,53831.0,,,,
1.056,55246.0,,,1.06,53800.0,,,,
1.067,54670.0,,,1.071,54126.0,,,,
1.076,55882.0,,,1.082,53796.0,,,,
1.086,55246.0,,,1.091,53508.0,,,,
1.095,55264.0,,,1.101,53828.0,,,,
1.106,55262.0,,,1.114,53822.0,,,,
1.119,55280.0,,,1.124,53787.0,,,,
1.129,55249.0,,,1.136,53972.0,,,,
1.142,55276.0,,,1.149,53704.0,,,,
1.154,55271.0,,,1.16,53823.0,,,,
1.165,55246.0,,,1.171,53807.0,,,,
1.176,55268.0,,,1.18,53820.0,,,,
1.187,55272.0,,,1.193,53827.0,,,,
1.199,55278.0,,,1.204,53810.0,,,,
1.21,55273.0,,,1.216,53815.0,,,,
1.222,55231.0,,,1.226,53824.0,,,,
1.232,55264.0,,,1.239,53821.0,,,,
1.245,55223.0,,,1.249,53804.0,,,,
1.255,55261.0,,,1.261,53821.0,,,,
1.268,55252.0,,,1.274,53840.0,,,,
1.28,55272.0,,,1.287,53828.0,,,,
1.293,55288.0,,,1.298,53836.0,,,,
1.305,55282.0,,,1.311,53827.0,,,,
1.318,55275.0,,,1.325,53851.0,,,,
1.331,55293.0,,,1.337,53845.0,,,,
1.343,55282.0,,,1.348,53846.0,,,,
1.352,55288.0,,,1.359,53840.0,,,,
1.366,55205.0,,,1.371,53830.0,,,,
1.377,55286.0,,,1.381,53851.0,,,,
1.386,55378.0,,,1.392,53824.0,,,,
1.399,55292.0,,,1.403,53835.0,,,,
1.409,55303.0,,,1.415,53863.0,,,,
1.422,55296.0,,,1.426,53824.0,,,,
1.432,54707.0,,,1.436,54129.0,,,,
1.441,55919.0,,,1.447,53979.0,,,,
1.452,55300.0,,,1.457,53447.0,,,,
1.461,55316.0,,,1.467,53843.0,,,,
1.472,55306.0,,,1.479,53841.0,,,,
1.485,55298.0,,,1.492,53880.0,,,,
1.497,55307.0,,,1.502,54053.0,,,,
1.508,55311.0,,,1.515,53721.0,,,,
1.519,55306.0,,,1.524,53874.0,,,,
1.53,55323.0,,,1.537,53857.0,,,,
1.542,55332.0,,,1.546,53868.0,,,,
1.553,55310.0,,,1.559,53869.0,,,,
1.564,55312.0,,,1.568,53867.0,,,,
1.575,55319.0,,,1.582,53878.0,,,,
1.587,55308.0,,,1.591,53883.0,,,,
1.598,55329.0,,,1.604,53886.0,,,,
1.611,55343.0,,,1.616,53873.0,,,,
1.623,55301.0,,,1.63,53892.0,,,,
1.635,55326.0,,,,,,,,
0.244,51438.0,0.244,51438.0,0.25,54892.0,0.25,54892.0,0.007000000000000006,2.457142857142855
0.254,51444.0,0.254,51444.0,0.261,54895.0,0.261,54895.0,,
0.268,51376.0,,,0.272,54879.0,,,,
0.278,51417.0,,,0.283,54891.0,,,,
0.29,51453.0,,,0.294,54885.0,,,,
0.301,51459.0,,,0.306,54900.0,,,,
0.313,51428.0,,,0.319,54865.0,,,,
0.325,51292.0,,,0.33,54888.0,,,,
0.335,51295.0,,,0.34,55368.0,,,,
0.345,51772.0,,,0.351,54414.0,,,,
0.356,51449.0,,,0.363,54905.0,,,,
0.367,51437.0,,,0.373,54908.0,,,,
0.378,51447.0,,,0.386,54900.0,,,,
0.392,51439.0,,,0.399,55070.0,,,,
0.403,51443.0,,,0.408,54771.0,,,,
0.414,51469.0,,,0.421,54912.0,,,,
0.427,51451.0,,,0.434,54925.0,,,,
0.439,51451.0,,,0.445,54929.0,,,,
0.451,51459.0,,,0.455,54911.0,,,,
0.461,51453.0,,,0.467,54934.0,,,,
0.475,51468.0,,,0.48,54921.0,,,,
0.487,51465.0,,,0.493,54922.0,,,,
0.498,51434.0,,,0.503,54920.0,,,,
0.509,51456.0,,,0.516,54934.0,,,,
0.523,51473.0,,,0.528,54955.0,,,,
0.534,51462.0,,,0.541,54941.0,,,,
0.546,51460.0,,,0.553,54940.0,,,,
0.56,51471.0,,,0.565,54941.0,,,,
0.569,51462.0,,,0.576,54936.0,,,,
0.582,51494.0,,,0.589,54948.0,,,,
0.594,51468.0,,,0.601,54936.0,,,,
0.605,51472.0,,,0.611,54948.0,,,,
0.617,51483.0,,,0.623,54945.0,,,,
0.628,51391.0,,,0.633,54962.0,,,,
0.641,51622.0,,,0.645,54928.0,,,,
0.651,51454.0,,,0.656,54941.0,,,,
0.663,51498.0,,,0.669,54965.0,,,,
0.676,51468.0,,,0.68,54986.0,,,,
0.686,51190.0,,,0.692,55019.0,,,,
0.698,51919.0,,,0.703,55319.0,,,,
0.708,51503.0,,,0.713,54547.0,,,,
0.717,51489.0,,,0.723,54957.0,,,,
0.729,51498.0,,,0.736,54956.0,,,,
0.742,51461.0,,,0.749,54954.0,,,,
0.753,51483.0,,,0.758,55119.0,,,,
0.764,51528.0,,,0.772,54815.0,,,,
0.777,51484.0,,,0.784,54935.0,,,,
0.79,51471.0,,,0.795,54936.0,,,,
0.801,51465.0,,,0.806,54896.0,,,,
0.812,51453.0,,,0.818,54904.0,,,,
0.825,51457.0,,,0.83,54919.0,,,,
0.837,51456.0,,,0.843,54928.0,,,,
0.848,51439.0,,,0.854,54919.0,,,,
0.86,51458.0,,,0.866,54926.0,,,,
0.873,51461.0,,,0.878,54910.0,,,,
0.884,51447.0,,,0.891,54905.0,,,,
0.897,51464.0,,,0.904,54895.0,,,,
0.91,51466.0,,,0.917,54904.0,,,,
0.922,51463.0,,,0.928,54879.0,,,,
0.932,51446.0,,,0.94,54912.0,,,,
0.945,51466.0,,,0.951,54897.0,,,,
0.955,51469.0,,,0.961,54909.0,,,,
0.967,51485.0,,,0.973,54913.0,,,,
0.978,51442.0,,,0.984,54905.0,,,,
0.991,51322.0,,,0.997,54903.0,,,,
1.004,51532.0,,,1.008,54899.0,,,,
1.013,51484.0,,,1.018,54912.0,,,,
1.024,51477.0,,,1.029,54870.0,,,,
1.036,51479.0,,,1.041,54928.0,,,,
1.046,51024.0,,,1.052,55352.0,,,,
1.058,51995.0,,,1.063,54537.0,,,,
1.069,51489.0,,,1.073,54875.0,,,,
1.079,51494.0,,,1.084,54908.0,,,,
1.088,51471.0,,,1.094,54917.0,,,,
1.099,51482.0,,,1.106,54903.0,,,,
1.111,51478.0,,,1.117,55060.0,,,,
1.122,51484.0,,,1.129,54791.0,,,,
1.134,51495.0,,,1.139,54923.0,,,,
1.144,51492.0,,,1.15,54915.0,,,,
1.157,51497.0,,,1.161,54915.0,,,,
1.167,51490.0,,,1.173,54911.0,,,,
1.179,51496.0,,,1.183,54910.0,,,,
1.19,51517.0,,,1.196,54921.0,,,,
1.203,51498.0,,,1.209,54929.0,,,,
1.214,51513.0,,,1.221,54941.0,,,,
1.227,51514.0,,,1.234,54938.0,,,,
1.241,51513.0,,,1.246,54903.0,,,,
1.253,51522.0,,,1.259,54923.0,,,,
1.266,51541.0,,,1.271,54937.0,,,,
1.277,51536.0,,,1.284,54938.0,,,,
1.288,51524.0,,,1.294,54943.0,,,,
1.3,51522.0,,,1.306,54952.0,,,,
1.31,51539.0,,,1.317,54971.0,,,,
1.323,51520.0,,,1.329,54953.0,,,,
1.333,51522.0,,,1.338,54952.0,,,,
1.344,51398.0,,,1.349,54957.0,,,,
1.356,51693.0,,,1.36,54936.0,,,,
1.367,51540.0,,,1.372,54962.0,,,,
1.379,51542.0,,,1.384,54975.0,,,,
1.389,51551.0,,,1.393,54968.0,,,,
1.398,51332.0,,,1.404,55001.0,,,,
1.412,51956.0,,,1.416,55375.0,,,,
1.422,51616.0,,,1.427,54714.0,,,,
1.434,51565.0,,,1.438,54981.0,,,,
1.444,51567.0,,,1.448,54982.0,,,,
1.454,51545.0,,,1.46,54974.0,,,,
1.464,51562.0,,,1.469,55126.0,,,,
1.475,51558.0,,,1.482,54820.0,,,,
1.487,51582.0,,,1.494,54998.0,,,,
1.499,51579.0,,,1.504,55000.0,,,,
1.51,51581.0,,,1.516,54998.0,,,,
1.522,51612.0,,,1.526,54996.0,,,,
1.532,51600.0,,,1.539,54999.0,,,,
1.545,51606.0,,,1.549,54997.0,,,,
1.556,51609.0,,,1.561,54980.0,,,,
1.567,51576.0,,,1.571,55006.0,,,,
1.579,51611.0,,,1.584,54986.0,,,,
1.59,51562.0,,,1.597,54978.0,,,,
1.602,51600.0,,,1.609,54975.0,,,,
1.615,51579.0,,,1.622,54995.0,,,,
1.628,51588.0,,,1.634,54939.0,,,,
1.641,51517.0,,,,,,,,
0.245,52548.0,0.245,52548.0,0.25,57404.0,0.25,57404.0,0.0050000000000000044,3.439999999999997
0.258,52561.0,,,0.264,57398.0,0.264,57398.0,,
0.271,52555.0,,,0.275,57362.0,,,,
0.28,52372.0,,,0.285,57384.0,,,,
0.292,52651.0,,,0.299,57408.0,,,,
0.306,52538.0,,,0.311,57319.0,,,,
0.318,52534.0,,,0.322,57354.0,,,,
0.328,52497.0,,,0.333,57351.0,,,,
0.337,51988.0,,,0.343,57721.0,,,,
0.349,53105.0,,,0.353,57243.0,,,,
0.358,52531.0,,,0.363,57176.0,,,,
0.367,52532.0,,,0.373,57335.0,,,,
0.378,52510.0,,,0.386,57334.0,,,,
0.391,52502.0,,,0.398,57363.0,,,,
0.404,52495.0,,,0.411,57309.0,,,,
0.416,52523.0,,,0.423,57348.0,,,,
0.43,52528.0,,,0.436,57348.0,,,,
0.441,52521.0,,,0.446,57291.0,,,,
0.451,52528.0,,,0.458,57307.0,,,,
0.464,52523.0,,,0.472,57319.0,,,,
0.477,52527.0,,,0.483,57291.0,,,,
0.489,52532.0,,,0.495,57301.0,,,,
0.502,52526.0,,,0.507,57321.0,,,,
0.515,52526.0,,,0.521,57306.0,,,,
0.527,52529.0,,,0.533,57304.0,,,,
0.54,52531.0,,,0.545,57287.0,,,,
0.551,52512.0,,,0.559,57292.0,,,,
0.564,52505.0,,,0.571,57302.0,,,,
0.577,52540.0,,,0.583,57295.0,,,,
0.589,52528.0,,,0.595,57301.0,,,,
0.601,52552.0,,,0.606,57293.0,,,,
0.613,52538.0,,,0.619,57284.0,,,,
0.625,52540.0,,,0.631,57305.0,,,,
0.638,52377.0,,,0.643,57304.0,,,,
0.648,52695.0,,,0.654,57268.0,,,,
0.661,52536.0,,,0.666,57292.0,,,,
0.673,52546.0,,,0.677,57267.0,,,,
0.683,52532.0,,,0.689,57317.0,,,,
0.693,52018.0,,,0.698,57392.0,,,,
0.704,53094.0,,,0.708,57606.0,,,,
0.713,52541.0,,,0.718,56880.0,,,,
0.722,52579.0,,,0.729,57326.0,,,,
0.734,52508.0,,,0.738,57301.0,,,,
0.743,52556.0,,,0.749,57293.0,,,,
0.753,52558.0,,,0.758,57430.0,,,,
0.763,52562.0,,,0.771,57139.0,,,,
0.777,52548.0,,,0.784,57266.0,,,,
0.789,52563.0,,,0.796,57299.0,,,,
0.802,52580.0,,,0.808,57287.0,,,,
0.815,52572.0,,,0.82,57311.0,,,,
0.827,52574.0,,,0.833,57305.0,,,,
0.84,52571.0,,,0.845,57299.0,,,,
0.852,52582.0,,,0.859,57329.0,,,,
0.864,52596.0,,,0.868,57289.0,,,,
0.875,52586.0,,,0.88,57307.0,,,,
0.887,52590.0,,,0.893,57318.0,,,,
0.9,52583.0,,,0.906,57286.0,,,,
0.913,52595.0,,,0.918,57306.0,,,,
0.925,52599.0,,,0.931,57288.0,,,,
0.939,52579.0,,,0.944,57263.0,,,,
0.951,52558.0,,,0.956,57286.0,,,,
0.963,52561.0,,,0.969,57281.0,,,,
0.974,52551.0,,,0.98,57248.0,,,,
0.986,52560.0,,,0.992,57250.0,,,,
0.998,52380.0,,,1.004,57236.0,,,,
1.011,52651.0,,,1.015,57242.0,,,,
1.02,52553.0,,,1.027,57244.0,,,,
1.034,52541.0,,,1.038,57256.0,,,,
1.043,52551.0,,,1.049,57260.0,,,,
1.056,52017.0,,,1.06,57597.0,,,,
1.065,53120.0,,,1.072,57112.0,,,,
1.076,52591.0,,,1.081,57037.0,,,,
1.087,52536.0,,,1.094,57233.0,,,,
1.098,52563.0,,,1.103,57206.0,,,,
1.11,52535.0,,,1.117,57252.0,,,,
1.122,52538.0,,,1.129,57243.0,,,,
1.133,52550.0,,,1.139,57069.0,,,,
1.144,52546.0,,,1.152,57240.0,,,,
1.158,52554.0,,,1.163,57226.0,,,,
1.169,52560.0,,,1.174,57196.0,,,,
1.18,52554.0,,,1.185,57222.0,,,,
1.192,52548.0,,,1.199,57231.0,,,,
1.204,52574.0,,,1.208,57190.0,,,,
1.215,52553.0,,,1.221,57225.0,,,,
1.228,52561.0,,,1.233,57215.0,,,,
1.24,52579.0,,,1.247,57227.0,,,,
1.252,52574.0,,,1.259,57224.0,,,,
1.265,52568.0,,,1.272,57221.0,,,,
1.277,52576.0,,,1.284,57229.0,,,,
1.291,52564.0,,,1.296,57220.0,,,,
1.303,52559.0,,,1.309,57213.0,,,,
1.316,52583.0,,,1.321,57224.0,,,,
1.329,52566.0,,,1.335,57221.0,,,,
1.34,52559.0,,,1.346,57239.0,,,,
1.351,52504.0,,,1.357,57234.0,,,,
1.363,52684.0,,,1.369,57220.0,,,,
1.374,52595.0,,,1.38,57218.0,,,,
1.386,52560.0,,,1.391,57229.0,,,,
1.396,52548.0,,,1.402,57221.0,,,,
1.409,52465.0,,,1.414,57229.0,,,,
1.419,52256.0,,,1.424,57813.0,,,,
1.431,52719.0,,,1.436,56677.0,,,,
1.441,52561.0,,,1.446,57255.0,,,,
1.452,52544.0,,,1.457,57244.0,,,,
1.462,52570.0,,,1.469,57239.0,,,,
1.474,52590.0,,,1.479,57369.0,,,,
1.484,52572.0,,,1.491,57060.0,,,,
1.498,52582.0,,,1.505,57275.0,,,,
1.51,52568.0,,,1.516,57258.0,,,,
1.521,52591.0,,,1.527,57275.0,,,,
1.532,52590.0,,,1.539,57280.0,,,,
1.546,52578.0,,,1.551,57267.0,,,,
1.557,52613.0,,,1.561,57264.0,,,,
1.568,52584.0,,,1.573,57270.0,,,,
1.581,52590.0,,,1.587,57290.0,,,,
1.592,52591.0,,,1.599,57284.0,,,,
1.605,52587.0,,,1.612,57269.0,,,,
1.617,52596.0,,,1.624,57273.0,,,,
1.628,52579.0,,,1.635,57303.0,,,,
1.64,52602.0,,,1.646,57303.0,,,,
1.65,52582.0,,,1.657,57302.0,,,,
1.662,52605.0,,,,,,,,
0.244,53604.0,0.244,53604.0,0.251,50043.0,0.251,50043.0,0.006000000000000005,2.866666666666664
0.257,53623.0,0.257,53623.0,0.263,50023.0,0.263,50023.0,,
0.268,53537.0,,,0.273,50002.0,,,,
0.28,53447.0,,,0.286,50024.0,,,,
0.293,53681.0,,,0.297,50063.0,,,,
0.303,53549.0,,,0.309,50013.0,,,,
0.315,53585.0,,,0.321,50035.0,,,,
0.328,53610.0,,,0.332,50022.0,,,,
0.337,53081.0,,,0.344,50469.0,,,,
0.348,54156.0,,,0.353,49635.0,,,,
0.359,53641.0,,,0.365,50015.0,,,,
0.37,53590.0,,,0.375,50015.0,,,,
0.38,53601.0,,,0.386,50011.0,,,,
0.391,53639.0,,,0.396,50015.0,,,,
0.4,53563.0,,,0.406,50168.0,,,,
0.411,53610.0,,,0.418,49890.0,,,,
0.423,53619.0,,,0.431,50016.0,,,,
0.437,53585.0,,,0.444,50045.0,,,,
0.449,53583.0,,,0.455,50037.0,,,,
0.46,53647.0,,,0.466,50040.0,,,,
0.472,53619.0,,,0.479,50023.0,,,,
0.484,53552.0,,,0.49,50055.0,,,,
0.497,53622.0,,,0.502,50033.0,,,,
0.509,53625.0,,,0.516,50044.0,,,,
0.521,53556.0,,,0.525,50032.0,,,,
0.532,53577.0,,,0.538,50062.0,,,,
0.544,53620.0,,,0.55,50064.0,,,,
0.558,53636.0,,,0.563,50040.0,,,,
0.57,53570.0,,,0.576,50045.0,,,,
0.583,53563.0,,,0.588,50041.0,,,,
0.594,53615.0,,,0.602,50063.0,,,,
0.607,53615.0,,,0.613,50041.0,,,,
0.618,53558.0,,,0.623,50051.0,,,,
0.63,53595.0,,,0.636,50065.0,,,,
0.644,53649.0,,,0.648,50051.0,,,,
0.653,53609.0,,,0.659,50030.0,,,,
0.666,53584.0,,,0.671,50028.0,,,,
0.678,53623.0,,,0.683,50034.0,,,,
0.689,53565.0,,,0.694,50036.0,,,,
0.698,53078.0,,,0.703,50501.0,,,,
0.709,53948.0,,,0.716,49516.0,,,,
0.72,53547.0,,,0.726,50023.0,,,,
0.732,53614.0,,,0.736,50041.0,,,,
0.741,53618.0,,,0.746,50035.0,,,,
0.75,53592.0,,,0.756,50032.0,,,,
0.761,53601.0,,,0.769,50130.0,,,,
0.774,53578.0,,,0.781,49953.0,,,,
0.787,53582.0,,,0.794,50045.0,,,,
0.799,53547.0,,,0.805,50045.0,,,,
0.811,53623.0,,,0.817,50070.0,,,,
0.822,53599.0,,,0.829,50027.0,,,,
0.835,53536.0,,,0.84,50062.0,,,,
0.847,53581.0,,,0.854,50045.0,,,,
0.86,53618.0,,,0.866,50044.0,,,,
0.871,53543.0,,,0.876,50049.0,,,,
0.882,53554.0,,,0.888,50015.0,,,,
0.896,53626.0,,,0.901,50025.0,,,,
0.908,53611.0,,,0.914,50051.0,,,,
0.92,53560.0,,,0.926,50042.0,,,,
0.933,53531.0,,,0.939,50045.0,,,,
0.945,53625.0,,,0.952,50044.0,,,,
0.957,53616.0,,,0.963,50039.0,,,,
0.968,53522.0,,,0.974,50034.0,,,,
0.98,53596.0,,,0.987,50037.0,,,,
0.994,53566.0,,,0.998,50024.0,,,,
1.003,53471.0,,,1.009,50024.0,,,,
1.016,53589.0,,,1.02,50026.0,,,,
1.026,53614.0,,,1.032,50032.0,,,,
1.039,53570.0,,,1.043,50051.0,,,,
1.048,53555.0,,,1.054,50041.0,,,,
1.061,53249.0,,,1.065,50599.0,,,,
1.072,54027.0,,,1.077,49513.0,,,,
1.084,53561.0,,,1.088,50040.0,,,,
1.094,53620.0,,,1.099,50027.0,,,,
1.103,53522.0,,,1.11,50061.0,,,,
1.115,53566.0,,,1.122,50153.0,,,,
1.126,53611.0,,,1.132,50017.0,,,,
1.137,53567.0,,,1.144,50066.0,,,,
1.148,53584.0,,,1.155,50040.0,,,,
1.16,53607.0,,,1.167,50069.0,,,,
1.173,53605.0,,,1.178,50083.0,,,,
1.184,53536.0,,,1.188,50066.0,,,,
1.196,53590.0,,,1.201,50084.0,,,,
1.207,53613.0,,,1.211,50041.0,,,,
1.218,53539.0,,,1.223,50083.0,,,,
1.23,53576.0,,,1.236,50072.0,,,,
1.242,53594.0,,,1.249,50083.0,,,,
1.255,53587.0,,,1.262,50085.0,,,,
1.267,53540.0,,,1.273,50096.0,,,,
1.281,53564.0,,,1.287,50068.0,,,,
1.293,53614.0,,,1.299,50068.0,,,,
1.306,53565.0,,,1.312,50073.0,,,,
1.317,53497.0,,,1.324,50060.0,,,,
1.329,53579.0,,,1.335,50070.0,,,,
1.34,53573.0,,,1.346,50058.0,,,,
1.351,53477.0,,,1.357,50060.0,,,,
1.364,53658.0,,,1.369,50059.0,,,,
1.374,53611.0,,,1.38,50061.0,,,,
1.387,53533.0,,,1.391,50033.0,,,,
1.396,53558.0,,,1.402,50033.0,,,,
1.41,53529.0,,,1.414,50047.0,,,,
1.419,53034.0,,,1.423,50602.0,,,,
1.429,54110.0,,,1.434,49570.0,,,,
1.438,53543.0,,,1.444,50018.0,,,,
1.449,53529.0,,,1.457,50065.0,,,,
1.461,53559.0,,,1.467,50049.0,,,,
1.472,53550.0,,,1.479,50091.0,,,,
1.483,53556.0,,,1.489,50111.0,,,,
1.495,53551.0,,,1.502,50022.0,,,,
1.508,53549.0,,,1.513,50062.0,,,,
1.519,53489.0,,,1.524,50034.0,,,,
1.53,53539.0,,,1.536,50048.0,,,,
1.542,53562.0,,,1.546,50009.0,,,,
1.553,53514.0,,,1.559,50036.0,,,,
1.565,53510.0,,,1.571,50054.0,,,,
1.577,53525.0,,,1.582,50062.0,,,,
1.588,53531.0,,,1.594,50056.0,,,,
1.6,53512.0,,,1.607,50036.0,,,,
1.612,53559.0,,,1.619,50042.0,,,,
1.626,53572.0,,,1.631,50025.0,,,,
1.638,53541.0,,,1.644,50028.0,,,,
1.651,53501.0,,,,,,,,
0.242,49821.0,0.242,49821.0,0.247,52132.0,0.247,52132.0,0.0050000000000000044,3.439999999999997
0.252,49825.0,0.252,49825.0,0.259,52127.0,,,,
0.266,49698.0,,,0.27,52106.0,,,,
0.275,49900.0,,,0.281,52147.0,,,,
0.288,49813.0,,,0.292,52154.0,,,,
0.299,49795.0,,,0.304,52088.0,,,,
0.311,49785.0,,,0.315,52140.0,,,,
0.321,49417.0,,,0.325,52189.0,,,,
0.33,50180.0,,,0.336,52118.0,,,,
0.344,49799.0,,,0.348,51930.0,,,,
0.353,49798.0,,,0.359,52084.0,,,,
0.363,49787.0,,,0.368,52122.0,,,,
0.374,49801.0,,,0.381,52107.0,,,,
0.386,49812.0,,,0.391,52266.0,,,,
0.397,49797.0,,,0.402,52040.0,,,,
0.408,49807.0,,,0.414,52132.0,,,,
0.419,49808.0,,,0.425,52125.0,,,,
0.431,49797.0,,,0.435,52126.0,,,,
0.442,49792.0,,,0.448,52138.0,,,,
0.453,49809.0,,,0.457,52131.0,,,,
0.464,49805.0,,,0.471,52138.0,,,,
0.476,49828.0,,,0.48,52138.0,,,,
0.487,49805.0,,,0.493,52148.0,,,,
0.5,49790.0,,,0.505,52146.0,,,,
0.512,49793.0,,,0.519,52150.0,,,,
0.524,49809.0,,,0.53,52132.0,,,,
0.537,49811.0,,,0.543,52114.0,,,,
0.55,49809.0,,,0.556,52136.0,,,,
0.563,49763.0,,,0.569,52141.0,,,,
0.574,49798.0,,,0.58,52142.0,,,,
0.585,49796.0,,,0.591,52158.0,,,,
0.596,49804.0,,,0.603,52144.0,,,,
0.609,49801.0,,,0.614,52156.0,,,,
0.621,49789.0,,,0.625,52147.0,,,,
0.631,49842.0,,,0.635,52157.0,,,,
0.641,49788.0,,,0.647,52154.0,,,,
0.654,49797.0,,,0.658,52147.0,,,,
0.663,49809.0,,,0.669,52132.0,,,,
0.676,49618.0,,,0.68,52685.0,,,,
0.686,50105.0,,,0.691,51654.0,,,,
0.696,49821.0,,,0.701,52148.0,,,,
0.705,49799.0,,,0.711,52149.0,,,,
0.716,49817.0,,,0.723,52177.0,,,,
0.729,49786.0,,,0.734,52232.0,,,,
0.739,49810.0,,,0.746,52015.0,,,,
0.751,49817.0,,,0.756,52154.0,,,,
0.762,49808.0,,,0.768,52155.0,,,,
0.774,49830.0,,,0.778,52141.0,,,,
0.785,49818.0,,,0.79,52165.0,,,,
0.796,49817.0,,,0.8,52157.0,,,,
0.807,49816.0,,,0.813,52171.0,,,,
0.819,49811.0,,,0.823,52132.0,,,,
0.83,49817.0,,,0.836,52147.0,,,,
0.842,49814.0,,,0.848,52165.0,,,,
0.855,49822.0,,,0.862,52156.0,,,,
0.867,49821.0,,,0.873,52182.0,,,,
0.88,49818.0,,,0.885,52162.0,,,,
0.892,49851.0,,,0.899,52157.0,,,,
0.906,49841.0,,,0.912,52173.0,,,,
0.917,49827.0,,,0.923,52173.0,,,,
0.927,49827.0,,,0.934,52151.0,,,,
0.94,49829.0,,,0.946,52166.0,,,,
0.95,49830.0,,,0.956,52165.0,,,,
0.961,49715.0,,,0.966,52145.0,,,,
0.973,49978.0,,,0.978,52170.0,,,,
0.984,49811.0,,,0.989,52150.0,,,,
0.996,49785.0,,,1.001,52151.0,,,,
1.006,49846.0,,,1.01,52161.0,,,,
1.016,49556.0,,,1.02,52167.0,,,,
1.026,49979.0,,,1.032,52459.0,,,,
1.039,49820.0,,,1.043,51758.0,,,,
1.049,49827.0,,,1.053,52165.0,,,,
1.058,49837.0,,,1.063,52150.0,,,,
1.069,49850.0,,,1.074,52160.0,,,,
1.079,49832.0,,,1.084,52246.0,,,,
1.089,49824.0,,,1.097,52025.0,,,,
1.101,49824.0,,,1.105,52155.0,,,,
1.111,49816.0,,,1.117,52161.0,,,,
1.122,49817.0,,,1.128,52167.0,,,,
1.134,49851.0,,,1.138,52163.0,,,,
1.145,49824.0,,,1.15,52157.0,,,,
1.157,49816.0,,,1.164,52165.0,,,,
1.17,49814.0,,,1.177,52119.0,,,,
1.182,49829.0,,,1.188,52147.0,,,,
1.195,49783.0,,,1.202,52160.0,,,,
1.207,49816.0,,,1.213,52148.0,,,,
1.22,49836.0,,,1.226,52146.0,,,,
1.233,49795.0,,,1.239,52152.0,,,,
1.245,49823.0,,,1.251,52164.0,,,,
1.255,49824.0,,,1.262,52155.0,,,,
1.267,49834.0,,,1.273,52161.0,,,,
1.281,49847.0,,,1.287,52138.0,,,,
1.294,49823.0,,,1.299,52165.0,,,,
1.305,49814.0,,,1.311,52170.0,,,,
1.315,49705.0,,,1.32,52162.0,,,,
1.327,49954.0,,,1.331,52176.0,,,,
1.336,49830.0,,,1.342,52167.0,,,,
1.349,49799.0,,,1.353,52154.0,,,,
1.359,49827.0,,,1.363,52159.0,,,,
1.369,49502.0,,,1.374,52162.0,,,,
1.379,50064.0,,,1.385,52470.0,,,,
1.391,49817.0,,,1.396,51807.0,,,,
1.401,49861.0,,,1.405,52156.0,,,,
1.412,49815.0,,,1.416,52169.0,,,,
1.421,49812.0,,,1.427,52184.0,,,,
1.431,49820.0,,,1.437,52267.0,,,,
1.442,49819.0,,,1.448,52018.0,,,,
1.454,49815.0,,,1.459,52175.0,,,,
1.464,49831.0,,,1.47,52151.0,,,,
1.475,49830.0,,,1.481,52173.0,,,,
1.486,49824.0,,,1.491,52164.0,,,,
1.497,49830.0,,,1.501,52158.0,,,,
1.508,49832.0,,,1.514,52162.0,,,,
1.519,49786.0,,,1.524,52166.0,,,,
1.53,49836.0,,,1.537,52168.0,,,,
1.543,49798.0,,,1.55,52160.0,,,,
1.555,49831.0,,,1.561,52205.0,,,,
1.568,49848.0,,,1.574,52161.0,,,,
1.581,49798.0,,,1.587,52180.0,,,,
1.593,49836.0,,,1.599,52205.0,,,,
1.605,49836.0,,,1.611,52145.0,,,,
1.618,49826.0,,,,,,,,
